ORIENTATION_X,ORIENTATION_Y,ORIENTATION_Z
-78.3,-33.8,262.3
-79.6,-25.9,272.6
-79.4,-24.5,271.7
-79.8,-30.8,269.3
-83.0,-25.9,275.8
-82.1,-33.6,266.8
-79.8,-33.6,268.4
-80.9,-28.0,274.4
-82.3,-34.6,269.5
-82.2,-37.0,271.4
-81.9,-45.9,265.7
-81.5,-57.0,256.6
-80.8,-49.5,264.5
-82.5,-45.5,267.7
-80.4,-45.6,269.7
-78.8,-43.5,273.9
-81.2,-45.1,269.3
-81.5,-46.4,269.6
-80.3,-38.7,272.9
-80.5,-30.7,283.8
-81.1,-26.9,289.2
-82.3,-30.5,284.1
-83.7,-33.2,279.9
-83.8,-37.9,273.9
-83.6,-43.5,271.5
-82.3,-37.7,274.3
-81.9,-30.6,279.8
-82.1,-27.2,282.7
-82.5,-21.8,287.4
-83.2,-20.3,288.1
-81.5,-13.4,295.6
-81.2,-12.4,297.2
-81.5,-16.5,293.1
-82.7,-20.7,289.6
-85.3,-26.3,285.5
-86.4,-33.0,279.5
-86.3,-27.3,284.1
-84.6,-30.5,284.4
-83.8,-24.2,291.2
-84.1,-22.6,293.3
-84.4,-16.7,298.4
-83.6,-8.3,309.0
-82.0,2.3,319.7
-83.8,11.4,323.0
-81.5,-4.8,310.5
-80.7,-6.9,307.9
-81.0,-10.4,306.6
-82.2,-13.6,304.8
-81.4,-26.7,290.9
-82.2,-33.0,289.3
-82.7,-30.9,291.8
-83.3,-33.2,289.8
-84.7,-42.6,280.0
-85.2,-56.9,263.7
-85.2,-17.5,302.6
-83.2,-27.3,289.2
-82.5,-21.7,292.1
-82.4,-14.6,295.0
-84.1,-3.5,299.4
-84.3,-10.9,291.1
-84.9,-11.8,287.8
-84.9,-11.8,289.1
-85.3,2.1,298.8
-85.4,4.8,299.5
-85.9,-3.6,289.7
-86.4,-6.5,287.0
-86.9,0.7,290.2
-84.3,2.2,289.4
-85.5,-0.6,288.9
-87.3,-11.4,277.7
-88.3,-21.8,268.5
-89.6,-14.7,276.0
-88.3,-9.7,281.2
-87.6,-32.7,260.7
-88.4,-21.2,270.7
-89.0,-10.8,281.5
-89.2,19.8,310.9
-89.5,-98.2,190.2
-86.7,-17.5,271.5
-85.4,-13.6,274.4
-85.5,-15.8,269.4
-86.7,-12.4,275.1
-86.2,-19.4,267.9
-84.7,-19.2,268.6
-84.4,-10.0,277.5
-85.6,-17.1,271.2
-86.1,-29.5,259.3
-86.9,-36.4,251.4
-87.4,-32.0,257.7
-86.5,-22.0,269.1
-84.7,-20.5,268.6
-84.8,-21.9,269.6
-86.2,-24.3,267.6
-87.2,-45.0,248.2
-87.3,-29.2,264.0
-86.3,-28.0,266.7
-85.6,-28.8,266.8
-85.1,-43.4,254.2
-85.5,-51.4,246.6
-86.8,-63.1,234.6
-86.7,-51.0,247.8
-87.7,-54.8,241.1
-85.1,-35.8,258.6
-85.0,-35.6,258.3
-85.6,-43.3,250.3
-87.1,-58.9,231.5
-87.7,-62.1,232.4
-87.9,-56.6,239.5
-88.1,-52.2,245.4
-88.4,-39.8,259.3
-88.8,-75.9,222.3
-88.4,-101.5,196.9
-87.8,-124.0,179.2
-87.0,-119.3,183.8
-87.1,-100.4,199.9
-88.3,-112.1,185.8
-88.7,164.4,101.9
-87.1,142.1,72.6
-86.6,124.8,48.3
-86.3,118.8,30.1
-87.2,74.7,337.0
-87.2,72.0,329.4
-88.2,47.6,303.4
-88.0,-43.0,214.7
-88.3,-86.8,178.3
-86.8,-127.9,152.7
-87.8,-121.9,164.4
-87.6,-71.2,229.2
-87.6,-82.1,225.3
-87.4,-97.7,216.3
-88.0,-156.3,161.3
-89.0,102.0,55.4
-87.6,99.9,51.8
-86.3,20.2,320.9
-85.7,25.5,319.8
-86.2,19.4,309.0
-87.2,27.2,312.6
-87.6,31.8,317.5
-86.4,-4.6,275.4
-83.1,-8.4,269.8
-82.4,-13.1,263.1
-82.5,-20.8,255.5
-84.2,-25.4,253.4
-83.5,-27.2,253.1
-83.9,-27.8,255.5
-83.4,-23.9,259.0
-84.0,-25.8,257.5
-83.5,-25.2,255.0
-83.3,-16.5,258.7
-82.9,-13.9,257.6
-81.5,-9.6,254.5
-78.4,-0.6,255.6
-77.4,4.5,256.6
-77.3,3.8,255.9
-79.3,4.0,250.3
-81.6,5.8,249.2
-83.0,19.8,260.5
-81.3,5.1,247.4
-79.1,-13.0,228.6
-78.3,-15.8,225.2
-78.6,-12.9,227.9
-80.2,-13.4,226.0
-84.0,-23.1,216.2
-82.3,-26.9,211.9
-80.4,-19.4,220.5
-79.4,-20.9,220.1
-79.6,-23.9,219.6
-79.9,-29.1,217.9
-79.4,-31.0,218.7
-78.6,-23.4,232.8
-79.1,-22.1,239.7
-81.0,-27.0,242.2
-81.0,-32.7,236.9
-80.0,-30.1,246.5
-81.4,-31.5,247.4
-79.3,-31.5,250.8
-77.9,-28.5,257.5
-78.7,-28.2,259.9
-80.4,-31.9,260.7
-80.3,-37.5,258.5
-81.0,-41.6,259.0
-80.2,-45.5,261.4
-81.5,-53.8,257.1
-82.4,-65.6,251.5
-80.6,-51.5,269.2
-80.8,-46.5,276.7
-78.9,-41.4,280.8
-78.4,-40.3,280.2
-77.3,-40.1,277.6
-77.2,-42.1,276.5
-81.1,-47.7,271.2
-80.9,-42.7,276.1
-81.3,-35.9,282.3
-81.2,-36.9,283.3
-82.8,-47.2,275.1
-82.8,-52.3,266.6
-82.5,-38.5,283.6
-80.4,-38.5,283.3
-78.6,-31.9,286.0
-79.3,-34.6,280.2
-80.0,-44.7,269.3
-80.3,-54.5,258.6
-82.3,-43.8,267.9
-83.4,-48.3,262.3
-81.7,-46.2,265.3
-82.2,-46.3,261.0
-82.7,-53.6,253.2
-85.0,-81.9,222.5
-84.8,-69.5,230.1
-84.1,-28.7,262.0
-81.8,-18.8,269.7
-80.0,-19.7,266.0
-79.9,-22.3,260.0
-78.8,-18.7,262.5
-78.4,-16.4,263.5
-78.9,-10.3,272.8
-80.7,-2.7,278.5
-80.6,1.6,287.7
-80.4,5.1,289.5
-78.2,0.9,285.2
-77.3,-1.0,281.3
-74.3,-9.2,277.0
-74.7,-2.9,284.4
-74.3,-1.1,285.5
-74.8,1.5,286.2
-74.5,-0.6,284.2
-73.3,-8.2,280.5
-76.3,-3.1,286.5
-76.9,-3.6,285.7
-76.7,-0.6,290.6
-77.8,3.2,291.0
-80.0,3.5,289.8
-80.6,2.3,288.0
-79.0,-4.8,281.1
-77.2,-5.1,282.5
-76.9,-6.4,277.1
-78.1,-12.9,273.8
-77.7,-14.9,270.5
-79.9,-8.8,276.2
-85.6,14.1,297.7
-85.4,-4.6,279.0
-86.4,-31.4,251.9
-89.2,169.9,89.6
-87.7,-161.4,119.2
-88.4,-85.7,195.0
-84.0,-38.0,243.9
-82.4,-36.9,245.7
-83.2,-50.4,231.9
-82.2,-48.8,234.3
-81.7,-35.8,249.5
-82.7,-36.0,250.0
-84.6,-31.9,257.3
-85.0,-21.7,266.8
-85.2,-15.1,273.5
-83.9,-5.1,283.8
-84.0,-22.9,264.8
-81.2,-21.6,265.8
-80.9,-17.3,272.6
-81.1,-22.6,267.9
-84.6,-32.2,262.7
-84.0,-26.0,273.9
-83.5,-22.7,279.0
-83.0,-30.6,277.1
-84.7,-43.5,265.5
-85.9,-68.0,242.0
-84.4,-48.9,261.6
-85.4,-45.4,262.0
-84.6,-42.9,261.3
-81.7,-34.1,269.0
-81.2,-23.0,278.3
-80.2,-31.0,271.1
-81.2,-32.6,268.3
-80.7,-41.8,262.4
-79.1,-42.7,264.6
-81.2,-31.8,277.1
-83.5,-34.6,271.7
-84.1,-46.7,258.8
-84.7,-43.9,258.4
-85.4,-63.9,235.6
-82.6,-48.1,248.5
-79.3,-26.6,266.3
-79.6,-26.4,263.6
-81.7,-42.2,248.1
-80.1,-44.6,246.8
-79.2,-49.1,245.8
-79.6,-49.5,247.2
-78.9,-50.0,252.3
-79.2,-54.9,247.4
-80.6,-60.4,245.3
-83.0,-78.3,224.2
-81.0,-64.3,241.7
-78.9,-58.6,248.1
-78.3,-59.3,248.0
-77.7,-60.9,250.3
-79.2,-62.5,245.6
-77.3,-54.6,253.3
-77.7,-48.7,256.2
-79.3,-48.5,256.4
-80.1,-56.9,247.5
-79.7,-68.4,235.2
-80.0,-70.9,233.0
-82.9,-73.4,228.0
-81.1,-53.4,248.1
-81.6,-47.9,251.0
-82.9,-52.8,245.6
-82.7,-65.2,232.9
-81.3,-70.3,226.0
-81.0,-67.3,228.6
-81.4,-62.6,232.6
-81.2,-61.0,236.1
-81.6,-67.5,231.7
-82.0,-74.9,224.4
-82.6,-75.7,221.1
-82.0,-69.6,224.8
-80.1,-54.3,238.9
-79.0,-45.9,245.1
-79.5,-46.6,241.2
-79.1,-61.9,228.1
-79.1,-62.4,227.4
-77.6,-58.6,231.4
-77.3,-56.1,233.2
-77.9,-57.2,237.7
-79.1,-61.1,234.0
-79.7,-63.3,233.4
-79.8,-64.6,233.1
-79.2,-62.6,233.6
-77.7,-51.3,242.6
-77.2,-44.5,249.0
-78.1,-45.0,248.9
-80.0,-52.2,241.0
-80.0,-61.5,233.5
-80.8,-63.4,235.1
-82.1,-68.5,232.0
-81.5,-66.6,235.5
-81.3,-71.6,232.7
-81.0,-75.1,227.8
-80.2,-83.4,219.7
-80.8,-69.1,228.9
-79.6,-63.6,235.6
-78.9,-68.1,230.2
-78.9,-79.4,218.6
-78.8,-86.2,211.1
-79.1,-85.6,211.7
-80.4,-78.5,218.1
-81.7,-66.6,228.5
-82.4,-64.4,229.3
-83.6,-76.8,218.3
-83.9,-77.8,213.3
-83.0,-77.8,212.0
-82.4,-67.5,219.8
-81.9,-56.5,230.8
-83.1,-59.3,225.7
-82.4,-79.0,206.0
-81.9,-88.2,199.5
-80.7,-83.7,203.3
-81.4,-80.3,209.1
-81.2,-80.9,210.3
-80.6,-85.9,209.2
-79.9,-91.0,206.5
-80.3,-93.5,206.5
-81.6,-98.2,199.2
-81.5,-81.7,213.9
-80.9,-69.6,226.0
-81.7,-74.0,219.0
-81.3,-76.4,217.9
-81.7,-84.2,211.7
-81.2,-82.6,213.9
-81.1,-78.3,218.5
-80.9,-81.7,216.5
-81.0,-88.9,206.1
-81.3,-92.2,200.3
-82.1,-94.5,193.5
-82.6,-87.3,196.7
-81.9,-51.1,229.2
-80.9,-40.0,239.3
-80.7,-41.2,237.9
-81.2,-61.7,217.9
-80.1,-63.1,216.1
-79.4,-57.0,223.1
-80.4,-62.1,215.7
-79.8,-64.5,213.3
-78.8,-69.2,210.7
-80.0,-79.3,201.9
-80.2,-87.0,190.8
-79.5,-67.4,204.2
-76.0,-35.7,234.7
-70.9,-34.7,235.6
-73.9,-42.8,226.0
-74.8,-55.3,218.9
-74.6,-53.5,226.9
-74.8,-51.8,231.9
-77.3,-57.3,233.0
-78.9,-59.5,231.7
-78.6,-60.9,230.0
-80.5,-63.7,224.1
-81.2,-71.7,210.7
-79.8,-60.6,222.9
-80.2,-61.2,219.4
-81.1,-59.5,219.7
-82.6,-65.0,215.4
-80.4,-58.9,224.6
-80.4,-54.6,233.2
-82.1,-64.6,225.2
-83.6,-62.6,229.3
-84.1,-62.3,228.5
-83.3,-57.6,231.9
-83.8,-75.4,209.3
-81.8,-62.0,222.8
-78.8,-45.8,235.8
-78.8,-44.0,237.1
-79.2,-44.1,237.2
-75.0,-47.0,238.7
-75.2,-44.7,247.1
-77.2,-40.3,251.2
-81.0,-38.1,257.0
-81.4,-40.0,256.8
-82.3,-59.2,239.0
-83.1,-67.4,230.8
-82.8,-58.3,239.1
-81.6,-53.9,243.9
-83.1,-63.1,232.3
-83.3,-72.1,225.1
-85.9,-99.1,195.1
-85.9,-78.4,217.6
-85.8,-50.3,246.9
-83.8,-60.9,236.6
-84.3,-58.8,238.4
-84.4,-53.4,240.2
-82.4,-46.9,247.1
-83.3,-60.6,231.9
-82.2,-49.2,241.8
-84.0,-50.8,237.9
-83.0,-41.3,246.5
-82.5,-39.9,247.4
-81.7,-38.0,250.6
-81.2,-37.5,250.2
-80.7,-35.0,252.2
-81.6,-31.3,258.0
-82.9,-27.2,260.7
-84.2,-33.1,257.6
-85.2,-43.7,246.8
-85.1,-38.2,250.4
-84.9,-42.8,244.4
-84.0,-34.0,252.3
-85.2,-42.7,243.1
-85.7,-54.0,232.5
-86.3,-63.5,223.8
-85.6,-53.7,234.2
-85.2,-49.9,236.2
-84.0,-37.9,249.8
-82.8,-27.9,260.2
-83.5,-26.3,261.0
-84.9,-31.7,256.2
-83.9,-34.3,254.4
-84.6,-34.7,253.1
-83.5,-35.9,251.5
-82.7,-31.9,255.8
-83.9,-30.6,257.0
-85.4,-43.1,247.8
-86.6,-50.5,239.6
-85.7,-46.2,243.1
-84.3,-46.1,243.7
-84.0,-33.6,255.8
-84.2,-29.9,260.6
-84.6,-34.6,255.2
-86.0,-58.7,229.8
-85.2,-49.0,238.6
-84.5,-46.1,239.5
-83.1,-38.3,246.3
-82.8,-38.9,245.6
-82.9,-41.7,241.5
-84.3,-47.6,238.3
-83.3,-49.5,234.6
-83.0,-54.6,229.5
-83.8,-58.5,228.0
-82.5,-46.0,240.2
-81.9,-46.1,241.3
-82.6,-48.9,239.0
-82.8,-48.9,239.4
-82.0,-38.3,252.3
-82.7,-40.9,249.8
-81.2,-35.5,253.9
-81.4,-35.7,256.5
-82.1,-38.8,257.4
-83.7,-43.4,252.3
-84.0,-47.6,253.2
-84.0,-41.7,257.1
-82.0,-32.5,266.1
-81.5,-25.7,273.2
-81.0,-22.4,276.8
-80.1,-23.2,275.4
-80.3,-25.8,274.5
-80.7,-24.2,274.4
-80.4,-22.4,277.4
-81.2,-16.5,281.1
-79.8,-16.8,280.5
-79.9,-15.7,279.5
-81.6,-18.5,280.7
-82.0,-22.1,277.4
-82.2,-25.1,273.3
-82.8,-26.6,271.9
-82.6,-28.4,270.5
-81.3,-29.9,269.7
-80.8,-29.5,271.8
-81.9,-26.6,274.1
-82.7,-26.1,274.4
-84.3,-24.4,275.1
-83.0,-21.0,278.9
-83.2,-19.4,278.8
-82.8,-21.2,277.4
-83.8,-23.1,278.4
-84.4,-21.2,281.9
-85.8,-24.1,277.9
-86.7,-32.9,271.5
-86.9,-49.4,256.0
-86.1,-40.9,263.9
-84.6,-32.7,272.4
-85.2,-30.4,275.1
-85.1,-31.7,273.7
-86.5,-34.3,270.0
-85.1,-25.2,276.9
-84.7,-29.5,267.7
-82.5,-39.9,255.6
-81.8,-38.4,257.3
-81.4,-37.0,258.6
-82.3,-36.6,260.0
-84.0,-39.7,257.4
-84.1,-38.9,258.3
-82.7,-35.7,263.8
-82.1,-26.4,272.7
-81.9,-25.5,273.5
-82.5,-33.7,266.3
-83.8,-36.8,263.0
-85.1,-27.4,272.0
-86.4,-31.6,265.9
-85.9,-35.7,258.9
-84.2,-40.2,255.3
-82.7,-36.3,258.0
-83.4,-41.2,255.6
-84.5,-46.5,251.1
-85.3,-41.6,255.2
-84.0,-32.6,265.2
-83.3,-26.0,270.0
-83.3,-20.5,277.0
-83.6,-24.6,272.7
-85.1,-18.2,280.5
-85.4,-17.8,279.7
-84.6,-19.8,275.6
-83.7,-14.8,278.2
-82.4,-18.0,274.2
-81.9,-19.9,270.5
-82.9,-19.2,272.6
-81.6,-20.5,272.2
-81.8,-22.5,269.1
-81.2,-21.7,272.8
-81.9,-15.6,279.7
-82.3,-18.0,278.9
-83.5,-23.8,271.8
-82.4,-13.2,281.8
-81.3,-17.4,273.9
-80.6,-26.0,264.5
-79.3,-22.8,267.2
-81.4,-20.2,268.3
-83.1,-18.4,269.6
-80.7,-17.0,267.7
-78.1,-14.6,270.0
-78.5,-5.0,279.7
-81.6,10.3,299.3
-83.6,12.1,301.6
-84.6,2.4,291.3
-82.7,-23.5,267.5
-82.1,-15.2,273.8
-81.4,-12.4,276.3
-80.4,-8.8,278.3
-81.1,-11.5,276.5
-82.3,-13.0,275.6
-81.3,-12.7,275.7
-80.5,-16.7,273.3
-80.8,-17.0,272.2
-81.2,-16.9,274.7
-82.6,-31.4,259.9
-82.7,-41.6,250.4
-83.7,-40.3,251.6
-83.7,-36.4,255.8
-83.1,-35.7,259.7
-80.5,-43.2,253.9
-81.7,-50.8,248.7
-84.7,-63.2,242.2
-85.2,-62.9,243.8
-84.7,-54.8,253.7
-84.5,-38.7,270.4
-84.5,-32.0,278.3
-83.9,-32.3,277.0
-83.1,-37.4,271.2
-84.1,-46.5,262.4
-84.2,-54.9,250.9
-83.7,-44.2,261.2
-83.5,-40.8,264.7
-83.3,-42.2,263.3
-84.8,-57.8,249.3
-84.6,-62.2,244.9
-83.9,-61.9,246.9
-85.5,-59.1,247.5
-86.4,-53.2,252.8
-86.6,-73.4,231.1
-85.7,-87.2,216.0
-86.2,-107.4,196.0
-85.7,-101.6,198.9
-86.1,-76.1,223.4
-85.8,-69.1,230.1
-86.9,-82.3,217.0
-87.3,-101.6,197.2
-85.9,-72.3,225.0
-86.1,-76.4,223.2
-86.1,-49.7,249.2
-86.8,-34.0,264.5
-87.2,-45.1,251.8
-86.9,-88.0,209.6
-86.2,-102.8,195.2
-86.6,-109.1,187.1
-87.8,-59.2,234.0
-85.9,-45.6,249.7
-85.7,-44.1,250.5
-86.6,-65.0,231.2
-85.5,-60.3,237.1
-83.6,-54.4,243.2
-83.6,-48.7,248.8
-83.2,-44.0,254.5
-84.5,-46.2,250.4
-84.2,-57.9,238.8
-84.6,-60.3,235.4
-84.8,-61.5,233.5
-84.7,-50.2,244.6
-83.9,-34.2,262.0
-84.0,-33.2,262.3
-85.7,-42.9,252.4
-85.0,-41.2,252.9
-84.6,-47.0,248.5
-84.0,-56.9,241.4
-83.1,-47.5,249.4
-81.3,-55.1,247.0
-80.2,-63.8,240.7
-79.8,-75.5,231.9
-78.2,-79.9,230.8
-74.4,-67.6,240.0
-73.9,-63.0,245.2
-73.4,-57.5,251.3
-74.3,-54.6,252.5
-75.6,-49.8,258.0
-77.4,-36.5,265.9
-75.4,-35.5,266.1
-76.2,-41.0,261.2
-77.7,-46.1,256.3
-77.2,-55.8,247.9
-76.9,-56.6,245.8
-77.9,-33.6,260.6
-77.1,-24.9,264.8
-75.3,-22.7,266.3
-71.4,-27.1,261.2
-72.3,-29.6,259.4
-71.9,-28.0,261.2
-70.8,-26.1,263.2
-69.9,-28.5,265.8
-70.5,-33.8,262.6
-71.9,-38.0,259.6
-75.4,-44.1,255.6
-78.1,-37.6,260.4
-78.2,-33.4,267.1
-77.8,-33.4,266.1
-77.4,-35.3,266.7
-79.1,-40.0,263.2
-81.3,-38.0,266.5
-82.4,-33.6,270.9
-82.1,-40.2,264.6
-75.0,-41.2,266.6
-75.9,-35.8,273.8
-77.3,-31.1,279.7
-75.9,-34.9,275.1
-72.9,-40.0,270.8
-72.2,-45.0,265.7
-71.5,-47.2,263.2
-73.4,-46.6,264.3
-75.9,-45.2,264.2
-78.1,-48.6,260.8
-78.8,-53.1,256.8
-79.5,-54.4,257.1
-78.1,-50.7,262.2
-78.2,-46.8,266.8
-80.2,-45.2,267.0
-79.6,-39.0,269.0
-78.3,-28.3,276.2
-79.1,-21.6,278.7
-78.4,-19.3,277.4
-77.2,-15.6,280.1
-78.0,-18.1,275.8
-79.6,-20.4,276.2
-79.9,-22.6,274.0
-79.3,-26.0,271.7
-80.1,-32.3,266.2
-80.9,-36.5,263.7
-81.7,-51.4,252.0
-82.9,-51.1,255.1
-79.9,-33.5,268.6
-75.6,-24.9,277.3
-77.1,-26.3,278.1
-78.0,-27.4,279.8
-81.2,-19.5,284.5
-78.3,-22.2,282.4
-74.9,-19.6,289.1
-72.6,-17.9,289.9
-75.8,-14.4,295.0
-77.5,-16.4,295.1
-77.0,-13.4,294.1
-76.4,-12.1,293.8
-76.8,-25.5,274.3
-76.2,-29.1,267.4
-73.6,-28.9,266.2
-76.7,-34.7,257.5
-79.0,-48.8,244.2
-78.9,-53.1,239.9
-78.6,-52.4,243.9
-83.2,-36.0,261.6
-83.1,-25.6,274.4
-84.4,-21.1,277.2
-83.3,-20.3,278.0
-82.4,-7.3,288.1
-80.7,-2.1,289.9
-77.6,-1.2,290.3
-76.8,1.6,292.5
-78.3,-3.7,288.2
-80.5,-14.4,281.1
-81.5,-24.9,270.0
-82.6,-26.1,272.3
-81.8,-10.6,282.4
-82.3,-11.3,284.7
-83.6,-12.6,282.9
-82.3,-21.2,275.4
-82.6,-15.7,280.4
-82.9,-18.0,275.4
-80.5,-20.5,269.1
-76.9,-18.0,270.1
-75.9,-15.0,269.2
-80.3,-22.7,261.7
-81.1,-25.8,260.7
-82.2,-23.1,263.2
-84.3,-21.0,265.6
-82.9,-28.0,261.3
-83.7,-31.6,257.6
-82.6,-46.8,240.6
-79.8,-36.7,251.7
-81.5,-36.3,248.8
-78.1,-32.8,251.5
-77.2,-26.7,256.0
-77.2,-29.2,257.5
-80.8,-35.6,255.6
-81.0,-34.1,257.1
-80.4,-29.6,264.4
-78.2,-22.6,269.8
-77.5,-14.9,278.7
-78.8,-13.8,279.1
-79.3,-12.9,279.8
-77.9,-15.4,278.1
-78.7,-21.1,272.6
-76.4,-26.3,265.2
-76.0,-26.6,265.5
-77.4,-27.9,262.4
-77.6,-32.8,258.4
-78.3,-35.5,256.2
-77.4,-36.9,257.8
-77.1,-32.1,263.8
-78.6,-28.2,269.2
-79.7,-29.8,268.3
-80.2,-27.2,271.4
-80.4,-25.4,274.1
-80.8,-21.8,277.0
-75.7,-24.9,271.2
-74.2,-24.1,271.4
-77.1,-28.1,270.6
-78.5,-27.3,269.4
-78.3,-24.5,274.6
-78.6,-23.5,276.0
-78.5,-23.1,279.7
-79.2,-16.9,285.8
-80.9,-18.4,285.0
-81.9,-24.2,278.8
-81.4,-27.0,275.0
-81.0,-21.8,280.1
-79.0,-18.4,282.0
-78.5,-20.9,280.4
-79.3,-26.1,276.5
-80.3,-35.5,268.7
-80.4,-32.3,272.0
-81.6,-33.3,270.9
-81.2,-25.8,279.3
-81.9,-27.5,279.3
-81.3,-33.6,272.7
-81.3,-37.1,270.4
-83.0,-37.0,273.4
-80.9,-34.6,276.4
-77.8,-27.6,280.9
-78.2,-25.5,285.8
-80.8,-33.7,278.3
-82.8,-49.1,264.1
-82.6,-67.4,245.7
-84.0,-80.2,230.5
-82.2,-53.5,257.2
-81.6,-42.3,266.5
-81.6,-37.8,271.3
-82.6,-37.1,272.9
-83.1,-37.2,269.5
-82.6,-27.9,273.3
-82.1,-30.8,266.8
-81.5,-33.6,263.3
-81.6,-42.1,250.9
-82.1,-46.4,248.8
-84.8,-77.0,216.7
-84.9,-96.7,197.7
-85.3,-112.8,185.8
-86.0,-109.0,189.5
-87.7,-132.7,158.1
-88.4,-97.3,196.7
-87.5,-66.5,226.4
-88.9,44.6,338.0
-88.1,38.0,328.2
-80.4,-24.4,271.4
-80.0,-31.0,262.3
-86.0,-19.7,279.0
-88.1,2.5,304.3
-81.5,-32.4,265.5
-80.5,-34.0,264.3
-82.9,-30.3,266.8
-83.7,-29.6,269.5
-85.4,-43.0,258.8
-86.1,-55.5,245.6
-81.2,-33.9,266.5
-80.3,-28.8,270.6
-79.1,-33.3,266.0
-79.9,-26.0,271.7
-80.9,-29.5,267.6
-81.4,-39.4,256.5
-81.7,-38.0,259.7
-78.9,-39.8,260.7
-79.7,-29.2,272.1
-80.8,-20.8,280.0
-82.6,-30.0,269.2
-82.1,-39.6,259.1
-80.4,-48.9,249.0
-79.3,-40.7,248.6
-81.3,-36.1,239.4
-80.9,-32.7,232.6
-78.5,-42.4,215.4
-79.4,-51.2,210.2
-82.2,-61.2,215.3
-78.1,-45.2,247.3
-78.9,-38.8,266.1
-80.4,-34.9,280.1
-82.2,-36.1,286.7
-82.2,-30.4,296.3
-84.0,-7.0,316.1
-82.2,-7.8,312.0
-80.9,-19.9,296.2
-80.5,-29.7,285.7
-81.3,-40.6,277.5
-82.8,-45.7,273.3
-80.6,-37.5,281.1
-80.0,-42.4,275.8
-80.0,-46.1,271.1
-80.0,-42.2,272.8
-81.2,-43.6,271.6
-82.7,-44.6,269.1
-83.3,-38.5,273.6
-83.3,-32.3,279.8
-82.5,-31.3,280.3
-81.7,-31.2,279.2
-81.7,-35.4,276.0
-82.2,-42.1,269.6
-83.8,-42.8,267.8
-84.9,-46.7,264.4
-84.5,-38.2,275.1
-82.7,-24.6,290.3
-83.4,-20.9,297.0
-84.8,-27.0,290.3
-83.2,-33.7,287.4
-82.6,-29.7,292.7
-82.1,-16.6,303.5
-79.8,-18.0,299.7
-78.6,-18.6,295.9
-79.6,-19.0,289.9
-80.8,-20.3,283.8
-82.5,-24.1,272.2
-82.9,-28.2,267.4
-82.5,-23.5,266.0
-82.0,-12.7,274.8
-82.3,-15.6,268.9
-81.4,-10.2,271.4
-80.9,-6.6,274.7
-80.7,-2.6,274.2
-80.1,-4.0,270.6
-80.2,-7.8,266.6
-82.0,-21.2,249.0
-82.6,-23.0,245.8
-82.6,-27.2,241.4
-81.8,-28.3,241.6
-80.9,-18.6,252.3
-80.4,-16.3,253.8
-82.0,-22.3,245.5
-82.6,-24.2,244.3
-82.2,-20.8,247.4
-81.3,-16.1,247.5
-79.9,-16.3,246.1
-79.4,-15.9,247.5
-79.9,-16.3,246.1
-80.9,-20.8,242.4
-80.5,-22.5,240.3
-81.4,-25.7,236.8
-81.0,-23.7,238.1
-79.7,-21.9,240.6
-80.6,-24.0,239.2
-82.4,-26.8,236.3
-83.3,-27.7,232.7
-82.8,-19.5,234.8
-80.4,-12.2,237.7
-78.7,-9.3,237.9
-77.9,-10.8,234.5
-79.1,-13.5,229.8
-77.8,-13.2,228.3
-78.2,-16.6,222.6
-78.0,-13.2,227.8
-77.0,-12.3,227.9
-76.0,-11.4,226.8
-76.3,-11.4,229.4
-78.5,-14.3,227.8
-80.7,-17.0,226.7
-80.1,-11.7,231.7
-78.8,-11.9,231.1
-77.5,-12.0,228.4
-76.0,-10.2,227.8
-75.8,-9.7,229.8
-78.7,-13.5,230.1
-80.1,-18.6,224.7
-80.1,-19.9,224.5
-79.9,-16.5,228.8
-80.8,-17.4,226.4
-81.3,-22.4,219.9
-80.2,-24.4,217.6
-81.1,-21.8,221.1
-81.5,-25.6,217.7
-82.6,-28.1,213.8
-83.1,-28.7,212.8
-82.2,-24.3,215.7
-82.3,-16.5,217.9
-81.6,-14.5,218.2
-81.3,-13.7,217.8
-80.8,-15.5,214.6
-81.3,-23.2,209.2
-79.7,-25.5,206.6
-80.4,-21.4,208.2
-80.7,-21.9,209.0
-79.8,-19.0,211.2
-80.4,-18.1,213.4
-82.1,-29.0,205.6
-82.8,-32.1,199.5
-81.1,-28.5,203.5
-82.9,-23.1,205.5
-81.5,-21.1,204.6
-80.3,-18.7,205.0
-80.7,-20.1,202.7
-81.9,-24.6,198.0
-81.6,-25.4,196.0
-82.0,-31.7,189.3
-82.1,-27.5,193.2
-81.5,-21.8,197.2
-81.7,-23.1,195.8
-83.2,-29.0,191.0
-81.8,-24.9,195.5
-82.8,-24.6,192.7
-82.5,-21.5,194.1
-80.2,-17.7,194.2
-79.8,-19.5,192.0
-81.3,-19.7,191.4
-81.1,-16.3,194.2
-80.3,-19.8,191.8
-80.4,-15.3,197.3
-80.5,-10.2,203.2
-78.8,-8.1,206.7
-77.9,-10.3,205.5
-78.3,-11.6,203.6
-77.3,-21.0,191.7
-76.9,-17.4,197.9
-77.0,-16.4,195.0
-76.9,-18.1,193.6
-80.8,-24.8,189.5
-80.7,-31.9,178.3
-81.1,-38.6,173.9
-80.8,-33.4,177.5
-80.8,-30.9,182.0
-81.0,-24.3,189.1
-81.0,-24.2,188.0
-82.4,-35.4,174.9
-79.4,-31.9,173.9
-79.8,-23.1,180.7
-78.8,-23.7,178.7
-79.9,-25.9,174.6
-81.0,-28.3,171.7
-80.4,-25.9,174.5
-79.4,-16.6,183.2
-81.1,-14.1,185.5
-83.2,-18.0,181.5
-82.5,-26.1,170.7
-81.7,-21.9,174.1
-80.5,-27.9,167.7
-76.8,-16.6,177.5
-78.2,-19.0,173.1
-77.1,-23.0,168.1
-77.1,-24.7,168.4
-74.8,-24.3,166.1
-74.7,-22.9,167.6
-73.7,-20.3,166.5
-73.7,-21.4,167.4
-73.9,-29.6,162.7
-75.5,-34.2,161.8
-75.2,-34.5,160.1
-75.3,-30.4,164.5
-74.7,-30.9,164.4
-75.6,-35.6,161.6
-76.8,-37.5,161.4
-77.5,-37.0,166.3
-77.7,-38.0,166.0
-78.2,-38.4,167.9
-76.2,-30.8,175.9
-76.5,-32.0,174.9
-76.6,-31.7,175.1
-77.2,-30.0,178.6
-77.1,-23.1,189.5
-78.8,-24.7,187.5
-77.4,-26.5,183.0
-77.5,-33.1,175.4
-78.1,-38.7,168.6
-78.8,-38.9,167.5
-78.3,-31.6,174.4
-76.8,-28.3,179.3
-77.6,-24.4,181.8
-78.6,-24.1,184.3
-78.7,-33.1,175.4
-78.8,-37.4,176.0
-78.9,-28.6,185.2
-80.7,-26.6,186.6
-79.2,-27.6,187.4
-78.9,-31.0,185.5
-79.3,-31.8,186.3
-80.4,-30.9,187.1
-80.7,-25.2,193.5
-79.6,-28.2,193.0
-78.1,-27.3,194.6
-80.4,-24.7,196.2
-82.4,-32.0,188.0
-83.1,-41.0,177.6
-84.3,-33.3,183.6
-82.6,-26.1,190.9
-81.8,-31.2,185.0
-80.2,-44.0,172.5
-81.7,-51.0,167.6
-82.3,-41.7,175.7
-83.4,-36.1,182.1
-80.8,-30.1,185.9
-81.3,-28.0,187.7
-82.5,-33.0,182.8
-82.2,-39.2,176.0
-82.4,-29.7,186.7
-83.1,-23.0,190.5
-80.5,-24.1,186.5
-79.3,-30.2,179.9
-78.4,-35.3,174.1
-80.5,-39.1,173.5
-82.3,-36.9,174.5
-82.4,-41.4,170.3
-80.7,-37.6,173.3
-81.9,-32.3,178.5
-83.1,-31.8,178.1
-83.1,-32.5,176.1
-83.7,-27.9,179.5
-84.2,-25.5,177.2
-80.6,-24.2,177.6
-81.2,-37.1,162.4
-80.7,-48.4,148.8
-79.9,-47.8,151.9
-80.5,-50.0,149.7
-78.6,-50.0,158.0
-77.3,-44.5,163.7
-79.8,-44.4,167.3
-80.0,-50.0,162.4
-80.2,-57.4,156.1
-80.6,-54.2,157.8
-81.9,-55.9,154.1
-80.4,-43.9,164.4
-80.6,-49.4,158.7
-80.6,-55.0,153.0
-82.0,-63.2,145.0
-82.8,-63.9,147.2
-82.6,-70.9,139.9
-82.6,-55.4,151.7
-84.1,-47.1,159.5
-84.7,-37.1,167.9
-84.7,-36.4,169.4
-83.5,-22.4,183.8
-85.9,-22.0,182.7
-82.7,-16.2,187.0
-81.3,-30.0,171.6
-79.6,-35.1,165.9
-79.9,-35.7,166.8
-80.9,-39.5,164.9
-81.0,-35.3,168.5
-79.5,-26.9,179.7
-78.9,-25.2,181.2
-79.0,-29.4,177.6
-79.9,-34.8,172.9
-79.1,-27.6,179.9
-81.1,-14.5,193.6
-80.4,-15.3,193.5
-77.4,-23.1,185.1
-77.3,-28.0,181.1
-78.8,-35.3,175.8
-80.1,-35.0,174.2
-77.8,-33.2,178.2
-78.8,-22.4,189.5
-78.1,-19.4,194.7
-79.8,-18.7,197.1
-80.7,-26.9,188.7
-80.3,-27.1,186.2
-79.3,-22.7,187.1
-79.4,-9.0,198.1
-79.2,-16.2,189.6
-77.9,-23.5,180.4
-77.5,-30.1,174.9
-76.7,-26.6,178.5
-77.4,-24.5,180.3
-76.2,-18.2,187.5
-76.8,-16.9,187.9
-77.2,-20.0,183.3
-76.1,-22.6,180.2
-76.0,-13.9,187.9
-77.0,-14.1,186.7
-76.6,-15.2,183.2
-75.5,-17.6,177.5
-74.5,-18.7,175.2
-75.9,-22.8,171.4
-77.1,-25.9,171.2
-77.2,-25.4,174.9
-77.3,-21.3,179.2
-78.1,-15.4,187.8
-79.1,-22.2,183.0
-79.5,-23.5,180.4
-81.1,-14.4,186.8
-79.6,-10.2,186.5
-78.4,-9.7,186.8
-78.4,-10.4,185.1
-78.8,-24.6,172.8
-80.5,-35.5,163.1
-80.5,-38.0,160.3
-79.6,-30.3,170.8
-79.2,-22.2,176.8
-80.8,-23.3,176.9
-82.1,-30.5,169.7
-82.3,-23.2,178.4
-82.7,-26.1,173.6
-81.8,-30.8,170.1
-80.2,-33.2,172.0
-80.2,-43.4,161.0
-79.0,-41.7,165.7
-79.4,-40.9,165.6
-79.1,-30.9,176.4
-76.7,-25.1,181.9
-75.0,-26.4,183.9
-75.6,-29.9,181.7
-76.8,-32.8,182.0
-77.8,-26.1,190.0
-78.8,-25.7,193.1
-78.8,-26.9,192.1
-78.8,-34.8,183.0
-77.4,-33.0,184.5
-78.8,-36.1,186.6
-79.6,-29.2,191.7
-80.9,-26.4,196.6
-79.1,-22.5,198.7
-78.7,-21.5,198.3
-78.9,-25.5,195.0
-78.0,-25.4,197.2
-76.9,-14.1,209.1
-78.5,-4.7,216.2
-76.3,-3.6,215.2
-74.6,-0.6,219.3
-75.0,-9.9,209.9
-67.4,-10.9,213.7
-75.0,-3.4,220.3
-77.0,-10.3,211.9
-72.7,-17.7,194.1
-71.2,-22.0,178.2
-67.2,-16.9,178.4
-69.7,-13.9,183.2
-75.1,-9.0,192.2
-76.7,-4.9,205.3
-75.2,-0.9,215.8
-69.8,3.0,223.5
-71.4,5.8,229.8
-73.2,9.6,234.4
-75.4,17.2,241.4
-75.4,9.4,232.6
-74.9,7.4,225.1
-74.8,2.4,218.9
-75.2,-2.9,213.6
-76.6,-6.8,206.7
-77.5,-9.1,205.5
-73.6,-14.8,201.6
-75.8,-23.2,193.6
-74.5,-21.6,195.6
-75.2,-16.1,205.2
-76.2,-11.2,209.7
-78.4,-14.0,204.7
-77.4,-16.6,205.6
-77.7,-4.7,214.8
-77.4,-5.1,214.4
-78.3,-1.0,217.5
-80.2,-10.8,210.8
-80.4,-13.0,207.5
-78.5,-11.7,211.5
-79.4,-25.7,197.6
-79.9,-24.4,202.3
-80.1,-22.8,206.0
-80.6,-12.0,216.9
-79.4,-17.5,213.9
-78.2,-18.3,209.2
-77.2,-18.6,207.5
-78.1,-19.7,203.4
-78.8,-20.5,200.6
-79.3,-25.6,197.5
-76.6,-34.7,191.8
-76.3,-36.4,188.1
-76.2,-35.2,191.2
-76.9,-25.2,200.8
-79.3,-27.4,199.6
-82.9,-18.6,205.1
-79.2,-4.9,216.9
-77.8,-3.9,215.7
-78.9,-13.5,207.0
-79.2,-10.1,207.7
-79.5,-11.8,206.3
-78.2,-10.5,210.3
-75.7,-8.7,210.5
-77.0,-22.6,198.5
-77.2,-17.0,205.5
-77.2,-14.3,211.1
-77.5,-8.8,219.4
-77.0,-11.6,215.7
-75.3,-4.4,218.7
-74.3,-2.5,217.5
-76.3,-9.5,210.3
-77.7,-10.6,208.8
-78.9,-14.8,204.6
-78.7,-22.7,199.0
-77.0,-20.4,202.6
-76.5,-21.4,202.9
-76.3,-21.8,203.4
-75.7,-20.3,204.5
-75.8,-13.4,211.5
-75.0,-7.0,216.3
-74.5,-1.2,221.1
-73.8,-3.2,211.9
-74.3,-9.0,206.0
-74.9,-8.0,206.3
-76.0,-12.4,203.0
-71.9,-15.9,199.4
-74.5,-17.2,199.4
-73.6,-17.5,203.4
-73.2,-12.1,211.4
-73.6,-10.3,219.9
-74.7,-2.3,228.4
-72.7,-0.7,227.3
-72.6,2.2,227.0
-72.6,3.3,224.9
-74.0,4.5,224.8
-74.2,2.7,220.4
-75.4,3.3,219.8
-72.0,-12.1,210.6
-73.7,-12.7,211.0
-70.3,1.8,224.4
-70.2,5.2,232.2
-72.9,7.5,234.4
-72.9,10.1,235.5
-68.8,17.7,238.2
-67.5,15.1,233.7
-71.8,5.8,222.3
-75.3,4.7,222.8
-78.3,3.1,223.5
-78.2,-3.5,218.9
-78.0,-8.7,213.1
-77.1,-14.8,209.8
-75.6,-12.2,215.9
-77.2,-17.1,214.3
-78.9,-13.5,219.3
-78.1,-13.6,219.4
-77.2,-6.0,224.1
-75.9,-3.3,227.0
-77.3,-5.4,224.9
-79.3,-11.2,218.5
-77.7,-20.6,211.7
-76.1,-22.7,211.7
-75.7,-30.5,204.9
-74.4,-28.2,208.9
-72.9,-20.6,218.0
-73.1,-19.1,219.3
-74.0,-22.2,215.2
-72.5,-22.2,212.2
-71.4,-21.3,208.0
-72.5,-26.9,202.8
-73.4,-30.6,197.7
-72.9,-36.3,193.4
-72.4,-41.2,190.6
-70.5,-39.5,191.8
-67.1,-41.3,192.3
-66.3,-35.1,197.8
-69.7,-30.0,203.3
-71.5,-28.4,204.7
-72.5,-21.0,209.7
-73.2,-15.7,214.1
-71.8,-12.8,215.0
-72.4,-14.2,212.7
-73.3,-21.2,207.3
-72.4,-21.1,208.6
-69.9,-23.8,208.6
-70.3,-24.3,209.9
-68.8,-25.9,210.3
-68.2,-20.5,217.9
-69.5,-22.5,218.7
-72.3,-14.2,221.9
-69.7,0.4,231.0
-68.5,6.0,232.5
-69.2,-2.0,225.2
-71.3,-6.2,218.2
-73.7,-20.2,205.1
-73.4,-23.1,202.7
-69.6,-20.9,206.3
-68.7,-22.0,207.8
-68.5,-22.5,209.6
-68.5,-17.7,217.8
-69.2,-15.1,220.1
-69.6,-15.8,217.1
-70.5,-9.9,216.4
-70.8,-13.7,211.1
-72.6,-18.0,202.8
-73.6,-21.5,199.1
-74.9,-30.3,193.8
-72.7,-29.1,195.5
-72.1,-25.4,197.9
-71.2,-28.8,199.8
-71.3,-26.9,206.0
-72.6,-23.1,210.6
-74.1,-22.3,208.2
-72.0,-9.3,215.2
-72.1,-7.5,214.1
-74.8,-10.6,208.6
-77.2,-13.6,203.7
-80.1,-23.5,195.1
-76.3,-22.0,198.9
-74.1,-26.5,195.5
-72.7,-25.7,199.4
-70.7,-19.6,208.9
-70.9,-20.4,213.0
-70.9,-15.1,213.2
-68.0,-11.2,217.2
-69.9,-6.9,218.1
-71.9,-13.7,210.1
-72.7,-11.5,211.4
-74.9,-15.1,208.2
-76.0,-27.9,197.1
-70.5,-33.0,193.0
-71.8,-41.0,187.2
-69.1,-45.9,186.9
-67.1,-40.6,191.4
-67.5,-40.2,193.8
-67.7,-30.5,202.7
-69.3,-20.6,206.9
-70.4,-20.0,204.9
-72.2,-23.9,200.6
-72.7,-27.7,194.7
-73.5,-37.3,188.2
-72.1,-42.8,184.8
-71.1,-44.9,183.1
-68.1,-39.3,192.6
-65.9,-37.6,198.9
-65.6,-37.2,201.6
-67.0,-32.8,207.1
-68.1,-31.3,207.5
-73.0,-27.8,204.9
-74.1,-34.5,196.3
-76.6,-30.6,195.5
-78.0,-32.2,195.7
-77.8,-39.2,187.3
-74.6,-32.6,192.3
-73.6,-34.0,192.1
-70.1,-29.1,201.3
-69.9,-26.8,206.7
-70.3,-23.3,212.9
-70.1,-29.8,204.5
-70.4,-22.3,206.2
-71.2,-24.3,197.3
-73.7,-37.0,184.8
-75.0,-38.8,177.5
-73.6,-33.1,184.2
-71.1,-18.3,197.8
-70.2,-16.7,201.5
-69.8,-28.2,197.9
-69.4,-26.8,200.9
-68.5,-24.3,208.5
-68.3,-23.9,208.5
-67.5,-14.0,216.6
-66.5,0.4,224.4
-68.6,1.2,221.8
-73.9,-5.8,214.6
-76.7,-14.4,206.3
-76.8,-18.2,202.3
-73.0,-20.2,203.9
-73.6,-29.7,198.9
-72.3,-30.5,203.6
-71.3,-27.5,210.7
-72.0,-21.5,220.4
-72.0,-16.2,225.8
-67.2,2.0,235.4
-67.5,-0.1,229.6
-69.2,-8.2,218.7
-72.9,-18.9,206.1
-73.2,-25.4,200.9
-68.4,-27.5,201.6
-72.1,-30.4,196.8
-72.8,-41.1,187.6
-70.6,-31.8,200.3
-69.8,-31.8,204.0
-70.0,-31.4,206.9
-68.3,-25.6,210.3
-70.1,-18.5,212.5
-70.8,-18.3,209.2
-75.0,-25.4,195.5
-76.5,-36.5,184.4
-75.3,-40.0,181.4
-72.0,-36.3,186.3
-71.8,-38.7,183.4
-71.7,-42.0,179.9
-73.9,-35.7,189.6
-75.2,-25.6,200.0
-75.5,-21.4,204.8
-72.8,-25.9,201.5
-73.6,-22.5,201.9
-73.4,-25.3,198.6
-73.9,-30.9,189.6
-74.3,-32.9,188.1
-74.4,-34.6,189.1
-72.4,-32.4,194.1
-72.5,-40.3,189.3
-71.8,-48.0,184.7
-71.1,-49.4,188.7
-72.5,-39.3,197.6
-73.1,-26.2,212.1
-76.2,-14.2,216.5
-76.8,-19.5,206.8
-75.6,-21.3,201.4
-77.7,-31.6,189.9
-78.5,-33.1,186.4
-79.8,-29.8,190.7
-76.0,-28.6,193.2
-72.8,-29.6,196.3
-70.3,-35.6,196.1
-68.2,-33.3,199.5
-68.2,-17.0,210.6
-65.8,-15.0,209.9
-70.2,-15.3,204.4
-72.9,-26.3,191.5
-76.8,-42.9,177.1
-77.3,-48.7,172.3
-76.3,-56.0,167.7
-74.0,-44.4,183.8
-72.7,-47.3,184.0
-71.5,-46.2,188.3
-68.7,-38.3,198.1
-69.1,-33.4,205.3
-71.2,-26.9,205.4
-72.8,-20.8,209.9
-72.2,-14.8,208.4
-77.1,-36.4,183.7
-78.0,-42.3,176.5
-76.7,-58.3,164.5
-74.0,-61.0,165.5
-73.7,-49.2,180.3
-71.0,-44.4,188.8
-70.2,-42.7,194.4
-70.4,-46.7,197.7
-70.8,-54.4,192.2
-72.7,-48.5,193.1
-72.4,-37.5,202.0
-73.2,-30.9,205.7
-75.5,-28.5,202.4
-76.1,-37.3,194.4
-73.7,-41.8,185.9
-71.2,-35.1,187.0
-72.5,-36.0,186.7
-70.3,-34.1,188.0
-63.0,-42.6,190.7
-64.4,-40.9,192.7
-64.5,-42.7,190.4
-67.3,-36.9,189.8
-70.2,-34.2,187.7
-72.1,-41.1,179.5
-72.1,-36.1,185.4
-71.6,-41.4,180.5
-64.6,-46.2,178.2
-64.3,-46.4,179.2
-62.8,-45.3,182.1
-61.4,-38.5,194.0
-61.1,-35.6,201.0
-60.7,-39.9,198.1
-62.3,-36.6,195.2
-65.3,-29.6,198.5
-67.7,-16.8,210.2
-71.9,-13.4,208.1
-75.6,-26.5,193.3
-77.2,-42.7,176.0
-83.1,-27.8,193.2
-83.7,-38.6,184.7
-83.7,-29.9,196.1
-83.0,-14.1,213.8
-83.0,-3.1,226.2
-81.5,-2.1,225.4
-80.0,3.7,230.0
-77.9,7.7,228.5
-79.3,2.6,223.8
-82.3,-3.5,216.2
-84.0,-11.2,207.9
-81.6,-16.3,203.5
-81.9,-28.2,192.7
-78.8,-25.3,196.7
-78.3,-23.4,201.6
-78.4,-27.7,199.2
-79.2,-25.5,203.6
-77.2,-17.1,211.0
-77.9,-13.8,211.9
-77.5,-24.7,200.1
-78.0,-23.0,199.4
-80.4,-28.1,192.2
-80.0,-29.2,191.2
-78.1,-34.8,187.3
-77.9,-38.5,185.5
-75.4,-28.0,197.0
-76.0,-23.7,202.9
-77.4,-35.5,194.8
-77.9,-39.3,188.3
-78.2,-29.9,193.5
-76.5,-39.4,182.2
-77.9,-50.8,169.3
-79.7,-49.4,168.0
-81.1,-58.3,161.2
-80.9,-67.3,150.9
-77.5,-58.9,162.5
-77.7,-58.2,165.5
-77.2,-44.8,180.1
-77.8,-36.0,193.3
-80.9,-46.0,182.6
-79.7,-30.0,197.6
-78.1,-17.5,205.6
-77.5,-18.9,200.9
-79.0,-24.5,192.9
-81.4,-35.4,183.9
-83.0,-48.1,173.7
-79.1,-43.9,177.5
-79.1,-51.1,171.4
-79.1,-40.1,186.5
-76.5,-24.7,201.3
-75.6,-22.7,204.9
-78.8,-27.4,198.5
-81.4,-25.0,196.7
-81.9,-22.8,194.2
-83.3,-38.5,175.1
-84.7,-39.4,173.3
-83.8,-21.1,190.3
-82.1,-39.1,178.3
-79.2,-30.1,188.4
-76.3,-29.9,191.3
-74.0,-33.5,193.6
-73.2,-25.5,202.0
-73.5,-13.0,211.9
-77.4,-26.1,200.5
-77.6,-24.2,193.9
-79.9,-34.5,183.1
-82.6,-35.7,179.0
-81.8,-27.9,186.1
-81.5,-31.4,180.2
-77.6,-23.5,188.5
-75.6,-20.9,196.5
-73.8,-22.0,198.2
-73.2,-28.1,198.8
-74.4,-26.5,201.4
-75.1,-19.3,207.6
-74.2,-11.0,211.4
-75.1,-15.2,205.2
-76.5,-17.1,203.0
-78.6,-20.3,198.6
-79.1,-24.9,194.9
-77.8,-29.9,191.4
-79.3,-31.7,190.3
-76.8,-30.4,194.3
-74.4,-30.3,198.2
-74.6,-27.9,203.8
-76.8,-28.7,204.8
-77.1,-25.7,206.3
-75.9,-20.8,206.5
-78.0,-42.7,178.5
-78.9,-41.0,176.5
-80.7,-51.5,168.6
-79.5,-41.1,178.7
-79.6,-38.9,178.6
-76.2,-48.9,171.3
-74.2,-49.5,176.5
-77.2,-47.4,185.0
-82.7,-49.0,179.7
-82.8,-47.0,177.1
-79.4,-28.5,193.2
-77.1,-22.0,198.0
-76.5,-26.9,191.9
-75.2,-36.4,182.5
-70.1,-39.9,182.6
-62.4,-31.1,195.0
-60.2,-29.6,198.5
-59.3,-27.8,203.4
-59.5,-23.8,210.4
-63.1,-22.7,212.0
-66.8,-24.1,206.7
-70.5,-22.7,197.6
-71.3,-29.3,187.6
-74.5,-38.4,176.3
-75.6,-26.4,183.6
-77.4,-21.3,195.1
-71.0,-11.7,208.5
-70.4,-14.4,207.3
-70.8,-29.0,198.3
-70.0,-26.0,201.4
-71.2,-26.3,200.2
-75.2,-25.7,197.4
-77.3,-15.7,204.1
-79.8,-12.3,204.6
-81.9,-17.5,198.0
-82.7,-18.1,197.6
-83.4,-23.1,194.1
-78.6,-13.7,200.9
-79.5,-13.4,200.6
-79.5,-14.9,200.7
-77.4,-2.8,213.5
-78.9,-6.5,212.0
-80.4,-1.3,212.8
-80.6,1.9,212.2
-79.3,-2.2,203.7
-78.5,-2.3,201.8
-78.6,-3.4,197.1
-77.7,-15.7,185.3
-74.4,0.0,195.9
-71.8,-6.3,188.3
-72.1,-11.4,185.1
-72.9,-8.7,190.4
-74.4,-12.8,188.4
-73.1,-12.5,193.5
-75.4,-7.2,201.2
-76.9,-1.8,204.6
-78.5,10.0,216.3
-78.4,11.9,215.3
-78.5,9.4,212.7
-80.9,9.6,214.1
-82.3,8.4,212.2
-83.0,10.5,214.5
-80.8,4.3,204.1
-81.0,1.2,202.9
-81.4,-8.9,193.1
-82.2,-11.4,188.3
-81.5,-3.8,197.1
-81.3,1.2,206.8
-78.1,-0.6,204.7
-76.3,1.2,208.4
-78.7,-1.9,205.7
-80.1,-1.8,203.0
-79.5,2.9,206.5
-79.9,7.7,210.5
-78.2,3.3,202.7
-79.0,-2.2,196.8
-79.4,-6.4,191.7
-80.5,-10.7,189.3
-80.5,-5.6,196.8
-77.9,-2.4,200.0
-75.9,-0.2,201.8
-77.2,-0.6,199.7
-79.5,-4.4,196.6
-80.2,-5.9,195.0
-80.6,-0.3,198.3
-78.8,-0.6,198.1
-79.6,-1.8,196.8
-80.2,-4.0,193.0
-81.8,-10.2,188.3
-83.3,-10.0,190.2
-83.1,-4.7,197.0
-81.5,2.4,202.6
-80.7,5.5,206.6
-82.0,4.9,207.5
-83.1,3.8,204.8
-83.5,7.9,210.8
-80.9,8.6,208.9
-77.9,9.7,209.8
-78.1,13.2,214.4
-78.8,8.4,209.0
-79.5,6.5,206.9
-77.9,3.9,205.1
-77.1,5.5,206.4
-74.5,2.5,201.5
-75.6,3.1,201.4
-77.1,2.1,200.0
-79.4,1.8,198.3
-78.5,4.0,199.9
-76.4,5.3,197.3
-76.1,6.4,196.7
-77.5,3.7,194.4
-79.3,2.6,193.5
-78.3,3.1,194.0
-78.8,4.9,197.3
-77.3,5.2,198.6
-76.8,5.8,199.5
-77.3,2.7,196.0
-78.6,0.6,195.5
-77.4,1.1,196.1
-76.4,-1.3,194.0
-74.3,-0.7,192.5
-74.9,-5.7,188.9
-75.5,-11.6,182.8
-78.5,-14.1,180.4
-79.0,-11.9,183.5
-80.0,-12.4,184.7
-77.6,-17.5,183.0
-78.3,-21.4,180.4
-79.5,-27.3,174.0
-80.5,-30.8,170.2
-82.5,-25.8,177.4
-80.7,-28.6,170.5
-79.4,-28.8,168.3
-79.1,-35.3,165.1
-79.5,-41.7,159.0
-80.7,-43.7,155.0
-80.8,-37.8,162.0
-80.6,-35.0,162.8
-78.8,-31.4,167.4
-80.5,-28.2,170.4
-80.8,-31.4,165.2
-82.3,-37.4,157.8
-82.4,-34.3,161.8
-80.3,-27.1,164.9
-79.5,-23.0,169.0
-80.0,-28.6,162.4
-80.2,-32.1,159.0
-81.9,-30.4,161.6
-80.3,-16.4,176.3
-79.8,2.0,192.1
-79.0,2.5,192.1
-75.6,4.0,196.5
-77.5,7.8,205.6
-80.9,-3.5,194.2
-80.3,-38.8,161.2
-80.7,-36.8,159.6
-81.2,-17.3,175.1
-81.0,-33.8,161.7
-81.1,-9.1,187.6
-81.8,3.6,203.9
-81.0,6.0,205.2
-81.1,-0.7,199.8
-80.6,-4.7,193.0
-81.3,-3.5,195.8
-84.8,5.5,200.7
-80.4,-0.1,191.7
-79.6,1.8,193.1
-79.5,-2.5,182.9
-79.5,-6.0,181.6
-81.1,-11.9,176.3
-82.4,-21.2,166.2
-82.6,-35.6,149.5
-82.6,-32.3,156.2
-82.9,-24.0,166.6
-82.4,-20.6,171.7
-82.6,-21.8,172.2
-83.1,-31.3,163.1
-82.8,-33.1,158.4
-83.7,-25.8,164.5
-78.9,-24.1,162.7
-78.1,-19.8,166.8
-78.9,-14.6,171.2
-78.5,-17.3,167.3
-80.6,-29.9,155.7
-78.9,-26.1,161.4
-77.8,-15.3,170.8
-76.2,-12.0,175.5
-77.4,-14.2,173.5
-77.8,-20.1,170.3
-78.9,-28.0,164.7
-78.9,-23.1,170.8
-78.2,-20.2,171.4
-77.9,-14.9,179.7
-79.0,-18.2,180.2
-80.7,-21.3,180.7
-81.5,-28.0,177.3
-82.0,-30.1,177.6
-80.9,-20.2,189.2
-79.9,-15.9,194.9
-81.7,-16.8,196.8
-83.2,-20.7,190.4
-83.5,-21.0,188.0
-83.4,-17.0,193.9
-81.9,-15.8,187.5
-81.2,-12.6,190.8
-81.5,-10.6,188.5
-81.8,-8.7,192.2
-81.2,-7.2,192.5
-80.9,-5.2,193.5
-80.5,-4.8,196.5
-80.6,-7.3,195.9
-80.5,-13.1,190.3
-81.3,-18.4,185.7
-80.9,-21.8,181.2
-80.7,-16.1,184.6
-79.5,-13.1,188.6
-80.1,-11.7,188.4
-79.2,-14.3,186.6
-79.4,-14.6,186.4
-80.5,-17.4,187.2
-79.7,-12.3,191.5
-79.8,-12.1,196.1
-79.5,-12.7,196.2
-80.1,-17.6,195.7
-80.6,-20.9,193.8
-80.3,-24.9,191.7
-79.6,-23.0,193.2
-78.2,-10.3,201.1
-76.8,-6.1,204.8
-77.2,-7.0,204.3
-79.4,-10.4,202.6
-81.6,-15.4,198.0
-81.3,-10.0,204.1
-80.0,-10.1,206.8
-78.8,-10.5,207.1
-79.1,-13.5,204.7
-80.0,-14.2,204.3
-79.5,-17.0,200.4
-78.7,-12.2,202.8
-76.3,-8.2,204.1
-75.2,-5.9,205.5
-75.4,-4.7,205.0
-75.7,-4.7,204.3
-77.1,-4.7,203.4
-77.4,-3.6,205.9
-76.2,-3.6,205.5
-76.2,-4.0,206.5
-76.4,-1.9,206.9
-78.1,-3.1,207.2
-77.0,-4.3,206.6
-77.0,-2.9,205.4
-75.5,-5.2,200.9
-75.4,-5.3,200.7
-75.2,-6.8,195.6
-75.3,-10.3,193.6
-74.4,-8.5,194.1
-75.5,-9.1,195.3
-76.5,-10.8,194.2
-77.0,-14.0,191.6
-79.1,-12.5,194.1
-78.5,-14.9,188.3
-80.4,-11.4,191.4
-80.4,-10.1,189.9
-80.0,-9.7,190.7
-80.0,-13.5,185.3
-80.5,-17.6,178.6
-80.6,-18.3,176.3
-79.6,-17.4,176.7
-78.0,-16.0,180.0
-78.0,-16.3,178.2
-79.4,-15.6,178.7
-78.9,-15.7,176.6
-78.2,-3.3,189.3
-77.1,-1.2,187.4
-74.8,-8.2,178.6
-75.0,-8.1,177.0
-75.5,-10.5,171.8
-77.1,-14.4,168.2
-76.5,-13.7,170.7
-75.3,-10.7,179.4
-74.4,-5.8,184.8
-76.2,-2.1,189.2
-77.3,-0.3,189.3
-76.3,-2.3,187.7
-76.3,0.4,189.7
-77.1,-0.8,188.9
-76.8,-6.8,184.2
-78.1,-9.8,179.4
-79.3,-18.9,170.1
-80.3,-14.4,173.4
-78.7,-15.2,169.5
-78.6,-10.7,174.7
-79.0,-6.0,176.8
-80.7,-4.5,177.8
-82.0,-3.5,176.9
-82.0,1.0,180.9
-81.1,0.7,179.1
-80.2,-3.5,172.2
-80.0,-3.5,172.1
-82.2,-1.6,170.4
-82.9,-13.9,159.5
-82.9,-20.6,154.9
-82.7,-21.3,154.3
-82.6,-14.0,162.5
-83.4,0.0,176.7
-86.1,-7.3,168.1
-86.6,-39.6,137.3
-86.0,-38.3,140.5
-84.6,-18.6,157.9
-83.9,-16.7,161.4
-81.4,-18.5,158.9
-80.9,-19.6,161.1
-84.6,-14.4,165.1
-86.1,-12.9,167.8
-85.8,6.0,185.7
-84.6,2.3,185.3
-83.1,-2.2,181.3
-83.5,-0.1,188.0
-85.8,5.8,192.0
-81.5,-27.0,160.8
-87.1,-51.4,135.5
-87.5,-136.1,42.0
-86.2,-55.6,120.3
-85.5,-58.5,116.3
-85.7,-84.0,91.1
-85.6,-104.4,69.0
-84.8,-94.0,78.3
-84.7,-75.8,103.1
-85.1,-69.5,107.4
-85.8,-59.8,119.5
-86.9,-88.4,92.3
-86.5,-102.4,81.7
-86.4,-109.9,72.7
-86.1,-109.8,71.2
-86.3,-65.0,115.8
-86.1,-60.3,120.5
-86.1,-66.3,114.7
-86.1,-85.6,95.7
-85.3,-97.1,86.4
-85.1,-84.2,101.1
-84.5,-73.1,115.8
-84.0,-76.4,116.3
-83.4,-95.1,98.5
-83.4,-104.0,90.7
-85.7,-133.2,59.1
-85.7,-150.0,39.7
-85.9,-79.6,110.0
-84.9,-75.4,113.9
-85.4,-73.5,113.3
-86.3,-71.5,116.5
-85.2,-61.1,125.7
-85.1,-46.9,141.1
-86.5,-36.3,150.4
-88.3,-37.4,152.1
-88.4,-107.6,84.2
-87.2,-110.0,79.2
-86.1,-157.1,27.8
-86.8,-170.2,6.6
-89.6,-47.5,127.3
-88.6,-40.8,131.2
-88.1,-57.0,114.0
-87.4,-77.6,93.7
-86.9,-75.7,96.5
-88.2,-57.0,112.9
-87.9,-14.6,156.2
-86.6,3.3,176.9
-86.8,13.1,191.1
-87.7,12.0,191.7
-87.2,19.0,198.4
-86.8,79.8,259.5
-86.0,33.9,214.0
-86.2,29.7,211.6
-86.5,25.5,209.2
-87.2,24.1,208.0
-88.0,46.4,233.0
-88.6,67.9,254.4
-85.8,18.0,207.5
-85.5,24.4,216.9
-86.9,32.0,228.1
-87.7,20.3,216.4
-88.7,35.3,233.1
-86.9,118.0,311.8
-87.2,66.6,257.4
-86.7,30.4,223.2
-86.2,14.8,206.6
-86.3,3.4,197.2
-87.6,-32.9,160.1
-87.3,-43.3,150.9
-87.7,-17.8,180.2
-88.4,-8.4,190.9
-88.7,-29.9,172.6
-89.3,-61.8,140.0
-88.7,-27.1,175.1
-88.3,-23.0,177.6
-87.6,-17.1,181.8
-86.5,-6.6,190.3
-87.0,-12.6,181.0
-87.0,-44.8,146.7
-86.8,-62.4,129.7
-84.4,-47.8,145.3
-83.6,-47.6,147.5
-84.2,-39.2,158.7
-85.0,-37.6,160.9
-86.7,-56.3,142.5
-86.7,-77.1,122.4
-87.6,-66.4,135.4
-88.4,-69.2,132.3
-85.8,-29.0,171.0
-84.0,-27.0,171.6
-83.9,-31.9,164.0
-85.7,-48.2,147.7
-85.1,-42.6,156.3
-84.7,-35.1,165.1
-85.0,-29.0,174.8
-84.7,-23.2,184.6
-84.3,-15.9,195.0
-85.2,-16.1,193.4
-83.8,-28.8,182.2
-85.6,-22.6,190.4
-85.7,-22.9,187.9
-82.0,-16.6,192.6
-82.4,-5.6,201.0
-83.6,-8.3,194.5
-84.7,-24.1,176.3
-85.1,-15.5,182.7
-84.3,-21.7,183.1
-86.3,-24.9,180.1
-87.2,-43.3,165.3
-87.8,-61.3,147.6
-87.7,-62.8,144.6
-87.0,-61.4,145.5
-86.9,-58.5,144.6
-84.1,-32.9,167.1
-83.7,-13.2,184.2
-84.0,-8.9,186.6
-85.3,-34.6,161.8
-86.2,-64.0,132.6
-85.3,-65.8,130.6
-86.5,-56.4,140.9
-88.5,-78.7,118.0
-88.4,-126.0,72.8
-87.3,-89.4,106.8
-86.5,-74.9,121.6
-83.3,-49.2,144.2
-81.5,-31.9,157.3
-80.6,-26.3,163.0
-82.3,-33.7,153.9
-83.1,-45.3,140.3
-82.4,-40.9,144.7
-79.4,-23.3,163.8
-78.4,-16.6,171.6
-79.7,-13.7,177.6
-82.0,-14.7,175.9
-82.0,-20.1,171.1
-81.1,-20.2,167.7
-79.8,-14.4,174.6
-79.8,-8.9,181.0
-80.9,-13.1,177.1
-81.9,-22.2,168.7
-82.5,-26.1,166.7
-81.7,-24.5,169.9
-79.1,-21.7,174.6
-77.2,-17.8,180.5
-78.1,-14.7,184.6
-78.7,-18.0,180.4
-79.7,-16.1,183.6
-78.5,-8.2,186.9
-78.7,-8.0,188.2
-78.1,-9.7,185.6
-79.0,-10.9,184.7
-79.7,-15.0,179.2
-81.3,-12.5,183.0
-81.9,-15.6,179.9
-80.1,-19.3,175.5
-80.0,-11.3,182.4
-82.2,-4.5,188.1
-82.8,-10.6,182.3
-84.8,-14.7,176.9
-86.8,-18.8,172.1
-85.3,-16.2,174.8
-85.8,-16.4,174.6
-83.5,-22.2,169.3
-83.7,-18.6,172.6
-83.5,-19.8,169.9
-86.1,-26.5,162.8
-84.7,-27.3,162.2
-84.5,-31.1,157.2
-84.6,-25.7,163.9
-84.3,-17.7,171.8
-85.1,-7.3,183.9
-85.9,0.7,190.1
-85.7,-3.2,186.3
-84.8,-9.0,178.9
-84.1,-28.1,157.5
-83.8,-21.1,164.0
-84.1,-21.8,163.3
-86.5,-26.4,161.8
-85.8,-29.9,158.1
-85.9,-24.4,167.0
-88.4,-85.4,109.0
-88.5,-81.2,114.1
-88.3,-106.4,91.1
-87.9,-135.9,65.3
-87.8,-53.4,148.9
-84.1,-49.3,151.4
-84.9,-50.9,145.9
-85.5,-45.1,149.5
-85.9,-49.5,145.1
-85.8,-72.4,122.9
-85.5,-69.9,125.0
-84.4,-37.0,165.0
-85.1,-15.5,183.7
-85.3,-13.7,187.5
-86.0,-18.6,183.0
-85.5,-18.4,183.2
-84.5,-20.4,180.7
-81.0,-16.1,186.2
-82.6,-13.8,187.7
-83.1,-14.0,187.1
-82.9,-11.6,189.2
-82.7,-11.0,186.7
-79.9,-15.3,185.3
-83.7,-11.6,192.9
-86.6,-0.2,205.2
-87.7,2.2,207.3
-86.5,-6.6,198.4
-82.8,-16.7,186.7
-80.3,-5.2,191.5
-79.3,-8.6,189.9
-77.8,-12.4,185.5
-78.7,-16.7,182.5
-79.3,-16.6,182.1
-78.9,-15.3,181.6
-78.3,-16.0,184.6
-78.4,-8.7,190.1
-78.4,-8.8,194.3
-79.3,-15.8,189.8
-79.3,-15.6,185.5
-78.1,-13.3,188.8
-80.8,-14.9,187.2
-80.0,-14.8,182.1
-79.1,-20.0,177.7
-79.5,-28.2,169.2
-80.7,-25.4,169.8
-83.1,-22.7,171.4
-83.1,-19.4,174.4
-82.0,-17.2,182.6
-83.5,-7.9,196.2
-83.7,-4.8,202.1
-81.9,-12.0,200.2
-82.7,-11.8,199.2
-81.7,-5.8,202.8
-82.8,-8.1,198.1
-80.5,-11.4,194.6
-77.3,-22.1,180.7
-76.8,-25.3,176.6
-79.2,-33.1,169.4
-79.6,-33.4,169.9
-81.9,-29.5,175.3
-80.6,-19.8,186.6
-82.0,-16.9,194.0
-82.6,-11.5,200.4
-83.1,-12.0,198.3
-83.1,-0.9,209.3
-83.9,-3.2,203.7
-81.6,-12.4,194.7
-83.1,-15.6,192.1
-84.1,-24.3,182.1
-84.3,-38.5,166.7
-83.4,-45.6,160.5
-85.4,-53.2,149.6
-84.7,-26.1,179.6
-87.1,-8.2,196.9
-87.2,-8.9,197.0
-87.8,-11.7,195.9
-87.2,-15.9,191.1
-87.3,-21.2,184.4
-85.3,-19.2,184.7
-84.6,-22.6,179.9
-84.7,-27.2,175.0
-85.0,-31.6,169.3
-81.1,-32.8,169.1
-78.3,-27.6,172.4
-76.5,-22.6,178.7
-73.3,-13.3,191.4
-72.5,-7.8,193.8
-68.4,-11.3,194.8
-69.8,-9.7,192.4
-68.8,-10.6,193.1
-67.8,-9.6,189.3
-68.3,-8.7,189.6
-69.7,-9.2,188.9
-70.4,-9.4,187.3
-70.5,-7.9,189.9
-68.8,-7.7,189.7
-68.4,-3.6,193.0
-66.0,1.4,199.4
-66.1,1.9,201.0
-69.8,3.3,204.5
-71.3,5.3,203.6
-71.2,10.1,206.9
-70.3,8.4,200.7
-68.1,6.5,197.4
-68.6,4.6,196.2
-69.0,3.5,195.1
-70.4,3.7,195.6
-69.6,0.2,193.2
-70.3,1.2,196.9
-69.3,1.5,197.0
-71.5,5.5,204.8
-72.8,3.9,203.8
-74.3,5.9,205.6
-75.9,10.6,209.6
-76.3,11.6,210.6
-74.2,5.4,201.6
-74.2,5.8,199.1
-74.4,4.0,197.5
-75.5,3.8,195.8
-77.0,0.1,196.0
-77.7,-0.3,195.6
-78.6,3.1,199.7
-77.4,4.3,201.3
-77.9,6.8,204.6
-77.8,5.1,201.6
-78.0,6.9,201.7
-77.7,8.1,202.7
-76.7,3.5,196.9
-77.7,3.8,199.1
-78.4,0.2,192.8
-79.7,-1.6,191.4
-81.0,-5.7,188.9
-81.1,-13.6,182.7
-81.2,-14.4,183.1
-80.3,-6.7,192.7
-80.6,4.9,205.5
-81.2,8.0,206.0
-80.5,10.5,210.1
-78.4,6.9,205.0
-77.7,19.7,214.0
-77.3,20.4,212.6
-75.9,18.8,207.9
-76.1,20.6,207.7
-79.5,16.4,205.0
-79.4,5.1,195.5
-77.2,-6.2,187.7
-77.9,-3.7,196.0
-78.5,-2.3,198.9
-80.0,-0.4,200.8
-80.2,0.3,201.0
-78.3,6.1,209.0
-77.8,1.7,202.0
-76.9,1.2,198.4
-77.6,1.2,196.6
-78.9,-2.0,194.1
-81.6,-9.3,187.7
-82.9,-13.6,184.9
-81.6,-13.0,186.4
-83.5,-6.8,193.6
-83.0,-0.6,200.7
-81.8,1.0,202.8
-83.6,11.5,213.9
-82.7,3.6,206.3
-81.4,3.2,204.3
-81.5,1.3,201.0
-81.3,-1.5,198.5
-82.3,-4.2,196.3
-82.4,-7.4,193.9
-82.4,-11.1,191.5
-81.1,-12.5,190.5
-81.0,-7.4,197.1
-82.7,-9.7,194.7
-83.1,-6.8,197.3
-83.2,-2.4,199.5
-83.6,0.6,199.9
-80.4,0.5,200.9
-82.8,3.6,205.5
-84.5,-5.0,195.9
-86.4,-13.3,191.3
-86.5,-13.0,192.3
-86.6,-0.5,202.2
-83.5,-6.8,202.5
-85.0,-5.1,210.0
-86.7,13.5,230.5
-87.6,34.3,250.2
-87.7,26.3,241.4
-87.1,7.5,221.2
-86.2,1.4,216.8
-86.7,-15.4,198.5
-87.2,-29.5,187.4
-87.9,-29.2,187.9
-86.1,-28.1,191.0
-85.2,-29.7,193.1
-83.8,-27.9,189.6
-85.1,-34.6,186.1
-86.8,-52.4,162.6
-87.4,-48.5,164.8
-86.6,-28.7,183.8
-85.1,-37.2,174.5
-83.5,-33.4,177.5
-85.4,-47.4,163.4
-85.7,-50.4,159.6
-87.2,-49.8,161.3
-87.6,-38.4,172.2
-87.5,-36.2,175.2
-85.8,-21.4,188.7
-86.8,-17.8,190.6
-87.2,-19.6,189.8
-87.5,-13.0,196.2
-88.1,-25.5,183.3
-87.4,-28.9,179.3
-87.5,-38.7,169.0
-85.9,-46.8,160.2
-86.6,-48.1,158.7
-86.4,-50.0,159.3
-85.6,-45.5,162.2
-85.2,-43.6,164.7
-85.7,-42.4,166.6
-86.6,-42.3,168.0
-86.9,-71.1,138.8
-84.8,-39.4,169.6
-84.0,-39.7,168.8
-82.6,-25.6,180.9
-83.3,-24.2,182.1
-83.3,-25.9,179.0
-84.9,-24.3,182.9
-85.1,-26.3,181.0
-84.4,-31.6,176.1
-82.0,-26.6,180.0
-82.5,-18.9,189.2
-82.0,-17.1,189.1
-82.8,-14.7,188.9
-81.2,-8.5,198.1
-80.2,-8.6,198.4
-78.2,-8.9,196.8
-78.8,-18.2,184.6
-77.1,-26.7,179.1
-77.9,-27.6,178.3
-73.5,-15.8,188.6
-74.3,-17.8,184.9
-71.5,-14.8,185.8
-70.3,-16.5,186.5
-71.9,-18.6,183.9
-73.5,-16.6,184.7
-71.7,-14.3,184.5
-70.3,-13.6,181.6
-68.7,-11.1,184.0
-67.5,-14.3,179.9
-68.3,-14.5,179.7
-70.5,-11.6,186.8
-71.3,-13.6,183.3
-71.5,-10.2,181.8
-71.3,-8.2,186.6
-71.9,-7.3,185.6
-73.8,-6.6,187.2
-74.7,-4.6,189.0
-74.9,-4.6,188.9
-73.5,-3.7,189.3
-73.9,-3.8,189.4
-74.1,-6.7,187.6
-75.5,-6.9,186.8
-75.5,-9.3,183.6
-76.5,-11.5,183.3
-75.4,-13.2,184.0
-78.0,-10.5,187.1
-77.5,-15.6,183.9
-78.2,-18.4,182.2
-79.4,-14.8,185.3
-80.5,-15.7,185.6
-79.8,-17.2,183.3
-79.4,-18.5,180.0
-78.0,-23.7,175.6
-78.9,-23.9,179.2
-78.9,-21.8,180.9
-79.6,-18.3,183.9
-77.3,-18.9,183.3
-78.4,-13.8,189.1
-79.0,-16.2,187.1
-80.5,-20.2,183.2
-81.1,-22.5,182.2
-78.9,-18.3,184.8
-79.3,-15.0,187.6
-80.1,-17.6,183.3
-78.7,-18.3,183.9
-80.5,-19.3,183.4
-80.9,-23.3,179.3
-80.7,-25.3,176.0
-80.1,-19.1,185.0
-81.3,-16.1,187.1
-81.4,-17.1,186.3
-82.5,-18.5,182.9
-81.0,-24.8,177.9
-80.5,-20.8,179.4
-79.4,-21.4,179.5
-79.5,-30.6,170.0
-78.9,-33.6,166.1
-80.2,-33.0,165.9
-80.3,-30.1,168.3
-81.5,-29.1,167.0
-80.7,-22.4,176.5
-80.6,-15.5,184.7
-82.5,-21.9,178.4
-84.1,-24.6,174.8
-87.6,116.0,320.7
-88.9,171.0,13.3
-88.1,108.5,305.8
-87.4,24.5,217.3
-86.3,2.5,192.8
-85.7,-14.8,173.0
-86.4,-35.9,154.6
-85.3,-35.4,157.1
-86.0,-44.9,144.2
-87.0,-52.9,139.3
-86.8,-40.2,151.7
-84.9,-69.7,124.7
-85.8,-81.4,112.9
-86.0,-90.6,106.6
-87.3,-96.6,97.8
-85.5,-54.1,139.4
-84.6,-49.5,145.9
-84.6,-50.2,143.5
-85.5,-72.2,123.8
-84.4,-65.9,132.1
-84.6,-73.4,126.3
-85.0,-68.7,132.9
-85.7,-88.7,110.1
-85.0,-86.6,112.8
-86.2,-95.9,103.4
-86.7,-63.5,134.6
-86.1,-54.2,142.3
-83.3,-41.5,152.5
-83.3,-45.0,149.4
-84.2,-55.3,138.9
-84.4,-63.5,131.1
-84.2,-62.1,130.5
-83.8,-45.3,152.2
-83.9,-32.4,167.2
-85.0,-35.5,164.1
-85.5,-51.4,147.4
-84.0,-38.4,160.1
-82.1,-31.6,166.7
-81.2,-42.4,154.1
-79.8,-41.1,154.6
-79.8,-39.0,155.4
-81.5,-53.1,140.1
-81.8,-62.4,130.5
-80.5,-59.4,132.7
-80.4,-58.5,134.4
-80.4,-53.7,139.1
-81.8,-59.1,135.0
-82.5,-65.9,127.9
-83.1,-65.1,129.8
-83.8,-62.1,132.1
-82.6,-57.7,135.2
-82.0,-43.1,148.3
-82.4,-43.9,147.0
-82.0,-47.5,142.3
-82.0,-46.1,145.6
-81.4,-43.7,149.7
-83.5,-51.6,144.3
-83.5,-46.0,149.4
-82.5,-33.6,161.6
-83.6,-38.8,158.8
-84.3,-42.5,152.9
-85.3,-37.1,159.3
-82.6,-39.5,154.6
-80.1,-34.2,160.7
-80.2,-33.9,160.9
-80.5,-38.0,155.5
-81.5,-44.7,147.2
-81.2,-43.4,146.9
-81.9,-44.5,148.7
-80.9,-34.2,158.2
-81.9,-34.9,160.7
-83.5,-43.0,153.2
-83.6,-41.4,152.5
-84.5,-25.4,168.3
-85.3,-28.1,162.2
-83.0,-24.0,164.9
-82.6,-20.6,166.7
-83.2,-11.4,176.5
-83.0,-9.5,181.7
-82.8,-8.2,181.1
-82.3,-10.2,183.0
-81.5,-5.8,188.5
-82.7,1.0,199.7
-83.7,-1.1,196.3
-83.0,-3.6,192.8
-84.2,5.6,200.6
-84.3,-4.5,189.6
-81.7,-12.1,177.6
-81.9,-8.0,179.8
-82.4,-9.0,178.7
-83.1,-18.9,169.5
-82.0,-24.3,164.9
-82.4,-20.5,172.9
-82.6,-15.1,182.3
-82.9,-18.2,180.8
-85.0,-31.4,166.3
-85.4,-29.8,167.7
-84.5,-14.0,182.8
-83.7,-16.9,177.8
-83.2,-8.0,184.4
-83.6,-2.9,188.7
-84.8,-10.7,179.5
-85.4,-15.9,175.0
-84.4,-24.9,168.3
-83.5,-26.1,167.3
-84.0,-19.2,176.5
-84.0,-18.3,176.5
-84.8,-23.2,173.5
-85.8,-26.5,171.8
-85.9,-25.6,170.6
-85.1,-21.7,174.4
-83.5,-19.8,175.1
-83.0,-22.7,170.9
-83.9,-32.0,159.0
-84.6,-52.6,137.7
-83.5,-55.3,134.2
-82.4,-45.6,148.8
-83.1,-42.1,151.2
-85.5,-41.6,154.0
-86.5,-43.7,152.8
-87.4,-41.7,152.8
-87.2,-28.2,165.5
-85.8,-4.5,185.5
-84.4,-6.8,181.9
-83.6,-13.8,170.7
-83.5,-15.6,167.5
-82.9,-12.7,171.9
-81.0,-21.7,164.2
-80.8,-21.6,166.2
-79.4,-22.7,168.6
-80.4,-19.3,173.5
-80.4,-23.1,169.8
-79.7,-21.8,171.8
-80.9,-28.1,167.3
-79.2,-33.8,162.7
-78.6,-37.8,161.7
-79.2,-39.5,158.5
-81.2,-35.8,162.2
-80.2,-28.3,169.9
-80.7,-27.6,173.1
-81.4,-27.5,174.1
-82.4,-33.2,171.8
-83.9,-32.5,170.1
-83.3,-30.2,171.5
-85.3,-37.4,160.1
-84.8,-54.8,138.6
-82.0,-42.5,151.6
-81.0,-36.3,154.9
-80.4,-37.1,151.0
-81.6,-36.5,150.9
-80.3,-32.8,154.8
-79.6,-26.8,162.1
-85.6,-22.6,167.1
-84.9,-22.4,169.3
-86.7,-33.7,159.6
-86.8,-24.0,165.5
-85.5,-11.9,175.5
-84.0,-18.1,166.4
-80.6,-23.0,163.2
-78.9,-21.1,163.9
-80.0,-18.9,165.4
-81.3,-22.0,164.0
-79.8,-21.8,163.0
-78.7,-17.6,173.4
-79.1,-14.1,181.1
-80.2,-15.7,183.4
-83.8,-30.8,169.7
-84.4,-33.0,166.6
-83.9,-25.9,171.6
-80.8,-20.5,175.1
-79.5,-16.4,178.0
-78.4,-20.5,175.0
-77.8,-26.1,170.6
-79.9,-24.8,170.8
-79.0,-23.7,175.5
-78.3,-17.5,183.9
-77.7,-15.6,189.8
-78.1,-15.9,191.0
-80.6,-12.8,192.0
-79.6,-13.0,194.6
-80.3,-10.5,197.7
-77.4,-20.8,184.7
-76.7,-27.0,178.9
-75.6,-25.8,179.1
-75.8,-21.9,178.9
-79.3,-19.2,181.0
-78.3,-22.8,179.5
-77.4,-19.3,188.2
-79.5,-17.0,196.5
-82.0,-12.5,202.1
-82.6,-9.3,202.9
-82.0,-7.9,201.7
-80.9,-17.6,187.9
-78.1,-18.8,187.9
-77.6,-17.9,187.1
-76.9,-19.6,187.9
-78.5,-22.1,186.7
-78.0,-25.7,181.4
-79.9,-15.5,191.6
-80.2,-12.1,197.0
-81.6,-9.9,198.4
-80.4,-14.7,193.2
-81.0,-13.9,194.0
-83.1,4.5,208.8
-86.5,1.8,201.4
-84.7,-9.7,191.3
-79.0,-10.8,191.1
-78.6,-16.4,187.0
-82.2,-14.0,190.4
-81.9,-13.7,189.0
-79.3,-12.7,191.7
-78.2,-2.7,201.4
-78.4,4.8,210.8
-77.7,0.8,212.2
-80.8,1.0,211.7
-84.8,27.9,239.5
-85.5,16.7,228.2
-84.3,0.9,210.6
-82.9,0.1,210.9
-81.9,14.3,223.2
-82.4,14.6,226.1
-81.7,11.5,221.4
-81.5,11.2,222.3
-83.4,19.7,230.5
-83.0,10.8,222.1
-83.9,12.1,223.7
-84.5,12.2,223.4
-82.2,6.8,221.0
-84.8,6.4,218.9
-83.2,0.7,210.6
-81.8,-2.8,207.1
-80.4,-3.9,205.5
-79.9,-6.3,202.5
-80.4,-15.2,194.2
-79.6,-15.0,196.4
-79.4,-10.2,201.5
-77.7,-16.1,199.6
-78.0,-17.9,200.4
-78.5,-18.5,199.1
-78.3,-14.4,204.5
-81.6,-22.3,196.7
-78.0,-26.1,194.5
-77.1,-29.0,192.0
-80.8,-41.6,177.0
-82.0,-41.5,180.8
-82.9,-38.5,182.4
-82.1,-31.6,190.9
-80.4,-23.8,198.5
-79.8,-21.2,202.9
-80.6,-18.2,208.2
-79.6,-16.0,209.6
-78.3,-6.3,220.7
-81.6,-25.9,200.4
-77.0,-40.8,184.6
-74.2,-32.9,195.0
-76.5,-22.4,202.7
-77.5,-21.0,204.4
-79.9,-19.7,204.2
-79.8,-23.8,206.3
-79.2,-25.0,203.9
-79.5,-32.3,192.1
-74.9,-29.3,198.1
-78.0,-32.2,195.2
-78.9,-31.9,194.5
-80.8,-44.2,184.2
-76.8,-42.1,183.5
-71.5,-27.7,196.0
-73.8,-23.8,202.9
-75.6,-25.7,201.0
-77.3,-31.4,192.3
-77.9,-35.2,194.9
-78.1,-40.9,191.2
-79.5,-41.6,193.0
-79.4,-42.8,195.6
-77.7,-36.4,201.1
-80.0,-34.1,200.9
-85.8,-66.0,163.6
-77.3,-34.2,192.3
-77.0,-28.9,196.5
-76.8,-30.0,191.1
-71.9,-45.7,185.1
-69.2,-54.5,179.4
-73.3,-54.5,181.8
-76.4,-57.9,180.4
-76.0,-53.7,182.1
-77.0,-52.3,184.2
-75.1,-44.8,192.6
-77.1,-53.1,182.2
-75.2,-49.1,184.8
-72.0,-36.6,195.5
-74.1,-25.7,201.7
-77.4,-28.4,191.5
-77.3,-37.3,184.1
-77.2,-41.5,184.0
-78.6,-46.7,182.0
-80.2,-56.7,173.1
-81.8,-50.4,179.6
-81.6,-46.2,183.3
-81.8,-40.7,184.9
-81.7,-47.4,177.9
-80.5,-41.6,181.9
-77.1,-29.2,194.2
-74.5,-29.6,196.6
-75.7,-31.2,195.6
-76.7,-43.0,187.3
-77.5,-42.8,191.7
-79.5,-43.1,191.5
-79.9,-46.7,190.5
-78.1,-46.0,192.6
-77.1,-43.9,194.2
-76.4,-43.5,195.6
-78.0,-45.4,193.1
-76.3,-29.4,209.6
-77.2,-24.7,212.6
-77.6,-28.5,208.5
-78.1,-30.6,206.6
-78.3,-33.9,206.3
-78.1,-30.1,213.9
-80.4,-28.3,217.9
-79.3,-25.7,222.7
-80.5,-35.9,213.9
-79.5,-41.9,206.9
-79.0,-43.2,206.4
-78.7,-32.5,212.2
-76.4,-24.6,219.7
-76.0,-17.5,228.6
-77.6,-18.3,230.2
-78.5,-18.9,231.7
-80.4,-25.3,230.6
-85.0,-18.7,238.4
-86.2,-11.0,243.8
-83.4,-23.7,235.6
-84.7,-32.3,223.4
-84.1,-29.2,222.4
-82.4,-14.4,234.0
-76.5,-12.8,237.3
-75.4,-12.5,238.4
-76.9,-15.2,234.9
-79.4,-27.1,226.2
-78.0,-29.3,225.3
-78.1,-17.5,240.7
-79.5,-7.3,250.7
-78.8,-7.3,253.3
-80.9,-17.2,242.2
-81.2,-33.0,225.8
-82.2,-48.5,213.1
-81.7,-39.9,222.2
-78.1,-25.9,239.2
-80.0,-26.9,236.3
-78.2,-34.0,231.6
-77.7,-35.8,232.8
-78.1,-29.4,240.6
-79.5,-21.1,248.2
-77.6,-21.0,250.2
-77.7,-24.8,248.3
-79.8,-29.1,243.8
-80.5,-24.3,250.5
-80.3,-18.8,256.9
-78.1,-18.6,254.3
-75.5,-16.1,259.8
-83.1,-18.4,256.2
-83.0,-31.2,245.4
-82.7,-29.5,248.6
-80.2,-20.7,260.0
-79.8,-12.6,268.2
-80.1,-7.2,273.1
-81.5,-5.1,273.2
-79.1,-7.0,271.2
-80.4,-5.3,272.0
-78.3,-10.5,269.2
-82.2,-13.3,262.4
-82.9,-25.2,252.4
-83.7,-25.5,253.3
-85.7,-26.9,254.4
-86.3,-26.3,256.8
-84.4,-23.5,259.9
-83.3,-11.1,271.6
-82.4,-10.3,273.3
-82.2,-11.3,272.1
-78.5,-19.9,266.5
-79.8,-35.3,258.7
-79.3,-38.0,251.4
-77.9,-31.8,257.8
-79.2,-32.8,253.6
-78.9,-43.4,242.5
-76.7,-48.3,240.7
-77.5,-41.9,246.9
-78.0,-35.8,250.8
-77.6,-28.0,257.9
-78.8,-29.5,253.5
-75.9,-41.3,241.3
-74.2,-41.7,240.0
-76.9,-39.2,239.3
-76.7,-32.1,243.7
-76.9,-35.7,237.3
-78.5,-40.4,235.6
-80.3,-44.1,230.1
-79.5,-47.0,230.0
-79.0,-43.9,235.5
-79.8,-42.5,235.8
-80.1,-36.6,243.3
-80.5,-31.3,251.4
-80.8,-36.0,244.3
-81.9,-40.0,239.4
-82.6,-36.6,238.5
-76.7,-28.1,244.3
-75.0,-20.6,248.5
-78.2,-16.3,251.8
-78.8,-15.1,250.8
-79.1,-19.5,249.4
-79.3,-23.6,249.0
-77.7,-25.0,251.1
-77.3,-26.1,254.5
-79.6,-26.9,251.7
-79.0,-28.9,249.7
-78.9,-28.5,248.2
-76.7,-28.4,245.8
-74.3,-24.7,247.7
-75.0,-22.8,251.3
-79.3,-25.4,245.6
-81.2,-29.0,240.3
-81.7,-35.2,234.6
-82.0,-32.2,239.2
-82.0,-29.5,241.9
-83.4,-38.8,236.8
-85.9,-73.9,202.8
-83.2,-85.8,189.9
-83.3,-78.7,196.4
-80.5,-52.8,222.1
-78.1,-42.1,233.7
-79.3,-41.2,233.9
-80.7,-45.8,230.4
-81.9,-47.3,228.0
-82.6,-49.9,225.9
-84.7,-45.1,232.8
-86.0,-49.3,231.2
-84.1,-45.4,238.3
-84.2,-47.5,237.7
-81.8,-40.4,239.0
-80.9,-41.7,238.6
-80.1,-38.8,240.8
-81.5,-36.7,239.4
-83.0,-43.4,230.5
-83.8,-43.1,228.3
-81.4,-12.4,256.4
-80.5,-6.7,264.9
-78.7,1.1,276.8
-79.4,4.3,277.8
-79.6,20.6,290.6
-80.2,18.1,283.7
-78.6,22.9,284.6
-77.5,-0.5,255.8
-80.7,-4.3,257.9
-80.2,-7.8,260.2
-80.8,-18.8,252.7
-81.8,-20.0,252.4
-83.4,-32.9,247.0
-85.3,-28.2,249.5
-83.8,-13.3,258.6
-81.2,-12.5,256.2
-80.6,-10.5,256.0
-82.7,-23.6,243.0
-83.5,-26.3,239.7
-84.1,-23.2,242.9
-84.6,-28.4,238.4
-84.7,-42.5,224.8
-81.7,-54.4,212.1
-79.0,-48.6,217.3
-79.6,-40.9,224.4
-80.9,-37.1,227.3
-84.6,-34.9,225.5
-85.0,-30.8,228.2
-83.8,-35.0,225.6
-84.7,-27.7,233.3
-83.8,-29.6,233.8
-84.7,-37.2,225.2
-84.5,-32.2,231.6
-82.7,-17.6,241.5
-80.3,-14.8,241.1
-80.5,-12.6,241.4
-82.3,-23.3,231.9
-83.4,-26.3,234.9
-83.7,-31.0,232.6
-84.7,-24.2,245.5
-85.7,-36.5,234.2
-86.1,-51.4,219.9
-85.3,-48.4,221.1
-84.5,-49.3,219.9
-83.4,-41.3,225.6
-78.7,-29.5,237.1
-81.3,-39.7,229.0
-79.3,-38.7,229.1
-80.8,-33.6,231.8
-83.9,-42.1,229.7
-84.2,-42.5,229.5
-83.4,-43.6,229.4
-84.0,-42.2,228.3
-79.7,-32.8,236.9
-81.8,-40.9,230.3
-82.1,-47.7,223.8
-83.7,-33.3,245.8
-84.5,-38.9,244.2
-85.8,-42.1,241.7
-83.5,-35.1,243.8
-80.3,-29.8,252.2
-80.1,-25.3,257.4
-80.5,-27.9,255.5
-80.0,-34.3,253.5
-84.2,-43.5,251.1
-84.5,-50.2,246.5
-83.7,-45.1,248.4
-83.9,-37.9,254.0
-84.7,-46.1,240.3
-82.0,-31.7,245.3
-79.7,-22.2,250.3
-79.7,-24.7,237.6
-80.5,-33.6,222.1
-78.3,-40.9,213.0
-78.3,-39.3,217.3
-80.9,-34.3,223.5
-82.5,-33.7,228.2
-85.6,-30.2,232.5
-85.3,-39.3,224.1
-86.1,-62.6,200.8
-85.7,-60.9,202.2
-81.8,-31.1,233.4
-82.4,-31.1,232.1
-83.6,-43.1,220.1
-83.0,-44.8,220.0
-82.1,-46.9,222.3
-86.2,-44.2,230.2
-86.6,-52.0,224.1
-86.5,-72.8,202.6
-86.7,-98.2,176.7
-85.9,-64.5,207.3
-83.9,-41.7,229.8
-81.1,-35.5,238.7
-82.5,-44.6,229.4
-84.3,-56.4,217.5
-85.5,-48.5,222.6
-85.3,-46.6,227.2
-86.0,-42.6,234.5
-86.9,-43.9,233.5
-87.2,-46.9,230.8
-85.5,-29.7,246.7
-85.3,-21.4,256.2
-84.0,-40.8,233.4
-81.1,-39.0,236.6
-80.9,-26.3,246.9
-82.1,-25.2,245.9
-84.5,-44.1,227.7
-81.9,-46.6,224.0
-81.4,-41.9,232.4
-83.8,-25.3,249.8
-83.7,-31.3,245.5
-85.1,-53.2,225.2
-85.7,-74.2,201.0
-83.7,-50.4,224.3
-83.9,-50.3,224.5
-84.2,-80.8,193.1
-83.3,-80.8,194.5
-88.2,-92.4,185.0
-88.1,-60.6,222.2
-86.7,-48.1,235.3
-86.3,-54.1,229.3
-86.0,-87.6,195.4
-84.2,-49.4,228.6
-83.5,-37.4,239.7
-82.0,-22.9,249.6
-83.9,-32.4,237.1
-82.2,-43.0,227.6
-81.7,-43.3,230.0
-84.9,-44.8,228.8
-86.1,-50.1,227.2
-86.8,-63.9,215.3
-87.5,-80.6,195.0
-87.6,-109.0,167.4
-86.5,-78.6,195.5
-85.0,-49.7,221.0
-82.2,-34.7,236.9
-80.7,-36.1,234.7
-82.1,-43.1,228.8
-81.5,-54.0,213.8
-80.9,-51.3,222.1
-81.3,-42.6,231.9
-83.1,-34.5,240.8
-84.3,-35.5,238.9
-85.0,-49.5,224.2
-85.2,-57.1,217.1
-85.2,-57.9,214.8
-82.0,-41.2,229.0
-79.4,-29.0,240.6
-79.5,-23.7,245.6
-82.6,-33.2,235.4
-80.7,-43.8,225.9
-81.8,-40.7,234.0
-83.6,-34.2,242.7
-85.2,-41.6,239.3
-87.4,-65.6,212.5
-87.3,-65.1,213.2
-86.7,-63.6,214.3
-85.0,-51.5,225.3
-82.7,-42.5,232.7
-82.1,-42.2,232.7
-82.3,-55.6,217.4
-83.1,-71.6,204.4
-82.5,-73.7,200.8
-83.4,-76.4,199.9
-83.1,-70.5,208.2
-83.4,-83.7,199.5
-83.0,-92.6,189.4
-83.4,-97.9,184.6
-82.6,-85.2,188.9
-78.8,-60.8,217.1
-79.0,-51.4,227.3
-79.1,-49.1,232.0
-80.8,-54.0,228.5
-82.2,-59.8,222.9
-84.2,-59.0,222.7
-83.2,-42.2,242.9
-84.5,-43.6,240.5
-82.1,-42.6,241.5
-79.6,-38.4,247.0
-83.1,-26.1,259.6
-85.4,-42.5,241.8
-86.1,-49.9,235.3
-84.4,-47.2,238.3
-82.3,-39.9,245.9
-83.6,-60.0,226.0
-84.6,-75.2,210.6
-83.6,-58.7,227.4
-82.3,-42.6,249.5
-86.8,-79.9,205.2
-82.6,-58.2,228.7
-82.1,-42.1,243.7
-80.6,-33.9,251.9
-81.9,-41.8,239.2
-79.3,-63.6,216.5
-79.3,-66.0,211.5
-80.3,-66.9,206.5
-80.1,-58.3,217.3
-79.9,-53.2,221.5
-81.0,-53.1,225.4
-81.6,-56.0,224.3
-80.5,-53.7,230.8
-81.2,-57.3,226.4
-80.3,-46.5,237.3
-82.3,-51.7,231.9
-80.3,-46.8,235.1
-79.9,-46.2,235.6
-79.9,-42.4,237.6
-81.1,-45.1,235.6
-80.7,-51.4,229.8
-81.3,-55.3,229.1
-82.7,-53.0,229.2
-83.1,-45.8,240.6
-83.7,-43.8,242.7
-83.9,-46.8,239.7
-83.3,-39.8,244.8
-85.5,-32.5,251.9
-83.9,-14.7,269.5
-82.1,-25.6,259.4
-81.3,-28.3,255.9
-81.4,-35.8,246.2
-81.5,-45.8,238.3
-81.5,-53.0,232.8
-82.5,-48.6,237.6
-82.0,-39.0,250.9
-81.0,-35.7,255.0
-81.6,-38.0,254.9
-81.1,-37.0,255.7
-80.7,-31.7,258.3
-82.2,-29.2,260.3
-80.0,-24.1,264.0
-80.1,-23.0,265.4
-83.4,-20.4,266.9
-84.6,-24.8,262.9
-85.7,-29.6,257.9
-85.0,-31.9,255.1
-85.4,-29.5,257.8
-84.3,-25.1,262.6
-84.4,-33.5,255.7
-85.3,-40.6,249.7
-87.6,-64.8,225.8
-88.9,-65.8,220.6
-87.6,-6.2,275.8
-87.0,-4.3,277.4
-88.2,-17.0,262.8
-88.4,-83.5,195.4
-88.3,-95.5,185.1
-86.2,-160.5,118.3
-85.5,-136.6,146.6
-86.0,-153.1,130.0
-87.1,-161.7,122.2
-86.6,-162.0,123.6
-86.9,-155.4,131.7
-87.7,-149.4,135.4
-88.5,-138.7,145.9
-87.6,-5.4,279.9
-87.3,-14.1,272.2
-88.0,-74.4,213.8
-87.9,-62.4,225.4
-87.3,-43.1,244.1
-86.1,-40.6,250.7
-87.7,-21.9,269.8
-87.7,-19.2,272.5
-87.8,-68.2,219.8
-88.1,-51.8,236.0
-89.5,-104.6,179.1
-88.9,-49.2,235.7
-85.2,-19.4,264.3
-86.2,-14.7,266.7
-87.0,-40.2,243.5
-87.7,-56.2,228.2
-86.5,-109.2,180.2
-85.6,-141.4,151.1
-86.5,-131.1,160.6
-85.7,-124.3,165.9
-85.3,-115.9,175.8
-86.3,-112.2,178.8
-85.5,-101.1,188.4
-84.8,-73.5,214.4
-85.0,-59.9,225.9
-85.4,-60.9,224.8
-85.8,-79.6,208.4
-85.4,-90.4,198.5
-85.4,-95.4,193.8
-86.0,-79.5,212.0
-86.0,-51.1,240.5
-85.0,-44.8,247.5
-85.0,-50.2,240.8
-88.3,-55.0,236.0
-87.4,-50.3,238.2
-85.9,-35.9,253.9
-84.4,-18.7,270.0
-84.2,-24.9,265.2
-85.7,-33.4,257.7
-85.7,-40.6,250.5
-87.0,-66.0,228.4
-86.3,-61.3,233.2
-85.6,-39.1,256.7
-85.8,-37.0,257.6
-85.1,-58.6,235.3
-84.3,-63.6,232.8
-86.6,-66.7,229.6
-87.6,-74.3,219.8
-84.9,-31.7,261.5
-82.8,-29.4,263.9
-84.4,-40.5,255.0
-86.0,-53.1,243.4
-85.9,-53.9,242.7
-84.7,-47.4,254.2
-84.8,-43.3,260.7
-84.5,-51.8,255.5
-85.2,-58.8,252.6
-83.7,-57.4,257.5
-84.0,-70.6,246.8
-84.3,-67.7,253.4
-82.2,-46.6,274.1
-81.1,-40.3,280.7
-82.0,-30.2,291.2
-83.3,-26.6,294.4
-83.7,-10.4,304.5
-82.3,5.0,314.9
-82.1,15.7,319.1
-80.9,6.7,309.4
-81.7,-2.1,300.5
-82.6,-14.1,285.7
-83.5,-20.5,277.9
-84.2,-14.3,282.2
-80.3,-17.8,274.3
-76.3,-20.2,273.0
-77.4,-23.9,261.3
-80.4,-25.4,259.6
-80.8,-27.1,254.4
-80.5,-24.0,258.9
-79.4,-16.8,265.0
-78.1,-7.1,275.6
-79.0,-4.1,276.9
-80.1,-3.4,278.5
-78.6,2.3,276.8
-77.0,-2.0,274.8
-71.4,-6.6,269.6
-72.0,-5.0,268.6
-76.9,-1.0,272.1
-75.0,-2.0,270.1
-72.8,-5.0,271.8
-77.1,-0.8,277.5
-79.2,1.3,279.2
-81.7,2.7,284.8
-82.9,2.5,285.1
-81.7,0.2,279.3
-82.0,-6.0,273.0
-81.8,-11.2,267.9
-81.1,-7.5,269.7
-82.5,-4.5,275.4
-86.1,-14.4,267.4
-84.7,-12.5,269.0
-84.3,-22.4,260.7
-85.3,-23.9,261.1
-85.3,-17.2,271.5
-86.6,-15.1,274.3
-86.4,-14.1,275.8
-84.1,-5.8,282.8
-82.0,2.4,286.4
-79.5,-4.4,279.6
-76.6,-10.1,271.5
-77.8,-9.0,270.5
-80.9,-7.3,270.4
-80.5,-11.1,267.9
-79.2,-15.0,267.0
-79.4,-13.1,270.5
-81.0,-13.5,273.2
-82.0,-15.5,273.0
-82.4,-18.7,268.0
-83.9,-9.1,276.5
-85.0,-4.1,280.6
-82.0,-5.8,278.7
-77.4,-6.2,278.7
-78.3,-4.9,278.4
-80.1,-20.3,265.9
-80.1,-21.4,263.3
-79.5,-21.4,265.6
-78.9,-12.8,275.3
-78.4,-11.9,279.1
-78.7,-23.3,270.6
-79.7,-23.6,267.5
-80.7,-16.8,272.6
-81.0,-23.1,268.3
-80.9,-24.8,266.3
-78.7,-22.5,267.2
-77.9,-27.0,265.6
-80.2,-42.3,252.5
-79.9,-44.4,252.4
-79.2,-44.6,253.2
-80.0,-43.3,254.1
-80.7,-38.1,257.8
-80.7,-42.4,256.4
-82.8,-45.4,250.6
-86.1,-55.4,240.1
-86.5,-45.1,247.1
-81.6,-18.9,270.1
-80.8,-15.1,270.1
-80.9,-27.0,256.9
-82.7,-28.5,251.5
-82.0,-19.0,254.3
-80.5,-21.7,255.2
-81.5,-26.7,251.8
-82.3,-28.2,252.2
-82.8,-22.6,259.2
-84.2,-17.8,262.9
-82.4,-12.8,272.3
-83.6,9.4,295.6
-81.9,0.6,288.2
-80.6,-0.9,287.3
-80.4,10.6,301.1
-82.4,34.1,323.8
-83.3,33.3,325.0
-82.7,21.4,306.7
-81.6,17.3,304.1
-80.7,20.5,307.6
-80.1,18.0,303.8
-81.4,22.5,302.3
-80.1,16.2,290.3
-79.4,10.5,278.4
-75.0,0.3,265.0
-73.7,2.4,265.7
-73.1,7.4,269.4
-75.6,5.5,281.5
-79.4,3.0,279.9
-79.9,-6.4,273.3
-80.8,1.8,283.6
-80.2,6.7,291.2
-80.8,7.4,292.0
-80.7,1.0,286.4
-79.9,3.7,287.6
-79.6,21.4,303.0
-78.4,8.3,288.5
-74.9,-3.2,276.3
-72.7,-2.3,278.2
-70.1,-9.4,271.7
-72.9,-11.1,269.7
-72.2,-14.2,260.9
-72.5,-18.6,258.7
-72.4,-18.8,257.8
-74.4,-22.5,255.8
-75.0,-25.0,253.9
-71.3,-14.5,261.3
-71.2,-11.9,264.1
-72.6,-14.0,262.4
-70.8,-16.7,251.6
-72.0,-16.9,252.3
-73.1,-15.2,251.5
-75.0,-16.1,247.0
-76.7,-19.2,242.3
-77.3,-17.2,246.9
-77.2,-15.4,247.1
-75.8,-19.2,246.9
-75.8,-23.8,242.7
-75.9,-29.2,241.0
-76.5,-28.9,243.2
-78.6,-25.1,246.7
-74.9,-17.0,251.8
-73.8,-11.8,259.2
-74.8,-7.4,265.4
-78.1,-7.4,265.1
-79.9,-7.8,264.4
-80.4,-12.3,258.6
-79.4,-16.0,257.5
-80.3,-8.4,264.2
-79.3,-2.1,268.1
-74.5,-3.2,262.1
-70.7,-3.0,261.2
-68.8,-5.2,257.2
-74.9,-1.3,257.0
-73.2,-0.6,254.5
-72.2,2.0,255.1
-70.4,3.3,258.8
-70.7,2.0,259.8
-75.0,-2.9,260.8
-76.1,-2.9,261.7
-74.0,-1.1,263.2
-74.1,0.9,266.9
-74.6,-0.3,264.9
-76.1,-3.3,262.7
-77.5,-2.1,263.8
-76.3,-5.1,259.9
-73.8,-9.1,254.9
-73.5,-7.0,257.2
-73.1,-6.6,255.7
-74.4,-6.5,257.1
-75.5,-6.6,254.7
-76.1,-9.0,254.4
-76.0,-6.6,258.4
-76.9,1.3,264.0
-76.8,3.1,268.6
-77.3,4.9,270.9
-78.9,4.4,270.3
-81.0,7.6,271.6
-80.5,2.8,266.6
-78.5,2.4,261.1
-77.6,3.2,261.2
-77.2,4.0,262.0
-78.4,7.1,265.9
-77.8,2.0,262.3
-79.0,1.0,265.2
-78.7,-0.5,263.9
-77.3,-2.3,262.5
-76.7,-0.2,265.5
-77.6,2.2,265.6
-77.5,1.1,264.1
-78.2,3.5,265.5
-78.6,6.7,264.7
-77.3,4.6,261.2
-75.0,1.7,255.2
-75.5,-0.5,252.1
-77.8,-5.2,246.9
-76.5,-7.1,245.0
-77.8,-8.0,245.0
-78.0,-3.5,246.6
-77.9,-1.8,248.1
-77.7,1.7,249.8
-78.5,2.8,249.0
-76.3,4.1,246.6
-75.0,4.8,245.3
-77.4,5.6,246.6
-73.7,1.5,229.6
-73.5,0.0,224.2
-75.6,2.3,220.7
-77.0,-1.8,217.0
-77.9,-0.1,215.2
-77.3,-6.9,209.3
-75.4,-11.2,203.7
-75.9,-13.3,199.3
-75.7,-18.7,191.9
-78.1,-19.2,186.8
-79.8,-11.2,189.1
-80.0,-8.8,184.9
-76.1,7.1,196.4
-74.8,3.4,193.3
-75.5,4.9,193.4
-75.3,-3.7,183.1
-73.8,-12.1,175.5
-75.8,-14.6,175.9
-76.8,-15.2,176.8
-75.8,-15.1,176.9
-74.7,-14.1,179.9
-76.7,-11.1,182.0
-76.7,-9.8,183.1
-76.0,-3.7,187.9
-76.9,4.9,188.6
-75.9,2.2,183.3
-75.3,0.0,178.5
-74.6,-8.4,172.0
-79.5,-2.9,174.4
-77.8,-2.5,171.8
-77.0,-8.6,171.4
-76.7,-1.7,180.1
-75.8,-2.0,181.5
-79.6,-3.3,183.6
-80.0,-4.5,184.3
-78.6,4.2,191.5
-81.4,6.7,193.7
-82.2,-6.5,180.6
-78.9,-10.8,174.0
-79.4,-6.7,176.0
-80.0,-7.1,173.9
-80.1,-6.1,173.2
-86.1,17.6,192.0
-84.8,-15.3,161.0
-83.9,-14.0,162.4
-81.9,-10.0,169.5
-81.7,-5.0,175.5
-83.1,3.6,183.3
-82.5,2.4,180.5
-80.8,-4.0,171.8
-78.1,-4.5,170.0
-77.1,-4.1,170.4
-77.5,-3.4,170.8
-79.4,-9.0,167.7
-78.0,-7.7,167.3
-79.3,-5.4,172.2
-79.1,-2.7,174.7
-78.4,-1.4,178.8
-78.9,-0.9,179.2
-81.5,-6.1,176.3
-82.7,-5.4,178.5
-83.9,-2.3,179.6
-83.1,-6.5,177.4
-80.2,-7.2,173.8
-79.1,-9.4,172.2
-80.6,-12.4,172.7
-79.7,-12.2,173.1
-78.2,-12.7,172.8
-78.2,-2.6,295.0
-78.6,4.1,300.4
-77.1,4.8,295.5
-76.0,-1.0,289.2
-75.8,-1.0,289.4
-74.3,3.4,293.0
-73.7,5.7,297.3
-75.1,4.4,296.9
-75.7,2.7,294.7
