Row,DOWN
0,-0.030772607
1,-0.057134624
2,-0.06650884
3,-0.254161793
4,-0.405360415
5,-0.305695242
6,-0.229715961
7,-0.281334536
8,-0.349846564
9,-0.048344519
10,-0.177468098
11,-0.003581339
12,0.075139434
13,0.542101475
14,0.429327678
15,0.310290848
16,0.22613642
17,0.265566575
18,0.174825577
19,-0.117961803
20,-0.254529587
21,-0.344871537
22,-0.360349608
23,-0.268672856
24,-0.000779097
25,-0.05687196
26,0.254113727
27,0.281794744
28,0.365993894
29,0.208680657
30,-0.210353838
31,-0.3150857
32,-0.246693877
33,-0.28323523
34,-0.186693416
35,0.126211434
36,0.218983194
37,0.239206607
38,0.328933503
39,0.092143302
40,-0.0450707
41,-0.149793243
42,-0.13249459
43,-0.110857667
44,0.154277948
45,0.185684264
46,0.08804136
47,0.008938309
48,-0.261709368
49,-0.310014705
50,-0.143906638
51,-0.12388196
52,-0.003171374
53,0.094060316
54,0.315873299
55,0.156507794
56,-0.000231909
57,-0.222759838
58,-0.322352139
59,-0.410998535
60,-0.27265356
61,-0.154277606
62,-0.079162262
63,0.081533384
64,0.059767821
65,0.27813936
66,0.341567741
67,0.314392136
68,0.355405748
69,0.025438318
70,-0.098218565
71,-0.393421172
72,-0.32749887
73,-0.313738019
74,-0.165851229
75,-0.048989279
76,0.083235517
77,0.143981388
78,0.340685258
79,0.217858799
80,0.292444157
81,0.271612884
82,-0.066863924
83,0.075530774
84,-0.359633703
85,-0.252721783
86,-0.29036104
87,-0.422884802
88,-0.259151844
89,-0.29585197
90,-0.151767672
91,-0.09778471
92,-0.082410236
93,0.097433714
94,0.05377154
95,0.487722443
96,0.342098711
97,0.17949072
98,0.295680764
99,0.272480789
100,0.370365709
101,0.293782557
102,0.321288704
103,-0.115642293
104,0.201148867
105,-0.125824712
106,0.027346045
107,-0.356431283
108,-0.340218331
109,-0.354144543
110,-0.382615489
111,-0.333706764
112,-0.351107587
113,-0.22699264
114,-0.173004242
115,-0.223326627
116,-0.203767335
117,-0.050840703
118,-0.059007136
119,-0.04149658
120,0.065951104
121,0.065551921
122,0.197557952
123,0.377478086
124,0.347703797
125,0.43148185
126,0.317855113
127,0.364090908
128,0.311648136
129,0.317711656
130,-0.105538165
131,0.032932617
132,-0.269268938
133,-0.287728438
134,-0.354727737
135,-0.500679877
136,-0.213647254
137,-0.18414599
138,-0.143686675
139,-0.040800475
140,-0.077282614
141,0.183105862
142,0.041219977
143,0.321777289
144,0.480792352
145,0.2615181
146,0.189258386
147,-0.266144625
148,-0.258642976
149,-0.445634236
150,-0.19973346
151,-0.187343966
152,-0.115412546
153,0.110392406
154,0.411421188
155,0.338713854
156,0.347783622
157,0.356081813
158,0.081597039
159,-0.142665539
160,-0.19135958
161,-0.258989419
162,-0.35076261
163,-0.169919813
164,-0.043030164
165,0.004323034
166,0.169547878
167,0.213365051
168,0.193012603
169,0.156886501
170,0.292112122
171,0.24123921
172,0.168508668
173,0.083369135
174,-0.082596277
175,-0.079287904
176,-0.27520005
177,-0.303870448
178,-0.387060448
179,-0.413732596
180,-0.251541974
181,-0.160959793
182,0.069650856
183,0.150736127
184,-0.008786656
185,0.241173483
186,0.403081538
187,0.223260493
188,0.40912821
189,0.033391522
190,-0.114555117
191,-0.347816748
192,-0.34583887
193,-0.208482958
194,-0.093712752
195,-0.000948336
196,0.014919544
197,-0.01728304
198,0.289740177
199,0.303603785
200,0.321202241
201,0.296902419
202,0.108536353
203,0.214844365
204,0.07139041
205,0.030151225
206,-0.143919044
207,-0.39321138
208,-0.297312756
209,-0.310861258
210,-0.260182996
211,-0.28175357
212,-0.093904791
213,-0.172521409
214,0.043939035
215,0.034532999
216,0.050092613
217,0.31032241
218,0.316061573
219,0.249213379
220,0.193427282
221,0.153947817
222,-0.044856337
223,-0.188480761
224,-0.162397849
225,-0.361417875
226,-0.403180315
227,-0.179999024
228,-0.044744526
229,-0.010759296
230,0.291015027
231,0.150283992
232,0.234672371
233,0.362361526
234,0.217772915
235,0.193618439
236,-0.114088668
237,-0.176243244
238,-0.283495265
239,-0.275061699
240,-0.408726439
241,-0.329210742
242,-0.173080965
243,-0.048572729
244,-0.056400864
245,0.309642178
246,0.196524702
247,0.432712441
248,0.373964234
249,0.395491306
250,0.225313959
251,-0.050156617
252,0.155781352
253,-0.386255847
254,-0.232374154
255,-0.218196498
256,-0.303507969
257,-0.085459814
258,-0.013993348
259,0.120728625
260,0.011659846
261,0.100579455
262,0.295799171
263,0.375777342
264,0.318852966
265,0.297821536
266,0.193702203
267,0.267225212
268,0.084474117
269,-0.049467057
270,-0.169953586
271,-0.17403009
272,-0.202563008
273,-0.432488533
274,-0.324330015
275,-0.297874804
276,-0.040284423
277,-0.019297346
278,-0.099970536
279,-0.141571845
280,0.05256669
281,0.330148746
282,0.300007301
283,0.367339028
284,0.459250043
285,0.311297893
286,0.385463842
287,0.263283444
288,0.133745634
289,-0.219065722
290,-0.090837083
291,-0.408613275
292,-0.405095684
293,-0.333920378
294,-0.17084035
295,-0.050528302
296,-0.040206917
297,-0.089892488
298,0.208431318
299,0.133725124
300,0.318956466
301,0.101803813
302,0.26669542
303,0.16054237
304,0.076341815
305,-0.227526417
306,-0.342971654
307,-0.322918014
308,-0.192327005
309,-0.161060794
310,-0.075020393
311,0.119826348
312,0.19079974
313,0.352261981
314,0.279125724
315,0.23822462
316,0.244373802
317,0.142900709
318,0.1057593
319,-0.202934534
320,-0.186749206
321,-0.349507471
322,-0.307591927
323,-0.289360154
324,-0.216096781
325,-0.095349219
326,0.002595366
327,-0.067471444
328,0.350530744
329,0.36399577
330,0.185430104
331,0.121958725
332,-0.03521373
333,-0.187469802
334,-0.337816855
335,0.133347098
336,0.244270623
337,0.375030662
338,0.327218042
339,0.252920562
340,0.146486902
341,0.018331239
342,-0.058410592
343,-0.299194646
344,-0.244086563
345,-0.339660135
346,-0.33313515
347,-0.003674774
348,0.147869864
349,0.213181858
350,0.269718644
351,0.071112707
352,-0.275766459
353,-0.247499291
354,-0.147342285
355,0.268668778
356,0.392070368
357,0.320682835
358,0.359695349
359,0.437638372
360,0.173179544
361,-0.014837303
362,-0.195727982
363,-0.270600989
364,-0.270006602
365,-0.172951159
366,-0.091556279
367,-0.24119516
368,-0.30367299
369,0.310421285
370,0.046375656
371,-0.234651229
372,-0.57774413
373,-0.234863286
374,0.005652005
375,0.381580279
376,0.19115279
377,0.181078914
378,-0.106573078
379,-0.292164793
380,-0.268748265
381,-0.066885455
382,-0.018811631
383,0.130013467
384,0.184947833
385,0.186078329
386,0.200849512
387,-0.066159814
388,-0.391257916
389,-0.255891946
390,-0.010723393
391,0.051198788
392,0.259549355
393,0.147999334
394,0.091268508
395,-0.088253513
396,-0.284194954
397,-0.229762312
398,-0.055462909
399,-0.008867726
400,0.222496277
401,0.259702897
402,0.106547855
403,-0.227488491
404,-0.355739965
405,-0.250088043
406,-0.118825543
407,0.312199796
408,0.160504556
409,0.282318093
410,0.088728124
411,-0.230985603
412,-0.338694198
413,-0.082530327
414,0.10558987
415,-0.130401084
416,0.157757912
417,0.232718269
418,0.030673935
419,-0.228054583
420,-0.298191559
421,-0.236359935
422,-0.207694993
423,0.094620743
424,0.302150137
425,0.196629873
426,0.027640399
427,-0.272226882
428,-0.239712669
429,-0.044863548
430,0.126591895
431,0.228170859
432,0.321315448
433,0.046689562
434,-0.274038552
435,-0.10245093
436,-0.122791811
437,0.197576365
438,0.161916625
439,0.084245346
440,-0.114605084
441,-0.320555341
442,-0.124649834
443,0.046514585
444,0.119781911
445,0.14967371
446,0.042013634
447,-0.160279605
448,-0.162090307
449,-0.210921584
450,0.139248688
451,0.308025738
452,0.127609945
453,-0.354508051
454,-0.11522675
455,0.127975375
456,0.218329027
457,-0.04355033
458,-0.245182964
459,-0.125493265
460,0.182886035
461,0.108434544
462,0.050189139
463,-0.230609472
464,-0.031484726
465,0.126725206
466,0.113715328
467,-0.005143942
468,0.015020789
469,0.093205725
470,-0.134388362
471,-0.153707201
472,0.19780536
473,0.128808865
474,-0.116118878
475,-0.442160004
476,-0.052898859
477,-0.057260437
478,0.482926521
479,0.185303977
480,0.166543833
481,-0.138205173
482,-0.433780766
483,-0.233612517
484,-0.121636956
485,0.094190878
486,0.542651869
487,0.144063072
488,0.080777701
489,-0.07333575
490,-0.242532691
491,-0.135242142
492,0.167307312
493,0.025419464
494,-0.144440535
495,-0.246664784
496,0.193510827
497,0.069848121
498,0.023171558
499,-0.024562234
500,0.02185349
501,-0.156640159
502,0.22454875
503,0.01991017
504,-0.167671485
505,-0.228173117
506,0.002861243
507,0.143501201
508,0.141952765
509,-0.044855375
510,-0.199256494
511,-0.21483421
512,-0.271702852
513,0.179687933
514,0.217385576
515,0.04550759
516,-0.292622897
517,-0.293478654
518,-0.092042207
519,-0.019867995
520,0.289892703
521,0.178453659
522,0.053028349
523,-0.203580312
524,-0.312468967
525,-0.158260499
526,0.031925509
527,0.134420038
528,0.143544739
529,0.178978396
530,0.05411235
531,-0.144661445
532,-0.164261992
533,-0.048655838
534,0.013515879
535,0.285711871
536,0.302513112
537,0.124580027
538,0.032432111
539,-0.340064158
540,-0.300950961
541,-0.106893546
542,0.32362636
543,0.258839319
544,0.223489662
545,-0.072251095
546,-0.165668912
547,-0.280541178
548,0.000551081
549,0.265070584
550,0.370653652
551,0.212946627
552,0.203446127
553,-0.13603349
554,-0.314112065
555,-0.078649076
556,-0.085010346
557,0.075121254
558,0.185592162
559,0.301798021
560,0.055584359
561,-0.103868952
562,-0.370558659
563,-0.262695058
564,-0.013018388
565,0.198999279
566,0.224449424
567,0.179968332
568,-0.000778225
569,-0.129780511
570,-0.294381317
571,-0.212961448
572,-0.084959966
573,-0.093737302
574,0.289556656
575,0.223439167
576,0.214542413
577,-0.06093258
578,-0.27328503
579,-0.434149657
580,-0.131998389
581,-0.064619496
582,0.27216739
583,0.205684106
584,0.192971613
585,0.049871988
586,-0.156384927
587,-0.338151641
588,-0.133709449
589,-0.029674911
590,0.257044264
591,0.361291437
592,0.175819913
593,0.174983372
594,-0.171396591
595,-0.176882318
596,-0.049271329
597,-0.06958634
598,0.250419367
599,0.157434954
600,0.308347893
601,0.01694771
602,-0.167185469
603,-0.251126632
604,-0.203804195
605,-0.060957883
606,0.175862572
607,0.216925093
608,0.115874187
609,-0.063287177
610,-0.367208693
611,-0.220399853
612,-0.086735445
613,0.215391785
614,0.229555457
615,0.151962299
616,-0.048062491
617,-0.306492368
618,-0.167513715
619,-0.033538151
620,0.255232362
621,0.232444752
622,0.205521178
623,0.00981234
624,-0.297515975
625,-0.171753999
626,-0.043150571
627,0.176714121
628,0.200641262
629,0.112266218
630,-0.086885401
631,-0.240368597
632,-0.091638071
633,0.0294375
634,0.195377165
635,0.218663588
636,0.025314343
637,-0.204721992
638,-0.197788982
639,-0.012331823
640,0.057050169
641,0.225299187
642,0.166681361
643,0.001663532
644,-0.218080324
645,-0.190998693
646,-0.010403328
647,0.00108905
648,0.251015326
649,0.132336938
650,0.170549765
651,-0.162350529
652,-0.184264806
653,-0.169750672
654,0.057481286
655,0.293794923
656,0.282994277
657,0.057113199
658,-0.238968405
659,-0.257885341
660,-0.219101393
661,0.088583225
662,0.232564761
663,0.161340574
664,-0.06931278
665,-0.357777308
666,-0.060348566
667,-0.173983868
668,0.176444735
669,0.226854655
670,0.209618413
671,-0.288568245
672,-0.315273026
673,-0.128487805
674,0.103784283
675,0.213672796
676,0.246031621
677,0.042280586
678,-0.322289926
679,-0.367323689
680,-0.125828858
681,0.26034418
682,0.202320523
683,0.224355823
684,-0.118074047
685,-0.275487714
686,-0.122796274
687,-0.14527002
688,0.271926518
689,0.246593572
690,0.218389867
691,-0.004901388
692,-0.3207384
693,-0.338703481
694,-0.224147862
695,0.23161693
696,0.390220522
697,0.109866438
698,0.049734677
699,-0.272786931
700,-0.399792624
701,-0.232901381
702,-0.020779466
703,0.088737026
704,0.331864945
705,0.24596298
706,0.021971018
707,-0.337398563
708,-0.287154312
709,-0.188304293
710,-0.143974386
711,0.356499497
712,0.317811128
713,0.264288561
714,0.07162556
715,-0.29261285
716,-0.34082234
717,-0.058389487
718,-0.166194528
719,0.155871328
720,0.204630369
721,0.09761944
722,-0.306005456
723,-0.445939945
724,-0.003906779
725,-0.049669476
726,0.343365878
727,0.198750541
728,0.081673202
729,-0.205505101
730,-0.302569743
731,-0.078262699
732,0.087106334
733,0.316856377
734,0.288954216
735,0.072526058
736,-0.189783819
737,-0.300879085
738,-0.183355665
739,0.245259373
740,0.271409321
741,0.262962621
742,0.078321387
743,-0.304308402
744,-0.124528408
745,-0.008080098
746,0.267280974
747,0.260657913
748,0.173735731
749,-0.112575198
750,-0.28845401
751,-0.142820291
752,-0.063357517
753,0.214716587
754,0.269956642
755,0.13220685
756,-0.158919358
757,-0.068090308
758,0.136656021
759,0.231890614
760,0.140856513
761,-0.122482121
762,-0.224401886
763,-0.127663502
764,0.045567622
765,0.264737616
766,0.146308877
767,-0.148284742
768,-0.262164738
769,-0.037190471
770,-0.03862087
771,0.174877551
772,0.354253318
773,0.236050973
774,-0.035243508
775,-0.180345595
776,-0.178121095
777,-0.021810681
778,0.312166288
779,0.291530791
780,0.174736283
781,-0.050244379
782,-0.243587496
783,-0.18521343
784,-0.107371329
785,0.172335165
786,0.227674215
787,0.206270722
788,-0.161630234
789,-0.29694008
790,-0.084373468
791,0.087885449
792,-0.048756245
793,0.237326113
794,0.247946889
795,-0.054928948
796,-0.168114799
797,-0.197393885
798,-0.212720171
799,-0.090566849
800,0.245899099
801,0.417168841
802,0.142089073
803,0.181284844
804,-0.328108812
805,-0.245307935
806,0.007110962
807,0.114279492
808,0.398058372
809,0.218079403
810,0.201336876
811,-0.336934358
812,-0.272701613
813,-0.227076138
814,-0.103346505
815,-0.067038703
816,0.194915575
817,0.316700715
818,0.205862454
819,0.084757196
820,-0.130152492
821,-0.368513352
822,-0.142449093
823,-0.127544495
824,-0.052391103
825,0.238504331
826,0.190696772
827,0.169196542
828,-0.016758772
829,-0.247526127
830,-0.219051066
831,0.01167945
832,0.011942076
833,0.122293968
834,0.253826435
835,0.096856242
836,-0.059568233
837,-0.116789617
838,-0.314005898
839,-0.312236379
840,0.051419728
841,0.171958035
842,0.34865779
843,0.258087607
844,0.062748961
845,-0.224838199
846,-0.253846476
847,-0.255719946
848,-0.273390401
849,-0.102868383
850,0.163433936
851,0.376043446
852,0.273107261
853,0.246895135
854,0.202607684
855,-0.042571906
856,-0.39563269
857,-0.429837171
858,-0.229544362
859,-0.030499765
860,-0.163153304
861,0.212195773
862,0.358995731
863,0.246038723
864,0.248812497
865,-0.065187143
866,-0.195398601
867,-0.253433815
868,-0.454104588
869,-0.199097607
870,-0.070669362
871,0.170287597
872,0.148330267
873,0.442064574
874,0.38578944
875,0.282749416
876,0.365398684
877,0.116939889
878,-0.130031538
879,-0.312864637
880,-0.37915138
881,-0.225298214
882,-0.016098466
883,-0.007051812
884,0.400726157
885,0.217173879
886,0.337226364
887,0.019064305
888,-0.094634948
889,-0.322308153
890,-0.207115956
891,-0.095935802
892,0.247372598
893,0.170054169
894,0.223216466
895,0.089726402
896,-0.116810476
897,-0.160515495
898,-0.057511039
899,-0.099670892
900,0.022595026
901,0.219847292
902,0.144723249
903,-0.107829824
904,-0.109647126
905,-0.156852179
906,-0.103411243
907,0.106325337
908,0.276982057
909,0.322718159
910,0.004974464
911,-0.124504275
912,-0.340779147
913,-0.191153679
914,0.007068768
915,0.151023165
916,0.315215112
917,0.201042831
918,0.113923817
919,-0.096845032
920,-0.367476595
921,-0.251034378
922,-0.21597562
923,-0.076498927
924,0.234371815
925,0.271706224
926,0.276238875
927,0.020988961
928,-0.337769329
929,-0.325162675
930,-0.048904102
931,0.02203382
932,-0.107556532
933,0.222720411
934,0.271102885
935,0.137646534
936,-0.098156282
937,-0.4205282
938,-0.277071884
939,-0.019308717
940,0.234674552
941,0.300545024
942,0.20959233
943,0.24986023
944,0.019344769
945,-0.246998426
946,-0.262253603
947,-0.017909181
948,-0.051258077
949,0.238912447
950,0.300959862
951,0.327602634
952,0.178143567
953,-0.271960211
954,-0.345842199
955,-0.199648731
956,-0.021845425
957,0.032657067
958,0.241138359
959,0.31120655
960,0.17042936
961,-0.086287295
962,-0.622446243
963,-0.295504297
964,-0.058473829
965,0.358607812
966,0.397808686
967,0.048591875
968,-0.062912273
969,-0.193396715
970,-0.07855529
971,-0.093237444
972,0.298894355
973,0.273770927
974,0.052871933
975,-0.101697051
976,-0.287024797
977,-0.179876178
978,0.062440022
979,0.28442854
980,0.27900784
981,-0.096997555
982,-0.266104209
983,-0.323110965
984,-0.265717799
985,-0.104676572
986,0.166389478
987,0.218432128
988,0.283780623
989,0.140975898
990,0.00469745
991,-0.328997573
992,-0.235177997
993,-0.293969898
994,-0.020294134
995,-0.002428494
996,0.319034574
997,0.25297492
998,0.317787442
999,-0.140864601
1000,-0.064637628
1001,-0.397409282
1002,-0.289696059
1003,-0.133161113
1004,0.077071073
1005,0.169628187
1006,0.374836491
1007,0.157747808
1008,-0.073656419
1009,-0.17406278
1010,-0.377609747
1011,-0.274425317
1012,-0.197735828
1013,0.201984957
1014,0.198726188
1015,0.335051304
1016,0.058295717
1017,0.105254608
1018,-0.171448741
1019,-0.292766557
1020,-0.195568847
1021,0.061794116
1022,0.206788355
1023,0.288649512
1024,0.336156903
1025,0.245255617
1026,-0.120253328
1027,-0.324981553
1028,-0.16611908
1029,-0.183551303
1030,-0.047798812
1031,0.142437058
1032,0.29871507
1033,0.254044869
1034,0.096542232
1035,-0.319662649
1036,-0.326580579
1037,-0.092729102
1038,-0.013824158
1039,0.030268172
1040,0.26749594
1041,0.246468317
1042,0.0199403
1043,-0.075705581
1044,-0.404430725
1045,-0.189261143
1046,0.013013168
1047,0.204617306
1048,0.35356021
1049,0.35952714
1050,0.156747295
1051,-0.245020466
1052,-0.368177634
1053,-0.197716793
1054,0.048426252
1055,0.046730242
1056,0.166822782
1057,0.26547839
1058,0.24583511
1059,-0.030434804
1060,-0.360741326
1061,-0.139398181
1062,-0.016865482
1063,0.042279082
1064,0.306493514
1065,0.161787941
1066,0.065508343
1067,-0.284347927
1068,-0.347186839
1069,-0.38148223
1070,0.00239443
1071,-0.129081064
1072,0.327631997
1073,0.315602808
1074,0.326252632
1075,0.261625627
1076,-0.172718075
1077,-0.357303041
1078,-0.312385842
1079,-0.068138212
1080,-0.109957292
1081,0.176253689
1082,0.282508577
1083,0.302844169
1084,-0.106473366
1085,-0.217972927
1086,-0.158596467
1087,-0.043549626
1088,0.028045692
1089,0.012135119
1090,0.320954851
1091,0.081254422
1092,-0.122656921
1093,-0.165299547
1094,0.177518121
1095,0.065581046
1096,-0.122107311
1097,-0.381925477
1098,-0.111395033
1099,-0.124140425
1100,0.196387955
1101,0.198793793
1102,-0.004253318
1103,-0.249722717
1104,-0.158076691
1105,-0.108504064
1106,-0.277412066
1107,-0.149115873
1108,0.042106028
1109,0.183351232
1110,0.22874629
1111,0.292017404
1112,0.024100112
1113,-0.318691711
1114,-0.43420941
1115,-0.024622805
1116,-0.030908528
1117,0.251865377
1118,0.328854186
1119,0.228584935
1120,-0.131349039
1121,-0.227533528
1122,-0.182793213
1123,-0.232095572
1124,-0.083350406
1125,0.241736633
1126,0.30815737
1127,0.398025796
1128,0.229649929
1129,0.0890777
1130,-0.233503996
1131,-0.38705464
1132,-0.217049161
1133,-0.023112156
1134,0.087263046
1135,0.11727331
1136,0.255656933
1137,0.272751166
1138,-0.054949283
1139,-0.082918081
1140,-0.382018846
1141,-0.485017872
1142,0.001814194
1143,0.046776266
1144,0.39949151
1145,0.281864742
1146,0.287839002
1147,0.19195394
1148,0.189399027
1149,-0.346136744
1150,-0.317368948
1151,-0.0587135
1152,0.153562588
1153,0.359703662
1154,0.334507447
1155,0.186271983
1156,0.109915926
1157,-0.063973482
1158,-0.398473267
1159,-0.47673998
1160,-0.306931617
1161,-0.069035336
1162,-0.090243644
1163,0.256597802
1164,0.335762476
1165,0.124089342
1166,0.140809297
1167,-0.402270746
1168,-0.508565105
1169,-0.244175671
1170,0.043499823
1171,0.123847507
1172,0.375602768
1173,0.023249688
1174,-0.313185145
1175,-0.36204998
1176,-0.117044059
1177,0.038352795
1178,0.43863001
1179,0.491486452
1180,0.276374276
1181,-0.134609131
1182,-0.157474331
1183,-0.34538256
1184,-0.319076462
1185,-0.102669994
1186,0.231229679
1187,0.339161969
1188,0.329745553
1189,0.328420333
1190,0.307614182
1191,0.212903962
1192,-0.359909504
1193,-0.544390386
1194,-0.243592174
1195,-0.362193789
1196,-0.092378896
1197,0.059612095
1198,0.563064376
1199,0.299041796
1200,0.197507957
1201,0.183403352
1202,0.121294991
1203,-0.331131204
1204,-0.518419643
1205,-0.411394083
1206,-0.016528045
1207,-0.088734646
1208,0.16766764
1209,0.62621751
1210,0.178796886
1211,0.19893876
1212,-0.006899401
1213,-0.110737326
1214,-0.214882489
1215,-0.215855694
1216,-0.061800522
1217,0.18457436
1218,0.095912118
1219,0.273790291
1220,0.313462014
1221,0.27654434
1222,0.202647201
1223,-0.093663639
1224,-0.202703935
1225,-0.309518093
1226,-0.285102014
1227,-0.119464024
1228,0.172444476
1229,-0.033650495
1230,0.179490689
1231,-0.022347586
1232,-0.09585142
1233,0.239505948
1234,0.155151113
1235,-0.187895489
1236,-0.027885689
1237,0.154113883
1238,0.275930297
1239,0.148872707
1240,0.031264216
1241,-0.283931488
1242,-0.159906805
1243,-0.031872132
1244,0.133689307
1245,0.27672325
1246,0.254604856
1247,0.083385909
1248,-0.250212124
1249,-0.233865285
1250,-0.042590891
1251,0.17131848
1252,0.33542526
1253,0.235976463
1254,0.19349821
1255,-0.285497955
1256,-0.374184
1257,-0.137643942
1258,0.057464418
1259,0.352681384
1260,0.276225441
1261,0.140138501
1262,-0.146659796
1263,-0.33142606
1264,-0.095887978
1265,-0.111232195
1266,0.026588814
1267,0.192521296
1268,0.214526663
1269,0.102057258
1270,-0.085643661
1271,-0.157095064
1272,-0.200118296
1273,-0.07021678
1274,0.322002525
1275,0.288727603
1276,0.163811177
1277,0.052030726
1278,-0.186095442
1279,-0.384621117
1280,-0.054960881
1281,0.04470224
1282,0.104849113
1283,0.119181987
1284,0.267929711
1285,0.030623932
1286,-0.198005504
1287,-0.327083176
1288,-0.346133135
1289,-0.092624427
1290,0.01557474
1291,0.215372975
1292,0.199396282
1293,0.168229867
1294,-0.025961132
1295,-0.024513513
1296,-0.249254763
1297,-0.364448713
1298,0.024794911
1299,0.268779138
1300,0.221011165
1301,0.233738021
1302,0.160317463
1303,-0.338161655
1304,-0.12774187
1305,0.103699626
1306,0.437071367
1307,0.345649479
1308,0.062072548
1309,-0.219600547
1310,-0.170895522
1311,-0.149427178
1312,-0.037655533
1313,0.214132959
1314,0.057677699
1315,-0.195289064
1316,-0.344974692
1317,-0.198107265
1318,-0.060379859
1319,0.3232233
1320,0.223600256
1321,0.174147636
1322,-0.284438791
1323,-0.405989761
1324,-0.073792829
1325,0.043997187
1326,0.485522824
1327,0.369356791
1328,0.107039434
1329,-0.339518346
1330,-0.165890256
1331,0.053806677
1332,0.375810236
1333,0.24820413
1334,-0.261080438
1335,-0.352633092
1336,-0.044687839
1337,0.532070503
1338,0.200881348
1339,0.254956742
1340,-0.098580884
1341,-0.163084542
1342,-0.061227058
1343,-0.112101604
1344,0.215042899
1345,0.256921241
1346,0.021825033
1347,-0.186856222
1348,-0.265876858
1349,-0.184793858
1350,-0.143658581
1351,0.378696407
1352,0.285712063
1353,0.060211921
1354,-0.267854095
1355,-0.139122995
1356,-0.046140369
1357,-0.04952143
1358,0.271201882
1359,0.29274539
1360,0.116375338
1361,-0.270511727
1362,-0.410706336
1363,-0.162620244
1364,-0.121729456
1365,0.183378925
1366,0.37231174
1367,0.22638733
1368,-0.118847368
1369,-0.219640625
1370,-0.234824026
1371,-0.336495342
1372,-0.228732472
1373,0.031062047
1374,0.002759428
1375,0.352249783
1376,0.367647611
1377,0.227566725
1378,-0.010396999
1379,-0.360576815
1380,-0.327589656
1381,-0.056489521
1382,-0.01912192
1383,-0.018795163
1384,0.246717832
1385,0.196053168
1386,-0.290718327
1387,-0.253583416
1388,-0.190806945
1389,0.186790201
1390,0.226065127
1391,0.255246203
1392,0.159178622
1393,-0.151112492
1394,-0.399139911
1395,-0.128509684
1396,0.314706516
1397,0.488981023
1398,0.262351464
1399,-0.356170553
1400,0.059742128
1401,0.075072136
1402,0.442852733
1403,0.341719673
1404,0.240502581
1405,-0.355407453
1406,-0.332997266
1407,-0.074146437
1408,0.397920486
1409,0.248310804
1410,-0.06037011
1411,-0.193004044
1412,-0.241725373
1413,0.022289195
1414,-0.024959612
1415,0.159113865
1416,0.096520444
1417,-0.206943019
1418,-0.391408299
1419,-0.008991462
1420,0.182059961
1421,0.338264035
1422,0.236420619
1423,0.311828976
1424,-0.208085965
1425,-0.457349596
1426,-0.098617839
1427,-0.094616649
1428,0.098548298
1429,0.112516745
1430,0.345877295
1431,0.329873162
1432,-0.07468035
1433,-0.435809971
1434,-0.42480944
1435,-0.099804969
1436,-0.009573822
1437,0.229828013
1438,0.078474849
1439,0.24261214
1440,0.106841122
1441,-0.110817589
1442,-0.246406436
1443,-0.225441513
1444,-0.005395725
1445,0.027030055
1446,0.138256537
1447,0.274811748
1448,0.32393794
1449,0.156541735
1450,0.054020276
1451,-0.294960417
1452,-0.395495819
1453,-0.116641512
1454,-0.135423501
1455,0.115534484
1456,0.455272602
1457,0.322597338
1458,0.153739193
1459,0.109124955
1460,-0.41879056
1461,-0.279687016
1462,0.04829998
1463,0.188861161
1464,0.100444478
1465,0.20281107
1466,0.315221512
1467,0.065354165
1468,-0.202838376
1469,-0.277680925
1470,-0.428683379
1471,-0.092717615
1472,0.075189088
1473,0.235731596
1474,0.201369205
1475,0.152474313
1476,-0.002156175
1477,-0.289915156
1478,-0.100043465
1479,-0.028769569
1480,-0.261458549
1481,0.272084886
1482,0.322756932
1483,0.167813993
1484,0.003583295
1485,-0.317775998
1486,-0.307363095
1487,-0.190176314
1488,0.19772181
1489,0.45414481
1490,0.36840101
1491,0.245544966
1492,-0.334332302
1493,-0.34961924
1494,-0.343383414
1495,-0.161639103
1496,-0.072713678
1497,0.158700963
1498,0.415730959
1499,0.362271883
1500,0.150784098
1501,-0.105353193
1502,-0.411945444
1503,-0.206423811
1504,-0.074145051
1505,0.131716409
1506,0.225401905
1507,0.48270194
1508,0.431200637
1509,0.220963603
1510,-0.095689341
1511,-0.3875848
1512,-0.282812566
1513,-0.225599623
1514,-0.107333088
1515,0.20424989
1516,0.25402975
1517,0.296679825
1518,0.251243553
1519,0.232060758
1520,0.176185054
1521,-0.298532762
1522,-0.466862943
1523,-0.083610871
1524,0.00446295
1525,0.013572866
1526,0.233165309
1527,0.291794648
1528,0.368791497
1529,0.242465749
1530,-0.369978456
1531,-0.400069922
1532,-0.291703734
1533,-0.13927133
1534,0.029421462
1535,0.258307285
1536,0.264660802
1537,0.342313525
1538,-0.014362699
1539,-0.157246565
1540,-0.420508139
1541,-0.342618839
1542,-0.227626371
1543,-0.027101235
1544,0.260164228
1545,0.238374368
1546,0.192511149
1547,0.085933723
1548,-0.279672324
1549,-0.291560802
1550,-0.320647279
1551,-0.174488025
1552,-0.06986855
1553,0.082113108
1554,0.236235585
1555,0.23833417
1556,0.252232748
1557,0.107540065
1558,-0.132708856
1559,-0.349757489
1560,-0.353349512
1561,0.122355971
1562,0.04282693
1563,-0.076186657
1564,0.312656759
1565,0.276576492
1566,0.231691597
1567,-0.03927271
1568,-0.38463073
1569,-0.429309623
1570,-0.141209163
1571,-0.045089309
1572,0.160988005
1573,0.345186737
1574,0.240102387
1575,0.315433815
1576,0.203497033
1577,-0.347111364
1578,-0.472086997
1579,-0.028904763
1580,0.133287148
1581,0.448855052
1582,0.397631818
1583,0.230544655
1584,-0.168057295
1585,-0.42300591
1586,-0.148394947
1587,-0.116864346
1588,0.173198461
1589,0.22460717
1590,0.122651717
1591,-0.111052373
1592,-0.332422996
1593,-0.284252573
1594,-0.022494587
1595,0.010801799
1596,0.163550385
1597,0.142149209
1598,0.102595307
1599,-0.150561971
1600,-0.190235067
1601,-0.070173857
1602,-0.081375754
1603,0.202151178
1604,0.323030525
1605,0.153129267
1606,0.036829566
1607,-0.384075736
1608,-0.255752963
1609,-0.163036777
1610,0.279249178
1611,0.226330235
1612,0.223003065
1613,0.043957747
1614,-0.312054421
1615,-0.38943367
1616,-0.072261075
1617,0.386672346
1618,0.29932664
1619,0.165257542
1620,0.076341716
1621,-0.367527957
1622,-0.268817635
1623,0.12284232
1624,0.138289586
1625,0.054108679
1626,-0.044695569
1627,-0.307504981
1628,-0.035619064
1629,0.129585116
1630,0.425403808
1631,0.30712056
1632,0.242764422
1633,-0.268830633
1634,-0.412722066
1635,-0.012263108
1636,-0.060019517
1637,0.229349015
1638,0.400386363
1639,0.231259688
1640,0.328933329
1641,-0.012081462
1642,-0.391489439
1643,-0.449359653
1644,0.052447765
1645,0.320443954
1646,0.127486057
1647,-0.158249543
1648,0.222940283
1649,0.292637329
1650,0.161382081
1651,-0.223759607
1652,-0.313384195
1653,-0.266652584
1654,-0.080161899
1655,0.210857156
1656,0.391719646
1657,0.197702524
1658,-0.107642449
1659,-0.442713752
1660,-0.15237202
1661,-0.082021922
1662,0.058691189
1663,0.198149142
1664,0.186283999
1665,-0.17616015
1666,-0.326209214
1667,-0.128025305
1668,-0.012191906
1669,0.337840498
1670,0.149429646
1671,0.149361183
1672,0.048998353
1673,0.088041238
1674,-0.366109416
1675,-0.101212896
1676,-0.041427473
1677,0.161546146
1678,0.457883957
1679,0.404632338
1680,0.211582375
1681,-0.096514345
1682,-0.318702679
1683,-0.245348901
1684,-0.11285183
1685,-0.112744047
1686,0.26135302
1687,0.198574192
1688,0.211414029
1689,-0.030824563
1690,-0.34541268
1691,-0.431045904
1692,-0.183301028
1693,0.060059461
1694,0.033481309
1695,0.274978792
1696,0.300979476
1697,0.278192138
1698,0.092926593
1699,-0.257180489
1700,-0.489287114
1701,-0.193991471
1702,-0.072214634
1703,0.024179268
1704,0.250584883
1705,0.462014364
1706,0.362449675
1707,0.43320725
1708,-0.339150202
1709,0.083718086
1710,-0.411292745
1711,-0.351622036
1712,-0.374316418
1713,-0.243402222
1714,-0.071329124
1715,0.15225043
1716,0.323384252
1717,0.339693317
1718,0.228931032
1719,0.502035564
1720,0.13595456
1721,-0.154598713
1722,-0.091071514
1723,-0.413663929
1724,-0.333043863
1725,0.064017964
1726,0.16266469
1727,-0.025757963
1728,0.368509931
1729,0.539948643
1730,0.197143923
1731,0.079933799
1732,0.011591905
1733,-0.025762602
1734,-0.188508654
1735,-0.356308769
1736,-0.100508522
1737,-0.097179552
1738,0.035220306
1739,0.2277534
1740,0.456630106
1741,0.393661408
1742,0.254670309
1743,-0.047855159
1744,-0.347857104
1745,-0.372945845
1746,-0.092773286
1747,-0.042416345
1748,0.288383486
1749,0.173027118
1750,0.20909746
1751,0.052681315
1752,-0.228966156
1753,-0.254826937
1754,-0.230317876
1755,0.146974364
1756,-0.038577235
1757,0.392749765
1758,0.336927825
1759,0.271510819
1760,-0.023968461
1761,-0.210518474
1762,-0.258390003
1763,-0.100743694
1764,0.021682008
1765,0.161672885
1766,0.140820393
1767,0.234068424
1768,-0.03351901
1769,-0.162921825
1770,-0.22347479
1771,-0.234220288
1772,-0.169764818
1773,-0.018954924
1774,0.053931263
1775,0.342531167
1776,0.249413948
1777,0.267923281
1778,-0.002482538
1779,-0.153594539
1780,-0.309170322
1781,-0.340472685
1782,-0.172855924
1783,-0.039430463
1784,0.198602315
1785,0.138901873
1786,0.154755362
1787,0.25210038
1788,-0.021404501
1789,0.003857264
1790,-0.244896717
1791,-0.262342382
1792,-0.217719365
1793,0.018039243
1794,0.199767889
1795,0.279709784
1796,0.211682347
1797,0.202020662
1798,0.049889025
1799,-0.185698589
1800,-0.25441189
1801,-0.281390231
1802,-0.123299975
1803,0.085583487
1804,0.224652541
1805,0.228942908
1806,0.205704061
1807,0.336418073
1808,-0.046987692
1809,-0.031959541
1810,-0.263275869
1811,-0.270017744
1812,0.022348505
1813,0.060242469
1814,0.222160995
1815,0.345506839
1816,0.297590803
1817,0.081715973
1818,-0.018221076
1819,-0.069900531
1820,-0.215664121
1821,-0.028988476
1822,-0.047496914
1823,0.218611233
1824,0.188700109
1825,0.313472325
1826,-0.060437415
1827,-0.138784482
1828,-0.287077779
1829,-0.122753831
1830,0.024009225
1831,0.169814464
1832,0.391363558
1833,0.263016973
1834,0.141281381
1835,-0.055879104
1836,-0.014677948
1837,-0.329380165
1838,-0.607129066
1839,-0.251401282
1840,-0.181117149
1841,-0.017708382
1842,0.266482831
1843,0.375434724
1844,0.369861017
1845,0.295066802
1846,-0.136204617
1847,-0.165692115
1848,-0.39594592
1849,-0.3789682
1850,0.063832292
1851,0.048705435
1852,0.162015279
1853,0.296755751
1854,0.576452608
1855,0.069537302
1856,0.09507226
1857,-0.386539399
1858,-0.501400327
1859,-0.18552386
1860,0.078268695
1861,0.089150733
1862,0.227648082
1863,0.321142979
1864,0.05939816
1865,-0.045333774
1866,-0.450282499
1867,-0.226749693
1868,-0.088172553
1869,0.331746662
1870,0.334549623
1871,0.409590149
1872,0.276935445
1873,-0.319180031
1874,-0.506260906
1875,-0.208721328
1876,-0.001387076
1877,0.279054151
1878,0.237090253
1879,0.453545533
1880,0.37934776
1881,0.052792494
1882,-0.367689227
1883,-0.389900159
1884,-0.211611852
1885,-0.004887938
1886,0.017244147
1887,0.433076403
1888,0.396035137
1889,-0.027276573
1890,-0.134975374
1891,-0.257107649
1892,-0.27784831
1893,-0.205669276
1894,-0.157668986
1895,0.114937122
1896,0.355818364
1897,0.394590375
1898,0.062238146
1899,-0.182160377
1900,-0.339678881
1901,-0.410346719
1902,-0.159792679
1903,-0.024425247
1904,0.009644077
1905,0.468912817
1906,0.314003459
1907,0.310567978
1908,0.40458108
1909,0.33354461
1910,0.36859465
1911,-0.087937104
1912,0.069641152
1913,-0.086049168
1914,-0.410573358
1915,-0.319681955
1916,-0.517630655
1917,1.04E-05
1918,-0.061076717
1919,0.076011493
1920,0.441313285
1921,0.388170964
1922,0.145825783
1923,-0.00943473
1924,-0.513703587
1925,-0.12913163
1926,-0.139680603
1927,-0.089484992
1928,-0.022516941
1929,0.299884594
1930,0.271200174
1931,0.28250928
1932,0.103635726
1933,-0.014457802
1934,-0.179324049
1935,-0.478136457
1936,-0.200144741
1937,-0.06097082
1938,0.026907117
1939,0.115049801
1940,0.33877904
1941,0.173766428
1942,0.302490378
1943,0.074973499
1944,-0.122195909
1945,-0.281807515
1946,-0.289432696
1947,-0.250594905
1948,-0.036513035
1949,0.143880234
1950,0.167502091
1951,0.286239247
1952,0.245730823
1953,0.151538516
1954,-0.087979597
1955,-0.288807028
1956,-0.20818106
1957,-0.133155554
1958,-0.080437362
1959,0.070828256
1960,0.360710983
1961,0.320774751
1962,0.137930778
1963,-0.043999342
1964,-0.181346482
1965,-0.103060864
1966,-0.025418841
1967,0.150273864
1968,0.131157843
1969,0.180031679
1970,0.141308886
1971,-0.150282
1972,-0.180970305
1973,-0.231938321
1974,-0.114811917
1975,-0.123249518
1976,0.059060601
1977,0.164639231
1978,0.196213803
1979,0.331782495
1980,0.058572541
1981,-0.003310561
1982,-0.188201509
1983,-0.247190747
1984,-0.155062099
1985,-0.063196405
1986,0.069908064
1987,0.347319663
1988,0.375282197
1989,0.362132254
1990,0.301439943
1991,-0.079189111
1992,-0.225856794
1993,-0.433638334
1994,-0.238834399
1995,-0.009014493
1996,0.011392628
1997,0.224040418
1998,0.289294053
1999,0.328189637
2000,-0.10726167
2001,-0.049119443
2002,-0.456444133
2003,-0.398683954
2004,-0.086516925
2005,0.269842468
2006,-0.053008386
2007,0.321692315
2008,0.24908351
2009,0.366306618
2010,0.011464498
2011,-0.332868191
2012,-0.503735776
2013,-0.362780135
2014,-0.360103774
2015,-0.098878976
2016,0.049215166
2017,0.094051053
2018,0.265688846
2019,0.301462087
2020,0.14135834
2021,-0.10780256
2022,-0.423475056
2023,-0.397191424
2024,0.010756206
2025,0.230850671
2026,0.088966691
2027,0.343048771
2028,0.263036953
2029,0.268390811
2030,0.021342479
2031,-0.394492863
2032,-0.506150795
2033,0.100393264
2034,0.062209789
2035,0.263250635
2036,0.241274688
2037,0.170150218
2038,-0.313628465
2039,-0.219499419
2040,-0.07479188
2041,-0.014121542
2042,0.211847052
2043,0.29558843
2044,0.158530333
2045,-0.118912502
2046,-0.351841767
2047,-0.280599597
2048,-0.055438002
2049,-0.129510112
2050,0.112747208
2051,0.462723839
2052,0.307454845
2053,0.236828886
2054,-0.259168768
2055,-0.390863114
2056,-0.38759772
2057,-0.259000693
2058,-0.209511082
2059,0.186249552
2060,0.289312309
2061,0.219250951
2062,0.259711935
2063,-0.120907183
2064,-0.374168132
2065,-0.228056299
2066,0.070785707
2067,0.018909878
2068,0.189051053
2069,0.311653525
2070,0.348399749
2071,0.240814885
2072,-0.355350807
2073,-0.312202026
2074,-0.317688164
2075,-0.069789117
2076,0.032831297
2077,0.192255729
2078,0.239710234
2079,0.241640515
2080,0.287267719
2081,0.019511544
2082,-0.25673137
2083,-0.186873288
2084,-0.056221337
2085,0.162715418
2086,0.374028552
2087,0.208961621
2088,0.268177043
2089,0.037350377
2090,-0.302734138
2091,-0.255068849
2092,-0.033148467
2093,0.120773205
2094,0.325172681
2095,0.178724585
2096,0.0009254
2097,-0.073559112
2098,-0.255235152
2099,-0.107452354
2100,0.262561572
2101,0.247022501
2102,0.240126768
2103,0.298397136
2104,0.151042271
2105,-0.420612322
2106,-0.486101741
2107,-0.151169959
2108,0.300069834
2109,0.360746829
2110,0.203007211
2111,0.153761808
2112,-0.196538011
2113,-0.256794564
2114,-0.029470588
2115,0.248851487
2116,0.234586994
2117,0.170704781
2118,0.150108589
2119,-0.11851211
2120,-0.248199718
2121,-0.216368125
