sep=;
ACCELEROMETER X (m/s²);ACCELEROMETER Y (m/s²);ACCELEROMETER Z (m/s²);GRAVITY X (m/s²);GRAVITY Y (m/s²);GRAVITY Z (m/s²);LINEAR ACCELERATION X (m/s²);LINEAR ACCELERATION Y (m/s²);LINEAR ACCELERATION Z (m/s²);GYROSCOPE X (rad/s);GYROSCOPE Y (rad/s);GYROSCOPE Z (rad/s);LIGHT (lux);MAGNETIC FIELD X (μT);MAGNETIC FIELD Y (μT);MAGNETIC FIELD Z (μT);ORIENTATION Z (azimuth °);ORIENTATION X (pitch °);ORIENTATION Y (roll °);PROXIMITY (i);ATMOSPHERIC PRESSURE (hPa);SOUND LEVEL (dB);LOCATION Latitude : ;LOCATION Longitude : ;LOCATION Altitude ( m);LOCATION Altitude-google ( m);LOCATION Altitude-atmospheric pressure ( m);LOCATION Speed ( Kmh);LOCATION Accuracy ( m);LOCATION ORIENTATION (°);Satellites in range;Time since start in ms ;YYYY-MO-DD HH-MI-SS_SSS
1.3719;6.8261;2.1836;0.3914;9.0889;3.6617;0.9806;-2.2629;-1.4782;0.0532;-0.1689;-0.1118;3595.0;-0.96;-31.26;20.46;175.83;-67.34;-3.47;3.1;993.71;58.829;23.025976;72.53842;28.66;NaN;;5.02;9.677419;193.28;16 / 19;34;2018-06-11 15:41:02:318
-0.1077;6.6465;3.012;0.3598;9.1885;3.4077;-0.8411;-1.6034;-1.7508;0.1534;-0.3675;-0.0751;3348.0;6.12;-31.08;22.08;186.13;-68.03;-6.46;3.1;993.7;66.755;23.025976;72.53842;28.66;NaN;;5.02;9.677419;193.28;16 / 19;534;2018-06-11 15:41:02:818
1.3192;5.3273;1.2091;0.2598;9.1371;3.5519;0.7314;-3.4148;-2.1416;-0.0488;0.0326;0.19;3265.0;3.12;-32.1;24.18;182.08;-68.71;-4.18;3.1;993.72;60.913;23.025976;72.53842;28.66;NaN;;5.02;9.677419;193.28;17 / 21;1034;2018-06-11 15:41:03:318
-0.68;7.3385;2.9282;0.0412;9.4597;2.5849;-0.7212;-2.1213;0.3433;-0.0323;0.1383;-0.1515;3200.0;6.06;-31.86;28.2;188.88;-74.71;-0.91;3.1;993.71;56.215;23.025976;72.53842;28.66;NaN;;5.02;9.677419;193.28;17 / 21;1533;2018-06-11 15:41:03:817
-0.1939;7.6042;2.4948;0.3192;9.5178;2.341;-0.8938;-0.5081;-0.7512;0.0569;0.1615;-0.0886;3340.0;3.36;-31.8;30.96;178.16;-76.06;-7.76;3.1;993.71;52.26;23.025976;72.53842;28.66;NaN;;5.02;9.677419;193.28;16 / 20;2034;2018-06-11 15:41:04:318
1.9944;8.5404;1.3097;0.3685;9.5158;2.3417;1.2524;0.0421;-0.3545;0.1339;-0.7352;0.1344;3682.0;4.26;-31.8;30.54;178.69;-76.01;-8.94;3.1;993.72;54.816;23.025976;72.53842;28.66;NaN;;5.02;9.677419;193.28;16 / 20;2533;2018-06-11 15:41:04:817
-0.7446;10.032;4.8604;0.0315;9.5335;2.2981;-0.7761;0.4985;2.5623;0.8449;-0.0529;-0.3671;3660.0;4.5;-33.24;28.44;184.76;-75.91;-4.17;3.1;993.72;55.662;23.025976;72.53842;28.66;NaN;;5.02;9.677419;193.28;16 / 18;3034;2018-06-11 15:41:05:318
-0.9529;13.1158;5.0184;-0.2304;9.6311;1.8329;-0.7226;3.4848;3.1855;0.1522;0.1817;-0.2877;3914.0;3.0;-30.36;30.6;185.48;-79.26;0.84;3.1;993.71;44.841;23.025976;72.53842;28.66;NaN;;5.02;9.677419;193.28;16 / 18;3533;2018-06-11 15:41:05:817
0.4621;12.9363;2.2003;0.2874;9.6891;1.4861;-0.309;3.046;0.1851;0.5816;0.3039;0.0574;5226.0;2.1;-29.88;30.9;173.62;-81.12;-10.95;3.1;993.69;43.368;23.025976;72.53842;28.66;NaN;;5.02;9.677419;193.28;16 / 20;4033;2018-06-11 15:41:06:317
0.8045;13.1015;1.7215;0.0843;9.6914;1.4964;1.6779;2.2009;0.1053;0.1491;-0.2221;-0.2211;6128.0;2.52;-29.7;31.08;182.03;-81.21;-3.22;3.1;993.7;45.26;23.025976;72.53842;28.66;NaN;;5.02;9.677419;193.28;16 / 20;4533;2018-06-11 15:41:06:817
-0.1772;13.1805;2.0639;0.4969;9.7394;1.0328;0.705;-0.112;-0.0679;0.0917;0.109;-0.11;6385.0;5.04;-30.36;31.86;164.72;-83.29;-25.69;3.1;993.68;45.704;23.025976;72.53842;28.66;NaN;;5.02;9.677419;193.28;15 / 18;5033;2018-06-11 15:41:07:317
1.3145;10.5085;1.1876;0.6486;9.6075;1.8562;-0.1841;0.2521;-0.6687;0.2854;0.2348;-0.0366;6365.0;-0.3;-32.76;29.58;163.93;-78.43;-19.26;3.1;993.67;49.812;23.025976;72.53842;28.66;NaN;;5.02;9.677419;193.28;15 / 18;5534;2018-06-11 15:41:07:818
0.6393;8.4039;0.5818;0.4401;9.6678;1.5845;0.1991;-1.2639;-1.0027;0.2628;0.0229;-0.0568;6101.0;1.86;-32.04;30.3;169.94;-80.35;-15.52;3.1;993.67;53.111;23.025845;72.538376;29.02;NaN;;4.13;9.677419;213.1;18 / 20;6033;2018-06-11 15:41:08:317
1.5491;8.0041;-0.0718;0.7824;9.5819;1.9354;0.5967;-1.9657;-2.5891;0.319;-0.1647;0.0373;6111.0;-0.78;-32.4;29.34;160.17;-77.71;-22.01;3.1;993.67;51.516;23.025845;72.538376;29.02;NaN;;4.13;9.677419;213.1;18 / 20;6534;2018-06-11 15:41:08:818
-0.3041;7.1589;1.3815;0.47;9.5824;2.0314;-0.774;-2.4858;0.3605;0.5187;0.313;0.1155;6140.0;2.4;-32.94;29.7;172.39;-77.72;-13.03;3.1;993.67;51.643;23.025845;72.538376;29.02;NaN;;4.13;9.677419;213.1;17 / 21;7033;2018-06-11 15:41:09:317
1.1062;6.2682;0.9529;0.5899;9.4949;2.381;-1.4039;-1.7159;2.2471;-0.2626;-0.2282;0.5082;5871.0;-2.94;-33.48;28.14;164.11;-75.51;-13.91;3.1;993.65;55.771;23.025845;72.538376;29.02;NaN;;4.13;9.677419;213.1;17 / 21;7533;2018-06-11 15:41:09:817
-0.9793;7.9346;2.1596;0.2484;9.6942;1.4595;-0.1287;-1.5753;0.6283;0.0532;0.0339;-0.234;5589.0;0.78;-30.24;31.86;173.04;-81.32;-9.66;3.1;993.66;46.246;23.025845;72.538376;29.02;NaN;;4.13;9.677419;213.1;15 / 18;8034;2018-06-11 15:41:10:318
-0.8619;9.2563;1.9561;0.5156;9.6873;1.4356;-1.2554;-1.5084;1.3633;-0.8044;-0.139;0.2755;4912.0;-3.06;-29.58;32.58;157.85;-81.05;-19.76;3.1;993.66;46.756;23.025845;72.538376;29.02;NaN;;4.13;9.677419;213.1;15 / 18;8534;2018-06-11 15:41:10:818
0.4166;9.6178;2.4374;0.6015;9.7163;1.1839;2.1303;-0.4385;-1.8831;-0.193;-0.2398;-0.2798;5088.0;0.18;-28.5;33.0;155.59;-82.22;-26.93;3.1;993.68;41.935;23.025845;72.538376;29.02;NaN;;4.13;9.677419;213.1;16 / 18;9034;2018-06-11 15:41:11:318
-0.0168;11.2196;3.0886;0.6691;9.7208;1.1084;-0.6858;1.4988;1.9802;-0.1074;0.2006;0.1735;3880.0;-0.96;-27.66;33.18;150.13;-82.41;-31.12;3.1;993.68;43.196;23.025845;72.538376;29.02;NaN;;4.13;9.677419;213.1;16 / 18;9533;2018-06-11 15:41:11:817
0.7805;11.4207;3.5723;0.4224;9.6384;1.7587;-0.3864;3.5493;2.4313;-0.5595;-0.2765;0.1491;3619.0;-2.52;-30.42;32.16;163.65;-79.37;-13.5;3.1;993.69;41.615;23.025845;72.538376;29.02;NaN;;4.13;9.677419;213.1;18 / 20;10033;2018-06-11 15:41:12:317
-1.2929;11.6865;1.9968;0.3569;9.793;0.3748;-0.0959;2.2502;-2.2447;-1.0311;0.142;-0.3592;3281.0;-2.46;-25.86;33.54;134.64;-86.98;-43.6;3.1;993.66;41.543;23.025845;72.538376;29.02;NaN;;4.13;9.677419;213.1;18 / 20;10533;2018-06-11 15:41:12:817
0.2969;11.5332;-0.1772;0.3083;9.664;1.6378;1.5376;1.7423;-2.392;0.3104;-0.3046;-0.1881;3362.0;-6.36;-29.4;31.26;161.04;-80.22;-10.66;3.1;993.68;40.981;23.025845;72.538376;29.02;NaN;;4.13;9.677419;213.1;18 / 21;11034;2018-06-11 15:41:13:318
-1.1445;12.546;1.9729;-0.0749;9.7755;0.7771;-0.7008;2.9501;-1.2464;0.6494;0.1377;-0.135;2979.0;-2.28;-27.48;32.76;170.52;-84.16;-6.75;3.1;993.69;40.923;23.025845;72.538376;29.02;NaN;;4.13;9.677419;213.1;18 / 21;11533;2018-06-11 15:41:13:817
1.2857;12.1438;0.6225;0.2342;9.7545;0.9819;0.9486;2.4108;0.2823;0.3281;-0.197;-0.1112;3332.0;-4.98;-28.62;32.28;165.31;-82.29;-7.43;3.1;993.67;41.878;23.025845;72.538376;29.02;NaN;;4.13;9.677419;213.1;18 / 21;12033;2018-06-11 15:41:14:317
0.8284;11.4231;0.5387;0.5355;9.7635;0.7463;0.2929;1.6596;-0.2076;0.2786;0.5;-0.1771;2987.0;-6.36;-28.14;33.84;137.17;-84.63;-35.66;3.1;993.68;40.147;23.025845;72.538376;29.02;NaN;;4.13;9.677419;213.1;18 / 21;12533;2018-06-11 15:41:14:817
0.9625;10.6641;0.2849;0.7987;9.6577;1.5037;0.1638;1.0064;-1.2188;0.3978;0.1988;-0.149;3815.0;-9.24;-29.94;31.74;141.52;-80.0;-27.97;3.1;993.68;40.782;23.025845;72.538376;29.02;NaN;;4.13;9.677419;213.1;19 / 23;13033;2018-06-11 15:41:15:317
1.0918;8.9881;0.1413;0.6022;9.7254;1.1063;-0.1233;-2.7461;-1.4535;0.3275;-0.4328;0.0544;4123.0;-2.64;-28.68;32.4;149.28;-82.62;-28.56;3.1;993.69;41.275;23.025845;72.538376;29.02;NaN;;4.13;9.677419;213.1;19 / 23;13533;2018-06-11 15:41:15:817
2.0327;8.8445;1.415;0.6193;9.4795;2.4342;1.0376;-2.5194;-2.032;-0.0689;0.2354;0.3384;5580.0;-8.58;-33.0;28.8;154.63;-75.16;-14.27;3.1;993.69;41.427;23.025845;72.538376;29.02;NaN;;4.13;9.677419;213.1;18 / 20;14033;2018-06-11 15:41:16:317
1.4868;7.0056;0.5962;0.7896;9.6494;1.5608;0.4195;-2.9406;-1.7524;-0.0751;-0.635;0.0336;5929.0;-4.14;-30.36;31.5;150.37;-79.73;-26.83;3.1;993.68;42.096;23.025845;72.538376;29.02;NaN;;4.13;9.677419;213.1;18 / 20;14533;2018-06-11 15:41:16:817
0.9625;6.9147;-0.498;0.5414;9.7018;1.3237;0.4211;-2.7871;-1.8217;0.1852;0.0497;0.0098;6445.0;-5.76;-30.0;32.46;150.66;-81.61;-22.25;3.1;993.69;41.013;23.025732;72.53838;29.27;NaN;;3.8;9.677419;153.83;19 / 22;15034;2018-06-11 15:41:17:318
-0.3974;5.9953;0.6393;0.3426;9.7616;0.8737;-0.4671;-3.4695;-1.0389;-0.0836;-0.0822;0.2413;6052.0;-2.1;-28.56;33.9;156.96;-84.51;-21.41;3.1;993.68;41.091;23.025732;72.53838;29.27;NaN;;3.8;9.677419;153.83;19 / 22;15533;2018-06-11 15:41:17:817
0.4908;5.7702;0.1221;0.2465;9.7237;1.2484;-0.5937;-3.1107;0.193;-0.7898;-0.1909;0.4417;5393.0;-3.66;-29.46;31.68;163.48;-82.54;-11.17;3.1;993.67;40.784;23.025732;72.53838;29.27;NaN;;3.8;9.677419;153.83;18 / 21;16034;2018-06-11 15:41:18:318
0.5938;7.2666;0.9002;0.3868;9.7283;1.1748;-1.0117;0.0427;1.6409;-0.1368;0.0039;0.2462;5351.0;-1.62;-29.34;33.24;160.3;-82.75;-18.22;3.1;993.68;41.363;23.025732;72.53838;29.27;NaN;;3.8;9.677419;153.83;18 / 21;16533;2018-06-11 15:41:18:817
-0.6129;8.1908;0.929;0.2114;9.7454;1.0734;-1.1595;1.4933;-0.8651;0.019;-0.0052;0.3739;5681.0;-3.48;-29.4;33.6;165.12;-83.59;-11.14;3.1;993.68;41.532;23.025732;72.53838;29.27;NaN;;3.8;9.677419;153.83;19 / 22;17033;2018-06-11 15:41:19:317
2.1333;10.1733;2.5068;0.6849;9.7381;0.9329;1.7884;0.3777;0.8293;-0.6383;-1.1292;-0.1338;4724.0;-3.48;-30.0;33.6;142.14;-83.22;-36.29;3.1;993.66;49.716;23.025732;72.53838;29.27;NaN;;3.8;9.677419;153.83;19 / 22;17533;2018-06-11 15:41:19:817
0.2346;11.1142;2.3655;0.7189;9.7288;1.0021;-0.3741;2.1851;2.3188;0.1528;0.0895;-0.0959;4238.0;0.6;-29.4;33.6;149.0;-82.78;-35.66;3.1;993.66;41.414;23.025732;72.53838;29.27;NaN;;3.8;9.677419;153.83;17 / 21;18033;2018-06-11 15:41:20:317
1.0056;9.6657;0.4932;0.6334;9.7593;0.7242;-0.9399;1.3118;2.4626;0.3532;0.0895;0.2627;3520.0;-0.72;-28.2;35.58;139.92;-84.37;-41.17;3.1;993.65;40.971;23.025732;72.53838;29.27;NaN;;3.8;9.677419;153.83;17 / 21;18533;2018-06-11 15:41:20:817
1.5994;11.9905;1.6951;0.78;9.749;0.7198;1.1211;2.6533;-1.0119;-0.8344;-0.0333;0.0678;3492.0;-1.74;-27.18;35.46;132.78;-83.79;-47.3;3.1;993.65;41.647;23.025732;72.53838;29.27;NaN;;3.8;9.677419;153.83;19 / 22;19033;2018-06-11 15:41:21:317
1.8196;13.6091;1.3719;0.607;9.7083;1.245;2.0339;3.0819;-0.905;0.2621;-0.2526;-0.1753;4107.0;-2.94;-28.08;33.3;151.81;-81.88;-25.99;3.1;993.65;41.394;23.025732;72.53838;29.27;NaN;;3.8;9.677419;153.83;19 / 22;19533;2018-06-11 15:41:21:817
0.4597;11.8852;1.7287;0.6437;9.7468;0.8698;0.9988;0.6372;0.0736;0.3452;0.5354;-0.2462;3368.0;0.3;-26.64;32.58;146.22;-83.67;-36.51;3.1;993.65;43.789;23.025732;72.53838;29.27;NaN;;3.8;9.677419;153.83;19 / 22;20033;2018-06-11 15:41:22:317
0.7279;13.6761;1.9106;0.8401;9.6966;1.2002;-0.1122;3.9795;0.7105;0.6696;0.4743;-0.5113;3223.0;-0.6;-27.18;30.84;146.95;-81.41;-34.99;3.1;993.66;46.299;23.025732;72.53838;29.27;NaN;;3.8;9.677419;153.83;19 / 22;20534;2018-06-11 15:41:22:818
1.4892;10.0775;0.1963;0.8312;9.7193;1.0074;0.6581;0.3582;-0.8111;0.3446;0.3191;-0.102;3212.0;3.36;-27.42;33.3;148.68;-82.35;-39.52;3.1;993.66;47.508;23.025732;72.53838;29.27;NaN;;3.8;9.677419;153.83;19 / 22;21033;2018-06-11 15:41:23:317
1.858;8.4374;1.5898;0.6053;9.6447;1.6683;1.4586;-3.489;-1.5437;-0.2314;0.2073;-0.2126;2911.0;0.0;-29.76;32.28;162.69;-79.57;-19.94;3.1;993.67;48.114;23.025732;72.53838;29.27;NaN;;3.8;9.677419;153.83;19 / 22;21533;2018-06-11 15:41:23:817
0.3998;6.3496;0.6704;0.4318;9.7287;1.1563;-0.0319;-3.379;-0.4859;-0.0995;-0.1928;0.2773;2674.0;3.24;-28.02;33.54;167.8;-82.64;-18.42;3.1;993.66;49.609;23.025732;72.53838;29.27;NaN;;3.8;9.677419;153.83;18 / 21;22034;2018-06-11 15:41:24:318
0.7686;6.3161;0.8452;0.8546;9.6817;1.3057;-0.414;-2.9945;0.0111;-0.0305;0.2342;0.1063;2740.0;-0.3;-29.04;32.58;150.45;-80.84;-33.2;3.1;993.65;51.825;23.025732;72.53838;29.27;NaN;;3.8;9.677419;153.83;18 / 21;22534;2018-06-11 15:41:24:818
-0.5315;7.7575;0.905;0.5846;9.7486;0.8901;-0.338;-1.2274;0.0389;0.3312;0.481;-0.2498;2773.0;2.76;-28.44;33.06;154.07;-83.77;-33.3;3.1;993.65;54.639;23.025732;72.53838;29.27;NaN;;3.8;9.677419;153.83;18 / 21;23033;2018-06-11 15:41:25:317
0.0718;8.7654;2.1405;0.6514;9.7568;0.7425;-0.2922;-2.0759;1.0748;-0.499;-0.0914;0.157;2600.0;3.9;-27.12;34.38;129.41;-85.84;-59.77;3.1;993.66;50.612;23.025732;72.53838;29.27;NaN;;3.8;9.677419;153.83;18 / 21;23534;2018-06-11 15:41:25:818
0.5291;9.7423;0.9745;0.3174;9.7802;0.6458;0.2117;-0.0379;0.3287;-0.1532;0.1554;-0.0531;2409.0;4.56;-28.38;34.08;163.14;-85.79;-26.18;3.1;993.66;48.323;23.025648;72.53842;29.48;NaN;;2.56;9.677419;161.57;17 / 21;24033;2018-06-11 15:41:26:317
0.4812;9.9147;0.8835;0.5189;9.7856;0.3778;-0.8469;2.2863;1.8656;-0.411;-0.0284;0.2975;2264.0;3.6;-27.48;34.5;134.57;-86.25;-53.94;3.1;993.66;44.658;23.025648;72.53842;29.48;NaN;;2.56;9.677419;161.57;17 / 21;24533;2018-06-11 15:41:26:817
2.1309;9.534;0.4214;0.4955;9.7909;0.2502;0.9506;0.0711;1.7586;-0.3457;-0.6295;0.3201;2200.0;2.82;-26.82;35.28;123.72;-86.76;-63.22;3.1;993.66;44.087;23.025648;72.53842;29.48;NaN;;2.56;9.677419;161.57;18 / 20;25033;2018-06-11 15:41:27:317
-0.4765;12.6537;2.7534;0.1986;9.8046;0.0235;-0.1435;3.3543;1.2071;-0.7433;0.0363;0.2444;1882.0;3.72;-26.46;36.66;103.72;-88.83;-83.24;3.1;993.67;44.009;23.025648;72.53842;29.48;NaN;;2.56;9.677419;161.57;18 / 20;25535;2018-06-11 15:41:27:819
1.4533;12.7399;-0.7757;0.5465;9.7896;0.1872;1.3378;2.6606;-0.8623;0.5682;-0.0284;-0.0617;2035.0;1.44;-25.26;35.82;112.63;-86.62;-71.1;3.1;993.68;50.99;23.025648;72.53842;29.48;NaN;;2.56;9.677419;161.57;19 / 21;26033;2018-06-11 15:41:28:317
2.2171;12.8501;-1.2642;0.3975;9.7956;-0.2401;0.5937;3.2963;0.7932;-0.05;0.0626;0.1961;1871.0;0.48;-24.12;36.54;60.43;-87.29;-121.13;3.1;993.68;51.224;23.025648;72.53842;29.48;NaN;;2.56;9.677419;161.57;19 / 21;26533;2018-06-11 15:41:28:817
0.9936;12.6801;-0.0215;0.6699;9.7837;0.0254;0.3238;2.8964;-0.0469;0.3617;-0.2508;-0.1197;1769.0;0.9;-25.68;35.22;96.69;-86.08;-87.83;3.1;993.66;47.74;23.025648;72.53842;29.48;NaN;;2.56;9.677419;161.57;18 / 20;27033;2018-06-11 15:41:29:317
1.9489;10.7647;0.1245;0.6564;9.7846;-0.0033;1.2925;0.98;0.1278;0.0654;0.2428;-0.201;1574.0;3.72;-24.96;34.74;98.91;-86.16;-90.29;3.1;993.65;50.038;23.025648;72.53842;29.48;NaN;;2.56;9.677419;161.57;18 / 20;27533;2018-06-11 15:41:29:817
0.7829;11.8876;0.1939;0.7279;9.7795;0.0328;-0.7663;0.693;-0.1022;0.3874;0.2916;-0.1582;1682.0;3.54;-24.72;34.92;102.03;-85.74;-87.42;3.1;993.67;44.937;23.025648;72.53842;29.48;NaN;;2.56;9.677419;161.57;18 / 21;28033;2018-06-11 15:41:30:317
1.2331;10.4486;-0.7015;0.5315;9.7917;-0.1008;0.3927;-0.8706;-1.0556;0.4246;0.2;-0.0232;1461.0;5.58;-24.6;35.4;91.21;-86.84;-100.74;3.1;993.68;43.435;23.025648;72.53842;29.48;NaN;;2.56;9.677419;161.57;18 / 21;28533;2018-06-11 15:41:30:817
0.9218;10.0703;-0.1341;0.7835;9.7703;0.3128;1.1559;-2.8484;-1.146;0.3049;-0.0162;-0.0635;1382.0;1.8;-24.36;34.74;117.93;-85.07;-68.24;3.1;993.67;42.185;23.025648;72.53842;29.48;NaN;;2.56;9.677419;161.57;19 / 21;29033;2018-06-11 15:41:31:317
0.1221;8.4015;-0.1772;0.5873;9.7883;-0.1182;-0.2617;-0.6877;-1.1005;0.6085;-0.0199;0.0037;1216.0;6.6;-23.7;34.44;99.81;-86.37;-94.29;3.1;993.67;44.821;23.025648;72.53842;29.48;NaN;;2.56;9.677419;161.57;19 / 21;29533;2018-06-11 15:41:31:817
1.3192;5.933;-0.9002;0.7748;9.7566;0.6148;0.8677;-2.8468;-1.5845;-0.4184;-0.1146;0.0165;1124.0;4.74;-25.32;34.02;135.02;-84.87;-55.87;3.1;993.68;45.302;23.025648;72.53842;29.48;NaN;;2.56;9.677419;161.57;20 / 21;30033;2018-06-11 15:41:32:317
-0.0431;6.8955;0.4884;0.6536;9.7775;0.3793;-1.1133;-2.6162;0.5114;0.2066;-0.2838;-0.0092;1142.0;8.4;-24.96;32.28;136.39;-85.58;-59.87;3.1;993.7;46.756;23.025648;72.53842;29.48;NaN;;2.56;9.677419;161.57;20 / 21;30533;2018-06-11 15:41:32:817
-0.0144;6.8572;-0.5196;0.5658;9.7408;0.9838;-0.9393;-2.3137;-1.0891;0.4875;0.2458;-0.2181;1100.0;7.26;-27.0;30.66;164.25;-83.35;-29.9;3.1;993.69;48.287;23.025648;72.53842;29.48;NaN;;2.56;9.677419;161.57;21 / 22;31033;2018-06-11 15:41:33:317
-0.7303;7.2259;0.929;0.2781;9.7671;0.8347;-0.9797;-2.0001;-0.0422;0.2731;0.5494;-0.1692;1076.0;9.3;-26.4;30.78;177.9;-84.85;-18.43;3.1;993.69;55.689;23.025648;72.53842;29.48;NaN;;2.56;9.677419;161.57;21 / 22;31533;2018-06-11 15:41:33:817
-0.4453;7.0344;1.0415;0.4709;9.786;0.427;-1.6776;-1.4132;0.7127;-0.433;0.4902;0.1002;1104.0;3.84;-25.2;33.0;140.82;-86.28;-47.8;3.1;993.69;58.77;23.025648;72.53842;29.48;NaN;;2.56;9.677419;161.57;20 / 21;32033;2018-06-11 15:41:34:317
-0.2346;8.8852;1.0559;0.598;9.7824;0.3413;-0.8326;-0.8973;0.7146;-0.0659;0.3521;-0.0739;1287.0;3.36;-24.36;35.76;120.89;-85.55;-66.33;3.1;993.69;64.071;23.025648;72.53842;29.48;NaN;;2.56;9.677419;161.57;20 / 21;32533;2018-06-11 15:41:34:817
-0.0168;8.0136;2.2051;0.3102;9.7879;0.5204;0.0969;-0.5676;1.2586;-0.5876;0.3369;0.1692;1391.0;-2.34;-24.54;34.44;147.2;-86.46;-30.8;3.1;993.67;60.292;23.02553;72.538345;29.76;NaN;;3.89;12.903226;210.35;21 / 22;33033;2018-06-11 15:41:35:317
1.1804;10.2164;-0.0168;0.4458;9.7765;0.6261;1.4864;0.3154;-1.9214;-0.254;-0.2477;-0.2388;1452.0;0.48;-25.02;33.48;146.35;-85.5;-35.45;3.1;993.68;56.468;23.02553;72.538345;29.76;NaN;;3.89;12.903226;210.35;21 / 22;33533;2018-06-11 15:41:35:817
0.1844;10.1829;0.1149;0.6346;9.7494;0.8467;-0.2252;1.0225;2.1868;0.0709;-0.1634;0.099;1603.0;-1.74;-26.76;33.06;142.59;-83.81;-36.85;3.1;993.68;53.718;23.02553;72.538345;29.76;NaN;;3.89;12.903226;210.35;18 / 21;34033;2018-06-11 15:41:36:317
1.5228;10.2619;-0.3065;0.6286;9.7665;0.6255;0.717;0.6367;1.2444;0.3886;-0.6802;-0.1533;1694.0;-3.6;-26.28;34.38;131.01;-84.81;-45.14;3.1;993.68;51.033;23.02553;72.538345;29.76;NaN;;3.89;12.903226;210.35;18 / 21;34533;2018-06-11 15:41:36:817
-0.0383;12.6968;3.2538;0.3837;9.7833;0.557;0.5884;3.8785;1.6505;-0.722;0.0333;0.0391;1856.0;-1.08;-27.18;34.26;145.47;-86.05;-34.56;3.1;993.69;47.154;23.02553;72.538345;29.76;NaN;;3.89;12.903226;210.35;19 / 20;35033;2018-06-11 15:41:37:317
-0.3352;12.7328;3.1796;0.2824;9.7794;0.6733;-0.6176;2.9533;2.5062;-0.5882;-0.1176;-0.0617;1893.0;-2.1;-25.56;35.04;128.83;-86.99;-49.59;3.1;993.68;45.184;23.02553;72.538345;29.76;NaN;;3.89;12.903226;210.35;19 / 20;35535;2018-06-11 15:41:37:819
0.328;12.2395;-1.9825;0.0259;9.8065;-0.0518;0.3022;2.4331;-1.9306;-0.309;-0.1763;-0.0067;2067.0;-0.54;-24.54;36.78;25.07;-89.66;-153.48;3.1;993.68;44.794;23.02553;72.538345;29.76;NaN;;3.89;12.903226;210.35;19 / 21;36034;2018-06-11 15:41:38:318
1.2977;11.7248;-0.2346;0.1015;9.7892;0.5763;0.94;1.8805;0.9537;0.3055;-0.1732;0.0434;2285.0;-1.32;-26.4;31.44;168.71;-86.58;-9.99;3.1;993.7;44.201;23.02553;72.538345;29.76;NaN;;3.89;12.903226;210.35;19 / 21;36534;2018-06-11 15:41:38:818
0.6465;11.3201;0.4836;-0.1833;9.7947;0.447;0.8298;1.5254;0.0367;0.1772;0.145;0.0568;2533.0;2.16;-26.94;30.12;205.06;-87.18;22.3;3.1;993.67;41.663;23.02553;72.538345;29.76;NaN;;3.89;12.903226;210.35;18 / 21;37033;2018-06-11 15:41:39:317
0.1197;9.4071;-1.0487;0.3583;9.7951;0.314;-0.2577;-1.7958;-0.7689;0.5431;-0.0309;-0.0855;2661.0;-0.42;-26.04;31.2;132.91;-87.22;-48.77;3.1;993.68;42.779;23.02553;72.538345;29.76;NaN;;3.89;12.903226;210.35;18 / 21;37534;2018-06-11 15:41:39:818
0.1915;8.0328;-0.9218;0.0357;9.7866;0.6256;-0.1075;-2.4194;-1.2385;0.3697;-0.2258;-0.0373;3094.0;-0.24;-26.7;35.4;176.89;-86.34;-3.26;3.1;993.68;41.296;23.02553;72.538345;29.76;NaN;;3.89;12.903226;210.35;18 / 21;38033;2018-06-11 15:41:40:317
0.8188;8.2028;0.1963;0.3651;9.7635;0.8433;0.6117;-1.9438;-0.3573;0.5004;0.0534;-0.0605;3260.0;-3.72;-27.24;34.38;151.78;-84.62;-23.41;3.1;993.68;39.975;23.02553;72.538345;29.76;NaN;;3.89;12.903226;210.35;18 / 21;38533;2018-06-11 15:41:40:817
0.5363;6.2443;0.1508;0.557;9.7728;0.5935;-0.0207;-3.5285;-0.4427;0.1516;-0.1347;0.0904;4193.0;-0.72;-27.06;35.16;137.56;-85.24;-43.18;3.1;993.67;39.426;23.02553;72.538345;29.76;NaN;;3.89;12.903226;210.35;19 / 20;39033;2018-06-11 15:41:41:317
-0.0144;5.854;0.1628;0.0867;9.7885;0.5906;-0.5608;-3.142;0.1995;0.1296;-0.2465;0.4765;4467.0;-0.18;-27.3;34.92;172.01;-86.51;-8.35;3.1;993.67;39.08;23.02553;72.538345;29.76;NaN;;3.89;12.903226;210.35;19 / 20;39533;2018-06-11 15:41:41:817
-0.2801;8.0017;0.9074;0.1998;9.7726;0.7917;0.0851;-1.6608;0.5587;0.0697;-0.114;-0.3195;5077.0;1.86;-27.6;35.94;169.65;-85.22;-14.16;3.1;993.67;39.154;23.02553;72.538345;29.76;NaN;;3.89;12.903226;210.35;18 / 19;40033;2018-06-11 15:41:42:317
-1.0224;9.4622;-1.3121;0.4594;9.7927;0.2474;-1.9391;0.5146;1.7398;0.5584;0.3833;-0.303;4033.0;3.24;-26.34;36.24;124.83;-86.95;-61.69;3.1;993.66;39.387;23.02553;72.538345;29.76;NaN;;3.89;12.903226;210.35;18 / 19;40533;2018-06-11 15:41:42:817
0.9266;9.7447;-0.431;-0.156;9.7963;0.4223;0.1919;1.124;0.6384;-0.1985;-0.5287;0.0556;4997.0;1.2;-26.16;34.92;201.22;-87.37;20.27;3.1;993.67;40.878;23.02553;72.538345;29.76;NaN;;3.89;12.903226;210.35;19 / 20;41033;2018-06-11 15:41:43:317
-2.0591;12.4191;3.4645;-0.3559;9.7847;0.5504;-1.6003;1.3511;1.0873;0.6195;0.1133;0.0709;5043.0;-0.66;-27.12;34.5;198.43;-85.76;21.06;3.1;993.66;39.93;23.02553;72.538345;29.76;NaN;;3.89;12.903226;210.35;19 / 20;41534;2018-06-11 15:41:43:818
0.0239;11.2483;2.6888;0.1804;9.8042;0.126;-1.1141;2.9262;3.9538;0.5047;0.1597;0.11;5045.0;-2.7;-25.68;35.7;120.97;-88.71;-55.06;3.1;993.67;40.146;23.025396;72.538284;29.93;NaN;;3.78;12.903226;190.85;18 / 20;42033;2018-06-11 15:41:44:317
0.5507;12.1174;1.9322;0.2809;9.8021;-0.0995;0.2698;2.3153;2.0317;-0.5925;-0.3931;0.2053;4467.0;1.8;-24.42;36.06;74.8;-88.26;-109.5;3.1;993.65;40.303;23.025396;72.538284;29.93;167.85798122627273;;3.78;12.903226;190.85;18 / 20;42533;2018-06-11 15:41:44:817
0.8667;13.3409;0.7207;0.7324;9.7787;-0.1019;0.3115;2.6643;0.6646;0.4094;-0.0309;-0.1179;4909.0;0.06;-24.54;34.2;85.27;-85.68;-97.92;3.1;993.65;39.74;23.025396;72.538284;29.93;167.85798122627273;;3.78;12.903226;190.85;18 / 19;43034;2018-06-11 15:41:45:318
1.6616;11.8804;0.3567;0.546;9.7885;-0.2391;1.2688;-0.4532;-1.3483;-0.0952;-0.0394;-0.1038;6733.0;3.72;-24.9;35.04;75.29;-86.51;-113.65;3.1;993.67;40.608;23.025396;72.538284;29.93;167.85798122627273;;3.78;12.903226;190.85;18 / 19;43533;2018-06-11 15:41:45:817
1.0176;11.6721;-0.4046;0.5407;9.7911;0.107;-0.366;-0.0488;-0.7726;0.1241;-0.0401;-0.0202;6491.0;0.84;-25.8;35.28;105.12;-86.78;-78.81;3.1;993.67;40.869;23.025396;72.538284;29.93;167.85798122627273;;3.78;12.903226;190.85;19 / 20;44034;2018-06-11 15:41:46:318
1.9944;8.5428;-1.7311;0.6799;9.7817;-0.1611;1.3145;-1.2389;-1.5699;0.008;-0.23;0.1527;6249.0;2.58;-24.72;36.54;85.85;-86.18;-101.37;3.1;993.65;39.785;23.025396;72.538284;29.93;167.85798122627273;;3.78;12.903226;190.85;19 / 20;44534;2018-06-11 15:41:46:818
0.4238;8.0879;-0.7374;0.6152;9.7844;0.2381;-0.1914;-1.6966;-0.9756;0.1809;0.1023;-0.033;6405.0;-1.14;-26.16;34.92;114.01;-85.45;-67.38;3.1;993.67;38.025;23.025396;72.538284;29.93;167.85798122627273;;3.78;12.903226;190.85;19 / 21;45034;2018-06-11 15:41:47:318
0.5459;7.0104;-0.1101;0.5395;9.7901;0.1835;-0.3743;-2.94;0.2451;-0.0262;-0.1854;0.1692;6262.0;0.9;-25.56;35.58;112.56;-86.67;-71.22;3.1;993.65;38.665;23.025396;72.538284;29.93;167.85798122627273;;3.78;12.903226;190.85;19 / 21;45533;2018-06-11 15:41:47:817
-0.5076;7.1804;-0.8452;0.7449;9.7774;0.1308;-1.0059;-2.4869;0.6282;0.3843;0.0522;-0.1851;5964.0;-2.52;-25.98;36.54;98.37;-85.58;-80.04;3.1;993.66;37.856;23.025396;72.538284;29.93;167.85798122627273;;3.78;12.903226;190.85;18 / 19;46033;2018-06-11 15:41:48:317
0.0;5.8133;-0.0575;0.5135;9.7853;0.3918;-0.8487;-3.0981;-0.3702;-0.0622;-0.1189;0.1167;6554.0;0.78;-25.56;36.0;130.93;-86.22;-52.66;3.1;993.68;38.858;23.025396;72.538284;29.93;167.85798122627273;;3.78;12.903226;190.85;18 / 19;46533;2018-06-11 15:41:48:817
0.249;6.5436;0.7973;0.5597;9.779;0.4771;-1.3163;-0.1349;0.9499;-0.1319;0.627;0.1668;6742.0;-3.0;-26.22;37.08;128.11;-85.7;-49.55;3.1;993.67;40.415;23.025396;72.538284;29.93;167.85798122627273;;3.78;12.903226;190.85;19 / 20;47033;2018-06-11 15:41:49:317
-0.5243;8.0998;0.8931;0.4981;9.7584;0.8339;-0.8357;-1.3928;0.732;-0.2076;-0.0028;-0.0623;6687.0;-4.68;-25.62;38.28;143.8;-84.32;-30.85;3.1;993.67;38.68;23.025396;72.538284;29.93;167.85798122627273;;3.78;12.903226;190.85;19 / 20;47536;2018-06-11 15:41:49:820
-0.7303;9.3736;0.4238;0.5255;9.7854;0.3751;-1.2557;-0.4118;0.0487;-0.4312;0.0949;0.5571;5994.0;-9.72;-21.18;41.28;113.49;-86.23;-54.48;3.1;993.68;39.207;23.025396;72.538284;29.93;167.85798122627273;;3.78;12.903226;190.85;19 / 21;48034;2018-06-11 15:41:50:318
1.2666;9.2515;-1.0511;0.5108;9.785;0.4051;0.7558;-0.5335;-1.4561;0.1241;-0.7395;-0.1319;5776.0;-17.46;-17.22;35.82;104.68;-86.19;-51.59;3.1;993.68;40.506;23.025396;72.538284;29.93;167.85798122627273;;3.78;12.903226;190.85;19 / 21;48533;2018-06-11 15:41:50:817
-1.008;12.783;3.6201;0.4476;9.7903;0.3451;-0.9265;3.7493;3.9526;0.3519;-0.0193;-0.2639;4089.0;-13.56;-16.92;30.78;104.9;-86.7;-52.37;3.1;993.67;40.986;23.025396;72.538284;29.93;167.85798122627273;;3.78;12.903226;190.85;19 / 20;49033;2018-06-11 15:41:51:317
0.0934;11.7391;2.3224;0.4935;9.7942;0.0211;0.0667;2.9314;0.046;-0.3811;-0.1103;0.1087;3883.0;-11.16;-15.0;31.26;74.2;-87.11;-87.55;3.1;993.66;40.441;23.025396;72.538284;29.93;167.85798122627273;;3.78;12.903226;190.85;19 / 20;49533;2018-06-11 15:41:51:817
0.1149;14.0688;0.1868;0.3667;9.7947;-0.3143;0.3731;3.855;-1.0983;-0.039;0.1121;0.033;4074.0;-9.6;-13.38;32.82;33.16;-87.18;-130.6;3.1;993.66;42.114;23.025396;72.538284;29.93;167.85798122627273;;3.78;12.903226;190.85;19 / 20;50033;2018-06-11 15:41:52:317
1.7023;13.3744;-1.4749;0.6843;9.7823;-0.0931;0.6469;2.5243;-0.6946;-0.2125;-0.5159;0.0159;4459.0;-6.18;-14.52;30.72;73.18;-85.96;-97.75;3.1;993.67;41.453;23.025396;72.538284;29.93;167.85798122627273;;3.78;12.903226;190.85;19 / 20;50533;2018-06-11 15:41:52:817
-0.1293;13.6976;0.0838;0.3038;9.8012;-0.1173;-0.4331;3.8964;0.2011;0.2976;-0.1451;-0.1173;5312.0;-0.06;-17.7;31.86;103.19;-87.32;-78.27;3.1;993.69;42.472;23.025255;72.53824;29.97;167.85798122627273;;4.52;12.903226;199.8;18 / 19;51033;2018-06-11 15:41:53:317
0.5842;11.9833;0.7877;0.3523;9.7948;0.328;0.4498;2.4232;0.1197;0.4827;-0.2477;-0.0977;6817.0;0.96;-21.54;31.32;146.55;-86.56;-36.6;3.1;993.67;41.601;23.025255;72.53824;29.97;167.85798122627273;;4.52;12.903226;199.8;18 / 19;51533;2018-06-11 15:41:53:817
1.9394;9.2347;0.103;0.5427;9.7705;0.6424;1.3967;-0.5358;-0.5394;0.1589;-0.0113;0.1417;6703.0;5.52;-24.72;32.28;152.11;-85.08;-40.19;3.1;993.67;57.738;23.025255;72.53824;29.97;167.85798122627273;;4.52;12.903226;199.8;19 / 20;52033;2018-06-11 15:41:54:317
0.091;11.3513;0.577;0.6793;9.7398;0.9192;0.2521;-1.4652;-1.0868;0.2047;0.0522;-0.0983;7244.0;2.34;-26.94;32.7;149.6;-83.31;-36.47;3.1;993.68;44.372;23.025255;72.53824;29.97;167.85798122627273;;4.52;12.903226;199.8;19 / 20;52533;2018-06-11 15:41:54:817
0.8739;6.0001;-0.2538;0.3121;9.7998;0.1916;-0.1253;-3.2323;-0.6489;-0.2443;-0.4383;0.4911;7284.0;4.02;-24.72;33.96;129.44;-87.86;-58.46;3.1;993.68;44.946;23.025255;72.53824;29.97;167.85798122627273;;4.52;12.903226;199.8;19 / 20;53033;2018-06-11 15:41:55:317
0.4932;7.5491;-0.1461;0.7484;9.7456;0.7963;-0.0612;-2.4957;-0.1833;0.4503;0.3833;-0.1924;6989.0;0.36;-26.52;32.7;139.97;-83.6;-43.22;3.1;993.68;48.786;23.025255;72.53824;29.97;167.85798122627273;;4.52;12.903226;199.8;19 / 20;53533;2018-06-11 15:41:55:817
-0.0048;7.5899;1.7239;0.7962;9.7499;0.6901;-0.5089;-2.3133;1.2157;0.1974;0.0833;-0.0177;6417.0;1.8;-26.64;32.58;137.62;-83.83;-49.08;3.1;993.67;39.79;23.025255;72.53824;29.97;167.85798122627273;;4.52;12.903226;199.8;19 / 20;54034;2018-06-11 15:41:56:318
0.5411;6.7614;1.1445;1.1204;9.7284;0.5221;-0.5793;-2.967;0.6224;0.2169;0.1163;-0.1069;6225.0;-0.48;-27.0;33.78;119.8;-82.76;-65.01;3.1;993.67;45.383;23.025255;72.53824;29.97;167.85798122627273;;4.52;12.903226;199.8;19 / 20;54533;2018-06-11 15:41:56:817
-0.7901;9.0288;1.3336;0.5825;9.7893;0.0195;-1.3727;-0.7605;1.3142;-0.1691;0.4725;-0.0727;5940.0;3.84;-25.26;34.56;100.79;-86.59;-88.09;3.1;993.67;50.28;23.025255;72.53824;29.97;167.85798122627273;;4.52;12.903226;199.8;19 / 21;55033;2018-06-11 15:41:57:317
-0.8787;9.7112;-0.2514;0.4017;9.7908;-0.3862;-1.2804;-0.0796;0.1348;-0.2803;0.2532;0.1167;5468.0;0.3;-25.08;36.6;47.81;-86.74;-133.87;3.1;993.67;39.642;23.025255;72.53824;29.97;167.85798122627273;;4.52;12.903226;199.8;19 / 21;55533;2018-06-11 15:41:57:817
-0.2873;11.0089;-0.261;0.2824;9.8013;0.1555;0.9531;0.7981;-1.3934;-0.1264;-0.7853;-0.4252;5491.0;3.3;-26.28;35.34;124.88;-88.12;-61.15;3.1;993.66;40.979;23.025255;72.53824;29.97;167.85798122627273;;4.52;12.903226;199.8;18 / 21;56033;2018-06-11 15:41:58:317
0.5986;9.9147;-0.0646;0.1117;9.806;-0.0307;-0.6193;2.9699;1.5582;-0.0073;0.0381;0.3726;4191.0;2.82;-25.86;35.04;80.05;-89.32;-105.35;3.1;993.65;44.64;23.025255;72.53824;29.97;167.85798122627273;;4.52;12.903226;199.8;18 / 21;56533;2018-06-11 15:41:58:817
0.4621;10.7264;1.415;0.4797;9.7829;0.485;1.1748;0.1246;-1.311;0.1094;-0.9649;0.2334;3970.0;1.32;-28.14;32.58;146.07;-86.51;-37.27;3.1;993.63;40.573;23.025255;72.53824;29.97;167.85798122627273;;4.52;12.903226;199.8;18 / 21;57033;2018-06-11 15:41:59:317
-0.249;12.6418;3.3879;0.2333;9.8012;0.2272;-0.4823;2.8405;3.1607;-0.2388;0.2202;0.3024;3229.0;2.1;-26.64;33.72;138.59;-88.1;-45.76;3.1;993.64;43.178;23.025255;72.53824;29.97;167.85798122627273;;4.52;12.903226;199.8;18 / 21;57533;2018-06-11 15:41:59:817
0.917;13.3816;2.0878;0.3993;9.7875;0.4653;0.5177;3.5942;1.6225;-0.6878;0.0082;-0.1045;3186.0;2.58;-26.4;33.18;146.08;-86.42;-40.64;3.1;993.64;52.964;23.025255;72.53824;29.97;167.85798122627273;;4.52;12.903226;199.8;17 / 19;58033;2018-06-11 15:42:00:317
0.9074;12.9171;0.5483;0.5015;9.792;-0.1899;-0.2597;2.9504;2.2298;0.1271;0.1078;-0.3867;2844.0;3.48;-24.96;34.74;76.35;-86.87;-110.74;3.1;993.62;52.082;23.025255;72.53824;29.97;167.85798122627273;;4.52;12.903226;199.8;17 / 19;58533;2018-06-11 15:42:00:817
1.3432;12.8309;-1.7335;0.4543;9.7722;0.6837;0.6303;1.6796;-0.0325;0.2151;-0.3626;-0.3653;2673.0;3.36;-26.76;31.86;153.47;-85.2;-33.61;3.1;993.64;58.966;23.025255;72.53824;29.97;167.85798122627273;;4.52;12.903226;199.8;18 / 20;59033;2018-06-11 15:42:01:317
0.6345;11.5715;2.028;0.3855;9.7719;0.7286;0.6297;-1.1573;-0.6209;-0.116;0.2898;-0.1008;2824.0;5.1;-26.82;32.7;161.88;-85.18;-27.88;3.1;993.66;54.447;23.025255;72.53824;29.97;167.85798122627273;;4.52;12.903226;199.8;18 / 20;59534;2018-06-11 15:42:01:818
0.0407;12.3712;1.2738;0.4141;9.7491;0.9763;-0.3734;2.6221;0.2975;0.3678;-0.0468;-0.0085;2455.0;2.94;-28.8;30.9;166.07;-81.68;-21.18;3.1;993.66;58.435;23.025145;72.53823;29.99;167.85798122627273;;4.35;12.903226;191.37;19 / 21;60034;2018-06-11 15:42:02:318
1.3336;10.6952;-0.5962;0.265;9.7659;0.8524;0.7549;0.1655;-1.2019;0.6916;0.2269;-0.069;2489.0;3.84;-27.42;31.8;173.95;-82.69;-13.77;3.1;993.67;50.629;23.025145;72.53823;29.99;167.85798122627273;;4.35;12.903226;191.37;19 / 21;60533;2018-06-11 15:42:02:817
0.0383;9.4023;-0.7853;0.0976;9.7809;0.704;-0.3681;-0.4647;-1.4175;0.2731;-0.1366;0.1277;2483.0;2.52;-26.46;33.36;177.44;-85.84;-7.89;3.1;993.67;54.294;23.025145;72.53823;29.99;167.85798122627273;;4.35;12.903226;191.37;19 / 21;61034;2018-06-11 15:42:03:318
0.917;8.1453;-1.269;0.2693;9.8009;0.1992;0.0851;-2.2781;-0.3357;-0.014;-0.2508;0.0843;2364.0;5.7;-24.72;34.44;137.45;-88.04;-53.5;3.1;993.67;41.43;23.025145;72.53823;29.99;167.85798122627273;;4.35;12.903226;191.37;19 / 21;61533;2018-06-11 15:42:03:817
0.6488;8.1932;-0.6536;-0.0823;9.7694;0.8499;0.3648;-2.8643;-1.2234;0.1748;0.2758;0.1216;1909.0;1.2;-26.82;33.78;186.77;-85.0;5.53;3.1;993.66;40.926;23.025145;72.53823;29.99;167.85798122627273;;4.35;12.903226;191.37;18 / 19;62033;2018-06-11 15:42:04:317
-0.51;7.779;0.9505;0.1634;9.7747;0.7733;-0.6471;-2.149;0.0863;-0.2968;-0.0889;-0.0538;1984.0;3.6;-27.24;34.08;175.07;-85.38;-11.93;3.1;993.65;42.109;23.025145;72.53823;29.99;167.85798122627273;;4.35;12.903226;191.37;18 / 19;62533;2018-06-11 15:42:04:817
0.5028;5.6265;-0.8188;0.4039;9.7708;0.7338;0.3551;-3.8186;-1.3109;-0.2773;0.0106;0.2016;2780.0;2.58;-26.28;35.76;156.04;-87.0;-29.58;3.1;993.66;40.511;23.025145;72.53823;29.99;167.85798122627273;;4.35;12.903226;191.37;19 / 21;63034;2018-06-11 15:42:05:318
-0.17;6.5747;1.1349;0.3982;9.7741;0.6923;-0.5682;-3.1994;0.4425;0.2792;0.4114;-0.0892;3076.0;7.14;-26.76;34.08;162.75;-85.33;-29.9;3.1;993.65;41.129;23.025145;72.53823;29.99;167.85798122627273;;4.35;12.903226;191.37;19 / 21;63533;2018-06-11 15:42:05:817
-0.5986;6.8788;0.7231;0.3361;9.7827;0.5965;-1.6625;-1.6541;0.8209;-0.6035;0.1237;0.3519;3081.0;5.52;-26.76;34.56;161.26;-86.0;-29.4;3.1;993.64;41.234;23.025145;72.53823;29.99;167.85798122627273;;4.35;12.903226;191.37;17 / 20;64033;2018-06-11 15:42:06:317
-0.4908;9.5268;2.3057;0.4727;9.79;-0.3206;1.1817;-0.1243;-0.12;-0.3652;0.2611;-0.2902;3116.0;6.3;-23.76;36.3;67.39;-86.66;-124.14;3.1;993.63;41.51;23.025145;72.53823;29.99;167.85798122627273;;4.35;12.903226;191.37;17 / 20;64533;2018-06-11 15:42:06:817
-0.589;9.6824;0.0599;0.6881;9.7823;0.0564;-0.4821;-0.3632;0.9421;-0.254;0.3588;-0.0788;4478.0;4.44;-25.08;36.12;103.7;-85.96;-85.32;3.1;993.63;40.514;23.025145;72.53823;29.99;167.85798122627273;;4.35;12.903226;191.37;17 / 21;65034;2018-06-11 15:42:07:318
0.2275;8.8181;0.929;0.085;9.806;0.0712;0.1281;0.6306;-0.5549;-0.8771;-0.1769;0.3183;3947.0;2.22;-23.58;36.48;45.7;-89.13;-137.9;3.1;993.63;43.019;23.025145;72.53823;29.99;167.85798122627273;;4.35;12.903226;191.37;17 / 21;65533;2018-06-11 15:42:07:817
0.917;8.3943;-0.2682;0.7687;9.7655;0.463;0.1483;-1.3712;-0.7312;0.005;-0.2545;-0.1271;3170.0;1.74;-25.68;35.82;127.15;-84.75;-58.94;3.1;993.63;40.49;23.025145;72.53823;29.99;167.85798122627273;;4.35;12.903226;191.37;17 / 21;66033;2018-06-11 15:42:08:317
2.5379;10.1493;-1.3073;0.6103;9.7832;-0.2931;1.9277;0.3661;-1.0142;-0.193;-0.9655;-0.0085;2920.0;1.08;-22.8;36.36;68.34;-86.04;-115.65;3.1;993.63;40.037;23.025145;72.53823;29.99;167.85798122627273;;4.35;12.903226;191.37;17 / 21;66533;2018-06-11 15:42:08:817
0.2107;13.1182;1.5946;0.2867;9.7946;-0.3929;-0.076;3.3237;1.9875;-0.3322;0.1909;0.3213;2346.0;4.08;-20.82;36.84;43.43;-87.16;-143.88;3.1;993.63;38.109;23.025145;72.53823;29.99;167.85798122627273;;4.35;12.903226;191.37;17 / 20;67033;2018-06-11 15:42:09:317
-0.407;12.728;4.7574;0.6877;9.781;0.17;0.4688;4.2758;-1.597;-0.3725;-0.1561;-0.058;2396.0;2.7;-23.76;33.78;111.59;-85.86;-76.11;3.1;993.62;39.765;23.025145;72.53823;29.99;167.85798122627273;;4.35;12.903226;191.37;17 / 20;67533;2018-06-11 15:42:09:817
0.7039;13.372;-1.0822;0.5621;9.7886;-0.1915;-0.9811;4.2083;2.071;0.1522;0.4132;0.1717;2135.0;1.8;-22.5;35.1;76.6;-86.53;-108.81;3.1;993.62;39.776;23.025145;72.53823;29.99;167.85798122627273;;4.35;12.903226;191.37;18 / 21;68033;2018-06-11 15:42:10:317
1.6233;14.2699;-1.609;0.5567;9.7895;0.1627;1.0666;4.4804;-1.7717;0.3947;-0.0688;-0.212;2455.0;-3.48;-24.72;34.14;103.64;-86.61;-73.71;3.1;993.62;40.024;23.025145;72.53823;29.99;167.85798122627273;;4.35;12.903226;191.37;18 / 21;68534;2018-06-11 15:42:10:818
1.0702;12.8453;0.2107;0.4882;9.7841;-0.4504;0.582;3.0612;0.6611;-0.2363;-0.103;0.259;2087.0;-2.76;-22.26;35.04;44.17;-86.12;-132.69;3.1;993.61;39.637;23.025042;72.538216;30.09;167.85798122627273;;2.54;9.677419;195.59;18 / 20;69033;2018-06-11 15:42:11:317
0.8404;13.5612;-0.0263;0.5268;9.7925;-0.0038;1.0629;2.7487;0.0613;0.3012;-0.4744;-0.245;2709.0;-1.38;-25.26;34.32;90.17;-86.92;-90.41;3.1;993.62;38.116;23.025042;72.538216;30.09;NaN;;2.54;9.677419;195.59;18 / 20;69533;2018-06-11 15:42:11:817
0.5483;12.3688;-0.8069;0.432;9.7966;-0.1004;0.4276;0.075;-0.2947;0.603;0.2104;-0.2944;2452.0;2.88;-24.78;33.3;84.07;-87.41;-103.08;3.1;993.62;37.614;23.025042;72.538216;30.09;NaN;;2.54;9.677419;195.59;18 / 20;70033;2018-06-11 15:42:12:317
1.5132;11.0137;0.8548;0.6286;9.7719;0.5333;0.4536;0.047;-0.3465;-0.0665;0.0259;0.0507;1624.0;-2.76;-27.6;31.92;128.16;-85.18;-49.69;3.1;993.61;38.878;23.025042;72.538216;30.09;NaN;;2.54;9.677419;195.59;18 / 20;70533;2018-06-11 15:42:12:817
0.8859;7.6713;-1.3623;0.6478;9.7787;0.3572;-0.983;-2.4067;-0.7571;0.118;-0.3748;0.1686;1467.0;0.0;-27.72;32.88;121.92;-85.67;-61.13;3.1;993.61;37.969;23.025042;72.538216;30.09;NaN;;2.54;9.677419;195.59;17 / 20;71033;2018-06-11 15:42:13:317
1.7215;8.9235;-0.747;0.7075;9.7382;0.9145;0.923;-2.2585;-1.9943;-0.0909;0.3081;-0.0134;1406.0;-5.52;-28.2;31.98;135.54;-83.23;-37.73;3.1;993.6;39.831;23.025042;72.538216;30.09;NaN;;2.54;9.677419;195.59;17 / 20;71533;2018-06-11 15:42:13:817
0.0886;5.8037;-0.8619;0.6618;9.7842;-0.0352;-0.5732;-3.9805;-0.8268;0.0428;-0.0846;0.1008;1569.0;-3.66;-26.7;34.62;83.41;-86.12;-93.04;3.1;993.6;39.506;23.025042;72.538216;30.09;NaN;;2.54;9.677419;195.59;17 / 19;72033;2018-06-11 15:42:14:317
1.166;5.7965;-0.4525;0.4947;9.7907;0.2586;0.5157;-4.0445;-0.3328;-0.3121;-0.0211;0.0568;1817.0;-5.64;-27.72;34.26;110.05;-86.74;-62.4;3.1;993.61;38.846;23.025042;72.538216;30.09;NaN;;2.54;9.677419;195.59;17 / 19;72533;2018-06-11 15:42:14:817
-0.2562;6.5196;1.0415;0.5829;9.78;0.4273;-0.3985;-2.2093;0.133;-0.2693;-0.2667;0.0049;1582.0;-2.64;-28.26;33.18;123.95;-85.77;-53.75;3.1;993.61;41.703;23.025042;72.538216;30.09;NaN;;2.54;9.677419;195.59;16 / 20;73034;2018-06-11 15:42:15:318
-1.8101;8.21;1.9178;0.353;9.8002;-0.0418;-1.7871;-0.0076;-0.4491;-0.2797;0.729;0.0189;1636.0;-4.5;-26.82;36.48;78.44;-87.92;-96.75;3.1;993.59;40.897;23.025042;72.538216;30.09;NaN;;2.54;9.677419;195.59;16 / 20;73534;2018-06-11 15:42:15:818
-0.9386;9.2467;1.3839;0.0829;9.7836;0.6669;-0.545;-0.2735;1.6101;-0.0842;0.277;-0.3427;1850.0;-2.64;-29.46;34.2;168.51;-86.07;-7.08;3.1;993.59;39.572;23.025042;72.538216;30.09;NaN;;2.54;9.677419;195.59;17 / 20;74033;2018-06-11 15:42:16:317
-0.9649;9.4454;0.0862;0.1274;9.7786;0.7295;-1.3964;-1.1449;-0.5715;-0.3774;0.1004;-0.0208;2501.0;-2.76;-29.64;34.5;161.63;-84.67;-14.83;3.1;993.62;39.888;23.025042;72.538216;30.09;NaN;;2.54;9.677419;195.59;17 / 20;74533;2018-06-11 15:42:16:817
1.3264;8.9594;0.3472;0.0699;9.7039;1.4139;1.2566;-0.7446;-1.0667;-0.0146;-0.1891;-0.1222;2916.0;-2.28;-32.52;32.28;174.37;-81.7;-2.83;3.1;993.59;39.215;23.025042;72.538216;30.09;NaN;;2.54;9.677419;195.59;18 / 21;75033;2018-06-11 15:42:17:317
-0.6512;11.5117;3.0288;-0.288;9.6905;1.4771;-0.2866;2.9489;1.0656;-0.2834;0.018;-0.0079;2767.0;-1.14;-31.44;32.7;188.21;-81.17;11.03;3.1;993.59;42.051;23.025042;72.538216;30.09;NaN;;2.54;9.677419;195.59;18 / 21;75533;2018-06-11 15:42:17:817
-0.2418;10.7048;4.1493;-0.2367;9.737;1.1428;0.4546;1.9519;2.4223;-0.7104;-0.2141;0.0196;2465.0;0.12;-29.64;33.6;190.66;-83.17;11.7;3.1;993.62;40.482;23.025042;72.538216;30.09;NaN;;2.54;9.677419;195.59;17 / 20;76034;2018-06-11 15:42:18:318
0.0742;12.9075;1.2785;-0.5937;9.7013;1.3045;-0.4646;3.3283;0.5224;-0.014;0.1139;0.0422;1853.0;2.16;-29.46;33.48;205.06;-81.6;24.47;3.1;993.61;40.933;23.025042;72.538216;30.09;NaN;;2.54;9.677419;195.59;17 / 20;76533;2018-06-11 15:42:18:817
0.1125;10.6785;1.7071;-0.2598;9.71;1.3489;0.3724;0.9685;0.3582;0.3959;-0.1262;-0.1081;1380.0;1.5;-28.8;32.28;192.97;-81.95;10.9;3.1;993.6;42.267;23.025042;72.538216;30.09;NaN;;2.54;9.677419;195.59;17 / 19;77033;2018-06-11 15:42:19:317