Row,DOWN0,DOWN1,DOWN2,DOWN3
0,-0.012843276,-0.025297845,0.011854961,-0.026621818
1,-0.014901933,0.114216872,-0.023020141,0.022609898
2,-0.011482888,-0.060622642,-0.237618555,-0.137555105
3,0.085892428,-0.140838281,-0.012035254,0.539189269
4,-0.084308751,-0.510011813,0.028538716,-0.003368656
5,-0.150821201,-0.410739525,0.044285226,0.046530845
6,-0.177362155,-0.421046028,3.35E-05,0.230652842
7,-0.275860906,0.322926246,-0.017387235,0.230652842
8,0.01270436,-0.672973683,-0.054347004,0.613625323
9,-0.036371219,0.321572289,0.086261661,0.194606871
10,0.54989702,0.019950295,0.042998421,0.427742547
11,-0.132324793,0.896013376,0.017471717,0.266739462
12,-0.150569897,0.070221122,0.045903303,-0.35745658
13,-0.016506596,0.853031735,0.003291435,0.323324989
14,-0.148056131,0.535638568,0.009506843,-0.328043078
15,0.10311243,-0.250064098,-0.018107523,0.001158436
16,0.064218174,0.061977607,0.023328478,-0.168102906
17,-0.140455034,-0.209332626,0.018709681,-0.029247341
18,0.008717382,0.314702355,-0.039298781,-0.154088932
19,0.054209938,-0.633573079,0.069555553,-0.011120019
20,-0.03527185,1.375323843,-0.379085236,-0.026923389
21,0.010167801,-0.000466839,-0.045617046,0.000695747
22,-0.015783845,0.151904383,-0.089688265,-0.016089687
23,0.140621604,0.151904383,-0.107826176,-0.061487764
24,0.043534132,0.58293347,-0.083274685,-0.012213768
25,0.247133032,0.618054766,-0.022920357,-0.184837573
26,-0.019936299,0.149933593,-0.046466298,-0.17594271
27,0.254035284,0.149933593,-0.046997705,0.016731675
28,-0.021150969,0.603503819,-0.051567118,0.136700747
29,0.120352759,0.603503819,0.018913446,0.16472568
30,0.029164996,0.151125501,-0.000166943,-0.161371894
31,-0.015488634,0.669179157,-0.121371477,0.001591518
32,0.372070588,0.78824922,-0.024921276,0.062760363
33,-0.022000469,0.998076572,0.017032094,0.00183714
34,-0.132324793,0.868576311,-0.01493894,-0.151381061
35,-0.035393836,0.920547815,0.064427615,0.031181767
36,-0.015988021,0.920547815,0.182389422,0.119276662
37,0.66501218,0.753942208,-0.207315862,-0.172208147
38,-0.154187217,0.6611416,-0.016558576,0.045620171
39,0.113422749,0.254211151,-0.030770358,0.280777964
40,0.002898811,0.254211151,0.294822728,-0.157320412
41,0.218817265,0.427693627,0.163962746,-0.138891138
42,-0.392409156,0.40715991,-0.071046293,0.756292201
43,-0.132324793,0.329618267,-0.182898179,-0.231215178
44,-0.016499051,0.271571032,-0.110946388,0.080352858
45,-0.008578096,-0.09510025,0.378241882,-0.298360697
46,-0.081358768,-0.023554114,-0.140107994,-0.708306347
47,0.110135099,0.377957359,0.160432338,-0.3220659
48,-0.169599536,0.087608373,-0.160842311,0.049977562
49,0.762916932,0.419477729,0.04654884,0.056732212
50,0.078710645,-0.341839758,0.046310017,-0.299318162
51,0.091765531,0.356053956,-0.007339408,0.144246151
52,0.016467331,0.1690645,-0.078095052,-0.208029639
53,0.396481497,-0.250412908,-0.00513491,-0.183755972
54,0.207101613,-0.169566068,0.058709666,-0.041868281
55,0.008834078,-0.169566068,-0.006583619,-0.086428087
56,-0.006239183,0.11594028,0.04359259,-0.265194825
57,0.230195611,0.407896617,0.043865688,0.043588954
58,0.157186396,-0.30204581,0.057921952,0.009658048
59,0.153677322,0.405585836,0.142735373,0.037548474
60,-0.751256826,0.186143247,-0.09298028,0.226996435
61,-0.093806,0.091951058,0.272390654,0.07091315
62,-0.132324793,-0.225058833,0.002238345,0.099937616
63,-0.125043131,0.057497399,-0.148756247,0.3798687
64,0.173988182,0.092836701,0.105755842,0.071589091
65,-0.045350134,-0.084753649,-0.004008492,0.45968728
66,-0.130726021,-0.130664475,-0.032609728,-0.092572585
67,0.06712095,-0.099211372,-0.019471283,0.296410757
68,-0.00271093,0.173585009,0.082085343,-0.075678651
69,-0.139807163,0.048214193,-0.156066586,-0.23746874
70,-0.0935793,0.601774718,-0.15590127,-0.0807133
71,0.318776831,0.26810527,-0.00303012,0.168950973
72,-0.053630514,0.354401988,-0.058386212,-0.43268129
73,-0.001782463,0.354401988,0.1370042,0.227738896
74,0.258229416,0.533388066,-0.153128356,-0.348197511
75,0.013862009,0.059539403,-0.10838208,-0.121271567
76,0.127760096,0.251736402,0.05528501,-0.013429059
77,-0.025448268,0.435659873,-0.127412697,-0.065808716
78,-0.132324793,0.435659873,0.018438422,0.002362742
79,-0.00895804,0.429901208,0.02361079,-0.170122291
80,0.546378985,0.429901208,-0.067397149,-8.72E-05
81,0.08013385,0.429901208,0.154585481,-0.318516519
82,-0.010599464,-0.022655482,-0.011868154,0.090055888
83,0.196314658,-0.174021949,0.109464383,-0.118659682
84,-0.337982947,0.175624243,-0.0445213,-0.261163615
85,0.026542204,0.240942715,0.002958865,0.029711236
86,-0.015683654,0.350890274,-0.011690539,-0.204516161
87,-0.541834487,0.477140556,-0.097896655,0.062664182
88,0.142505489,0.515133484,-0.073329506,-0.01580552
89,0.000671302,0.515133484,0.013376126,0.379659584
90,0.294559943,0.163785472,-0.0054318,-0.005741741
91,-0.132324793,0.244761832,-0.078462521,-0.044763359
92,-0.431486107,0.211797175,0.049205901,0.041583798
93,-0.122350914,-0.00798682,-0.050922538,0.170413409
94,0.087783074,0.145661894,0.130233205,-0.151353553
95,-0.057703848,0.334386234,0.019600247,0.168498087
96,0.027252429,0.179841906,-0.014754082,0.023251789
97,-0.153590718,0.296344475,-0.072430658,0.164425598
98,0.008772999,-0.074461813,-0.027579677,0.0190737
99,-0.150831576,0.238353882,0.010312611,0.05108862
100,-0.33188192,0.025282097,0.104870421,-0.007844814
101,-0.038262791,0.058314038,-0.060356998,-0.228656967
102,0.001722866,-0.00515793,0.049924954,0.219215081
103,-0.008973035,0.004248729,-0.010283111,0.168953185
104,-0.149296521,-0.446172624,0.035854723,0.168953185
105,-0.062114721,-0.294048925,0.026902285,0.168953185
106,0.342831739,0.023161104,0.035203138,-0.574157004
107,0.163913898,0.32851531,0.188473025,0.39482712
108,-0.19752867,0.667715989,0.074873887,-0.300981516
109,0.276489263,0.676674684,-0.11885912,0.024177541
110,-0.012946238,0.662329321,0.073556964,0.639855469
111,-0.03791589,0.376066043,-0.045284356,0.147992956
112,0.208213439,0.20151356,0.058139689,0.154729925
113,-0.143982868,0.20151356,0.015187248,0.243638934
114,-0.285689841,0.579715539,0.118292575,-0.140004854
115,-0.019207637,0.579715539,-0.065571307,-0.093194391
116,-0.017288873,0.523455414,0.177633817,-0.113068739
117,0.61588186,0.523455414,-0.030492035,0.080356094
118,0.003974834,0.442564869,-0.028438417,0.307209921
119,0.009844217,0.457018436,-0.079212239,-0.138530062
120,-0.023446756,0.214259864,0.129982572,-0.008625713
121,-0.011673321,0.214259864,-0.003338764,0.147822683
122,-0.199366088,0.072457697,0.053832306,0.026709551
123,-0.139920796,-0.073078531,-0.01059906,-0.072389396
124,-0.426013614,0.325396678,-0.154423354,0.214265044
125,0.260602133,-0.074911658,0.236000535,-0.103454262
126,-0.27023418,0.156149992,-0.190889768,-0.004721269
127,-0.60825712,0.564144276,0.140382203,-0.19466682
128,0.14250812,-0.254797476,0.012447548,0.062465458
129,0.129108131,-0.050266348,0.021120208,0.126314394
130,0.106999676,0.459780728,0.128246455,-0.004699727
131,0.010483568,0.399351571,-0.078619515,0.047956411
132,0.22038012,0.399351571,-0.079536243,-0.193543151
133,-0.12133795,0.399351571,0.084134786,0.030832818
134,-0.155580682,0.399351571,0.279414178,0.515219105
135,-0.132324793,-1.887068802,-0.249899932,0.019724148
136,-0.087495805,-0.010375827,-0.197278029,0.479070532
137,0.218031222,-1.051765728,-0.117720837,-0.195892521
138,-0.081382091,-1.008770444,-0.08054643,-0.169311895
139,-0.205692026,-0.362650059,-0.174322815,0.075686704
140,0.099372982,-0.214141715,0.082244766,0.163236339
141,-0.138191803,-0.214141715,0.019541947,-0.25527583
142,0.029017971,0.256531078,-0.072693299,0.089497577
143,0.189378383,0.51137515,0.164598073,0.02077643
144,0.911899062,-0.394414292,-0.184183208,-0.225807674
145,-0.713251952,0.455527716,0.238210649,-0.075431389
146,0.180632387,-0.003679689,-0.017118483,-0.351643364
147,0.054742023,-0.003679689,-0.012982449,0.19877541
148,-0.132324793,0.252599189,0.024608956,0.408549343
149,-0.025231295,0.252599189,-0.053857445,0.133198607
150,-0.132324793,0.634569286,-0.290889324,-1.216798116
151,-0.306264976,0.251169693,0.028148617,-0.177507575
152,0.107178912,0.0868436,-0.048727574,0.337913958
153,-0.02923387,0.0868436,-0.142760947,0.125503981
154,0.000218326,0.500195851,0.013768315,-0.151201499
155,-0.005463272,0.51073194,0.325248655,0.008899033
156,-0.138118234,0.51073194,-0.240127795,-0.137339778
157,0.316652959,0.940439505,0.044191002,-0.188440407
158,-0.132324793,0.101234302,-0.06189277,-0.095271745
159,0.026109603,0.640141599,0.181856341,-0.031939235
160,-0.062033049,0.180745385,0.027189256,0.120681593
161,-0.049032909,0.218471572,-0.064792401,0.023503658
162,0.268967675,0.119442945,0.025560588,0.217421552
163,0.076351111,0.119442945,-0.061251718,-0.1140806
164,-0.118128323,0.211372527,-0.006388112,-0.01188835
165,-0.01320913,-0.244860843,-0.008245028,-0.125677172
166,0.013162256,0.602480043,-0.069083577,-0.266106889
167,-0.155599802,0.215526731,0.014467767,0.151957324
168,-0.039117313,0.301359734,0.044334207,-0.328867065
169,0.112749487,0.037972663,-0.038781518,0.076046339
170,-0.008992943,0.477752498,0.063204827,0.023382437
171,-0.107316785,0.212827303,-0.073783821,0.007202131
172,-0.157046248,0.212827303,0.141065702,-0.147809534
173,-0.147206688,0.127374914,-0.094102089,-0.047334194
174,-0.094301359,0.506676712,-0.035688838,-0.03551216
175,0.355814605,-0.103099854,-0.016866239,-0.131709449
176,0.008922974,0.473272621,0.01024711,0.030642553
177,0.063753771,0.517983053,-0.021751609,-0.316770077
178,0.191644754,0.829967316,0.082920165,0.132744111
179,-0.082902091,0.480568479,-0.020800241,0.041661395
180,0.372331265,-0.161450031,-0.03744396,0.019927989
181,0.196363384,-0.307013962,-0.016227379,-0.081608507
182,-0.02134976,-0.082894897,-0.007424925,-0.040370329
183,-0.212401837,0.12812125,-0.03009986,0.352911762
184,0.006363932,0.016175041,0.09069204,-0.065874593
185,0.139263872,-0.14741554,0.089777789,-0.11010906
186,0.083981687,0.075861654,-0.091305261,-0.072563917
187,-0.101819492,-0.266922828,-0.026838141,0.325153767
188,0.036968752,0.15401747,-0.00033663,0.069777386
189,-0.132324793,0.416326457,0.095109802,-0.147728925
190,-0.016621187,-0.02582613,0.144712409,-0.052499394
191,-1.10901229,0.220959439,-0.064573323,-0.201267381
192,0.392508687,0.10993593,-0.048640016,-0.178737875
193,0.112599883,0.09084853,-0.03260135,0.136875686
194,-0.006679054,0.131865366,0.076070767,-0.455737874
195,0.004272041,-0.095680344,0.053275028,0.004116865
196,-0.208395657,0.12811763,0.013083782,-0.079905552
197,-0.075171714,0.372741904,0.043217498,-0.096305706
198,0.16566108,0.232792261,-0.120224755,-0.04064885
199,0.002010047,0.232792261,-0.041508844,0.095480191
200,-0.097023106,0.349482605,-0.046979276,-0.002300761
201,-0.170803816,0.349482605,0.148768508,0.451037452
202,-0.01970933,0.024703071,-0.025996716,-1.280754168
203,-0.155133578,-0.077884837,0.138871218,0.036696551
204,-0.031413677,-0.67433873,-0.006225475,-1.357043116
205,-0.14942915,-0.646159237,-0.005994457,-0.317542201
206,0.116291716,-0.129868869,-0.117687558,-0.282942543
207,-0.319812032,-0.423350191,0.018366116,0.035306537
208,-0.014352437,-0.30886833,0.053889594,-0.071574338
209,-0.020023473,-2.305606201,-0.025367229,-0.032952243
210,0.109437038,-1.23062458,-0.097737919,-0.073568168
211,-0.011200362,-1.107510513,0.022430531,0.111032475
212,0.281204002,-0.829711636,-0.103269181,0.098008741
213,-0.027393069,-0.688974982,0.127169785,0.055446797
214,0.018269699,0.866518311,0.031463463,0.092054925
215,0.181597219,0.988055398,-0.053968158,0.249786819
216,-0.022936341,0.988055398,0.122638397,0.356930179
217,0.328503804,0.593839448,-0.173793879,-0.012490534
218,-0.531064592,0.173630715,0.03004314,-0.029290044
219,-0.330707877,0.763786662,0.054952838,0.250160864
220,-0.132324793,0.141959983,-0.094527867,0.014815898
221,0.141296856,0.211474633,0.067818632,0.121955409
222,-0.789086315,0.031701307,-0.107285832,0.070476337
223,0.025926075,0.217768558,-0.127189573,0.281094451
224,0.001500451,0.242665026,-0.027993142,-0.281085042
225,-0.34660027,-0.014538123,0.072653011,0.125710542
226,-0.301242516,-0.176581947,-0.062089822,0.05957476
227,-0.010172303,-0.763543129,0.059350618,-0.10658069
228,0.096749644,-0.000306765,0.046764496,-0.15548331
229,0.107548274,-0.163897569,-0.094137264,0.063561199
230,-0.128480083,0.167232051,0.1321593,-0.509984389
231,-0.050106895,0.006677315,-0.050958241,0.100410001
232,0.470564566,0.271036676,0.121200804,-0.020725037
233,-0.107686777,-0.291931512,-0.012444737,0.145317505
234,0.058538397,0.259015861,0.253461555,-0.553592504
235,0.008299982,0.238690147,-0.048273126,0.439721802
236,0.120413671,0.48091044,-0.118483605,0.144567442
237,-0.01635356,-0.076946612,0.088375937,-0.144821593
238,0.009072427,-0.076946612,-0.096923138,-0.19666992
239,0.113905733,-0.019483162,0.063781872,0.311610115
240,-0.002907418,-0.070943868,-0.022253006,-0.197131565
241,-0.045299276,-0.0474369,0.214888796,-0.02170181
242,-0.102574079,0.166692164,-0.044193067,-0.516367026
243,0.424982392,-0.240670775,0.027585205,-0.08824685
244,-0.049007957,-0.221711131,0.009800185,-0.07928617
245,0.072671232,-0.598662561,-0.088517757,0.594090333
246,0.038469539,-0.193405573,-0.039759047,0.510521964
247,0.083599349,0.348026757,0.029033777,0.373236095
248,0.000676443,0.054673036,0.014357516,0.123126774
249,-0.053054823,-0.205994663,0.009781728,0.194031388
250,-0.04950782,-0.174130426,-0.030007582,-0.465871022
251,-0.215995368,-0.078662762,-0.050734773,0.835034042
252,-0.19919355,-0.678612991,0.750860917,0.298055478
253,-0.020635496,-0.100674921,0.099689687,-0.193689507
254,-0.132324793,-0.350199374,0.003279319,-0.024626055
255,0.059845039,-0.166114899,-0.024055001,-0.952481882
256,0.005063184,-0.172426413,-0.010037776,0.057034497
257,0.037581708,-0.046466471,0.031806809,-0.340465251
258,-0.014367081,0.615448713,-0.701734684,0.40302556
259,-0.376102144,-0.713472052,-0.124090198,-0.535873853
260,-0.016688889,0.482759262,-0.006987736,-0.070607131
261,-0.167953146,-0.843428257,-0.203960928,0.414113184
262,-0.750465864,0.441088161,-0.030716304,-0.34519453
263,-0.074814385,-0.38059077,-0.058509383,0.156021227
264,0.468854335,0.202395795,-0.148355062,-0.526887861
265,-0.092860619,-0.211460084,0.180847766,-0.012070278
266,0.003201716,0.050327543,-0.113023134,0.186930568
267,-0.014817929,-0.455410373,0.087720465,-0.0841274
268,-0.020736855,-0.112875521,-0.03083983,0.350160632
269,-0.037612298,-0.101052556,0.154185339,-0.375002901
270,0.043745661,-0.061396738,-0.067425118,-0.280396492
271,-0.05564341,-0.228318083,-0.038341502,0.228065828
272,0.318360046,0.71876242,-0.153405451,0.056492647
273,-0.088863146,0.182839988,0.021096429,-0.264919237
274,-0.007865497,-0.185096038,-0.069919902,0.219340426
275,-0.01074898,0.109659346,0.036210421,0.820533207
276,0.010700981,0.570501638,0.286954346,-0.31859477
277,-0.287548549,0.624475272,0.085867532,0.687035316
278,-0.013163795,-0.656039258,0.156292527,0.010665365
279,-0.022815506,0.486864007,0.055528992,0.101521391
280,-0.21529632,-0.051271248,0.028573826,-0.501271966
281,-0.141178026,0.201022646,-0.049291018,0.254982322
282,-0.017980818,-0.167186167,0.02171043,-0.373846116
283,0.081498311,-0.223975624,0.000549966,-0.148301468
284,-0.132324793,-0.192803842,-0.027782687,-0.353998201
285,-0.02306911,0.166204225,0.015047893,-0.020444057
286,0.008248212,0.547015861,-0.019986955,0.009724349
287,-0.008891914,-0.299450989,0.01985171,0.150781056
288,0.262334329,0.718910714,-0.127285268,-0.45890809
289,-0.246509688,-0.50737313,0.029566332,0.044060619
290,0.042989613,0.202562478,-0.058866036,-0.220552798
291,-0.011581952,-0.174476553,-0.010879627,0.179584545
292,-0.373354952,0.159014093,-0.047016041,0.407418995
293,0.119942041,-0.376867875,-0.002120012,-0.583830965
294,-0.017738795,0.094347418,0.004103346,-0.3694464
295,0.015049599,-0.768480434,0.036140696,-0.119402037
296,-0.019901357,-0.307728246,0.004074572,-0.374231005
297,0.255607153,-0.138751748,0.11603515,0.493848619
298,-0.024836388,-0.285971863,0.019584339,0.188459075
299,0.070261776,-0.133848844,-0.117530862,0.160486132
300,0.065531655,-0.500933735,-0.13880771,-0.273606301
301,0.335987228,0.790538913,0.089430543,0.269344342
302,0.001915134,-0.826265611,-0.024219969,-0.422026477
303,0.061422683,0.347539365,0.102398335,-0.067613177
304,0.266885398,-0.331122251,-0.009294049,-0.03296
305,-0.001281164,-0.031792592,0.061165849,0.046751342
306,0.01477635,-0.448091116,-0.042478449,0.136341218
307,-0.017499728,-0.157897034,0.070895409,-0.296166251
308,-0.022045997,-0.159362642,-0.049807944,0.038223456
309,0.052874053,0.299292849,0.127549513,0.079763828
310,-0.145303228,0.098936219,-0.042787987,-0.020437652
311,1.653610271,0.117211518,0.035855628,0.031352253
312,-0.034914808,0.728430488,-0.040226991,-0.056899525
313,0.188690073,-0.605693071,0.110914377,-0.043885268
314,0.081948961,0.840475425,-0.042130438,0.084031087
315,-0.142819425,-0.909808795,0.087515308,-0.147463745
316,0.197593861,0.080358647,-0.025903439,0.124245579
317,-0.132324793,0.275001674,-0.066636488,-0.077868129
318,-0.218731972,0.161728667,-0.078980358,-0.045403238
319,0.72328665,-0.07303508,0.035857904,0.2729039
320,0.230129869,0.259612949,0.041731635,-0.064679937
321,-0.051898137,-0.19719501,0.002788932,0.032342836
322,-0.335685095,-0.024300639,-0.026093906,-0.116112795
323,0.131011615,0.56841275,0.008404535,-0.034736758
324,-0.021577217,-0.14008467,0.003410213,0.185631276
325,-0.022168304,0.005144656,0.018340506,-0.07114743
326,-0.013243397,-0.031510722,-0.013957588,-0.084212305
327,0.038193332,-0.02690138,-0.00580798,0.022657863
328,0.0078337,-0.230596669,0.044075328,0.120049851
329,-0.053298676,0.365569509,-0.002706736,0.104134915
330,-0.17466038,-0.226148661,0.000512067,-0.060541273
331,0.099369016,0.079987899,-0.127888332,0.028863087
332,0.005941314,-0.52268391,0.063293931,0.043703791
333,0.017538324,-0.115992815,0.02391135,0.068571615
334,-0.01354121,0.565844727,-0.15055904,0.131624877
335,-0.189030365,0.165208593,0.032500388,-0.063420586
336,0.005792709,0.177511379,-0.027907024,-0.160042453
337,0.011113971,0.14281815,-0.028959951,-0.131218435
338,0.130569209,-0.512556498,-0.056226175,0.100466488
339,0.899084739,-0.128247996,-0.182803902,0.119159013
340,-0.399218705,0.41756002,0.112208833,0.102668893
341,0.049424707,-0.048143726,0.027071577,-0.07056333
342,-0.021440679,0.174900804,-0.003139597,-0.033667865
343,0.124223929,-0.279412202,-0.081338886,-0.051821089
344,-0.01893477,-0.155682473,-0.090828865,-0.145016685
345,-0.020862237,-0.515973145,0.018320589,-0.072667254
346,-0.154287101,0.520489336,0.028333178,-0.083155299
347,-0.012237543,0.075126235,-0.078852753,-0.113180315
348,-0.018596263,-0.024592283,-0.118588543,-0.027856976
349,0.054634999,0.401308584,-0.165098495,-0.039839833
350,-0.016619863,-0.245187933,-0.104940837,0.091345782
351,1.063922631,-0.096553459,-0.084233113,0.023708578
352,0.103989345,-0.623727922,0.108911482,0.011224293
353,-0.132324793,-0.365595619,0.114950471,-0.051504853
354,0.265156152,-0.298207631,-0.116598718,-0.195974112
355,-0.019437051,0.052105242,0.007865134,0.295147169
356,-0.003504968,0.411920922,-0.067741769,-0.20568007
357,-0.039596499,0.049427481,-0.050416056,0.164030018
358,-0.015327606,0.446038551,-0.039652543,-0.063591077
359,-0.13611934,0.053821361,-0.11495878,-0.405619732
360,-0.015775781,0.419714936,-0.02666608,-0.155999365
361,0.001507829,0.001047898,-0.057345611,-0.172867521
362,0.299174509,0.122053063,0.092639562,-0.122272249
363,0.003254026,-0.373030641,-0.066269723,-0.128861089
364,-0.103885752,-0.138328814,-0.061155939,-0.0950428
365,-0.119322865,-0.345566814,0.05556175,-0.297610311
366,0.861851198,-0.0932975,0.001667321,0.116452851
367,-0.908008652,-0.555651219,0.054710135,0.24904464
368,-0.068332536,0.573633397,-0.011281427,-0.076049912
369,-0.019316644,-0.167407518,0.006648484,0.270207476
370,-0.048768448,-0.248532147,-0.029972446,0.167712892
371,-0.026305584,-0.431350278,0.0324628,0.436869151
372,-0.166900076,-0.054764577,0.025515818,0.154384417
373,-0.027987235,0.301969033,-0.122571041,0.294639302
374,-0.001974972,0.338921609,0.023247832,-0.32436714
375,0.01917882,0.019491766,0.053923338,0.310786674
376,-0.272191692,-0.375693517,-0.060894683,-0.330038697
377,-0.195977417,-0.140258346,-0.087274018,-0.22769366
378,-0.132324793,-0.193262682,0.002473594,0.217061478
379,-0.132324793,-0.133663081,-0.145850939,0.091295676
380,0.048020325,-0.138876655,0.012268476,0.011611093
381,-0.139618505,-0.150221133,0.016042621,-0.062767599
382,-0.043409223,0.026887252,0.044476555,0.057386117
383,-0.137812736,-0.143030831,-0.202298108,-0.000172871
384,0.008387929,-0.149982698,0.336338461,-0.121773528
385,0.346567783,0.093743488,-0.016601907,0.712843906
386,0.84261354,0.373126725,0.045188719,-0.050790291
387,0.049689718,0.370644434,-0.11186269,-0.135880969
388,-0.005518643,0.354095743,-0.086916483,-0.174026875
389,0.010062565,0.443056995,-0.009671417,0.020647132
390,-0.085380098,-0.04450556,-0.041902724,0.179877328
391,-0.091233427,-0.066419784,0.049717053,0.035113363
392,0.006625764,-0.18106871,-0.06075199,-0.392170936
393,-0.034367733,-0.31587619,0.027901084,0.206203114
394,0.57035248,0.020625451,0.011814977,-0.044009303
395,1.017253063,0.229738598,0.16578724,0.140621582
396,-0.164974953,0.233225785,-0.365376125,0.03398933
397,0.076226008,0.689744085,-0.095496374,-0.023982629
398,-0.038970488,0.477526997,-0.051000759,0.059736719
399,-0.017947596,0.116448523,0.054076564,0.125765288
400,-0.175909673,-0.413192857,0.053292704,0.750240178
401,0.500617246,-0.118669019,-0.051206809,0.270529922
402,-0.026125714,-0.436736324,-0.006652883,0.157484459
403,-0.32383495,0.364750366,-0.09995117,0.262977526
404,0.075673998,-0.134092798,0.043042,-0.008136468
405,-0.017829955,0.155189274,-0.052169564,-0.032720706
406,0.323032897,0.407965681,0.077287725,-0.100801151
407,-0.249757917,-0.648773835,0.215742172,-0.103783798
408,-0.167906136,0.678623489,-0.107444363,-0.184871332
409,-0.141624249,-0.299827227,-0.079641897,-0.065068366
410,-0.155500469,0.264855275,0.077459146,-0.154401558
411,-0.085393712,0.029546375,-0.038601919,-0.107930134
412,-0.054677512,0.17087822,0.121323367,0.305573194
413,0.157837114,0.332638378,-0.014506242,0.024043765
414,0.344740648,-0.273064349,-0.081885734,-0.22902079
415,-0.107815389,-0.098485306,-0.020643559,0.015009406
416,0.453638793,-0.270838466,-0.031831558,-0.033077071
417,0.288302137,-0.01734867,-0.021320149,-0.282776698
418,-0.202843075,-0.242958604,0.002468201,0.222720238
419,-0.132324793,-0.233755298,-0.054362566,-0.059162534
420,-0.015850693,0.092773641,-0.013215018,-0.02859922
421,-0.085410931,0.06047046,-0.045903632,-0.153449922
422,-0.128722034,0.017185599,-0.059975236,-0.325514829
423,-0.013498291,0.020674141,-0.055886246,-0.01210841
424,-0.156704602,-0.234220071,-0.002736294,0.107997754
425,0.012268609,-0.383333867,-0.043350019,-0.043277492
426,-0.673605537,-0.195118935,-0.001202298,-0.215666012
427,0.249062656,0.087937024,-0.008703735,0.135396953
428,-0.332215716,-0.033581777,-0.063344554,0.310193478
429,0.082193087,-0.109860822,0.010258156,0.169728069
430,-0.037104826,-0.178779456,-0.06290515,-0.045549934
431,-0.01648953,-0.050683782,-0.230039507,0.130162997
432,-0.106811353,-0.010711568,0.043016802,-0.469527047
433,-0.019838896,-0.254103626,-0.207319845,0.199594744
434,0.003734538,-0.204157712,-0.056844958,-0.033052379
435,-0.040859005,0.005652107,-0.201141315,0.033312923
436,-0.015668471,-0.044259352,-0.072990701,-0.172657943
437,0.005540249,-0.18286086,-0.113693422,-0.002215806
438,0.233818693,0.081941827,0.158466466,0.054672544
439,0.107333757,-0.14119097,-0.102904869,-0.047231458
440,-0.364430128,0.00797593,0.026919615,-0.134357546
441,0.208267809,-0.091732572,0.00068796,0.364324555
442,-0.011053386,0.002139494,-0.011326521,0.221502096
443,-0.132324793,-0.032955707,-0.040757778,0.317167778
444,0.193689806,0.340917963,-0.080603812,0.038673625
445,-0.023705214,0.180484956,0.080646419,-0.169320472
446,0.849597987,-0.084913889,-0.07362801,-0.054885419
447,0.051734853,-0.043355908,0.004876351,0.129434479
448,-0.092860074,-0.209470029,-0.10152701,0.017219546
449,-0.036523028,0.118901636,0.025425076,0.192674185
450,-0.06092044,0.423821411,-0.029355697,-0.024689346
451,-0.162640074,0.03311502,0.021402351,0.072470052
452,-0.035011986,0.445556039,-0.030260525,0.277097563
453,-0.033030019,-0.210524228,-0.062718831,-0.032994303
454,-0.283497066,0.966616963,0.051321093,0.070186539
455,-0.184128101,0.60443216,-0.015810104,0.042274104
456,-0.14272466,0.405414842,0.037132898,-0.038903623
457,0.225636142,-0.894131881,-0.071281259,0.348931157
458,-0.37850869,0.539448988,0.020559611,0.045386112
459,-0.034971934,0.539448988,-0.034171824,0.077960034
460,-0.315747139,1.239567157,0.010325167,-0.085538994
461,0.139664668,-0.299949546,0.191806243,-0.121011005
462,-0.057296378,0.719334054,-0.015859043,-0.589312363
463,-0.073690033,0.735337908,-0.086187186,-1.073649094
464,-0.121869333,0.169424961,-0.08520285,0.177205554
465,-0.132324793,0.018464022,0.034982281,-0.151220212
466,0.206663047,0.077529892,0.046857,-0.047147594
467,0.728081844,-0.003545327,0.009039969,-0.134544
468,-0.100964236,0.072991262,0.04976989,-0.319775203
469,-0.132324793,0.377390509,-0.116233025,-0.084806122
470,-0.031578801,0.109935304,-0.016126213,-0.132599891
471,-0.07567515,0.146566005,0.024762082,-0.110800945
472,0.002109801,-0.262353598,-0.029154769,0.099719873
473,0.254110497,0.180931038,-0.005002621,-0.151685717
474,-0.001235728,0.180931038,0.050789883,0.006718414
475,-0.171181845,0.320088725,-0.019938938,-0.136496462
476,0.377877579,0.604945909,0.074073495,-0.259654672
477,0.017113916,0.673271094,0.003732138,-0.198801209
478,0.025257799,0.242059965,-0.014786178,-0.173142328
479,-0.132324793,0.411113919,-0.025641576,-0.033897476
480,0.027338051,0.330168084,0.411072161,0.011484445
481,-0.623882609,0.355001591,-0.028030892,-0.140131279
482,0.00272772,0.355001591,0.020376557,0.025275669
483,-0.196966983,0.56135822,0.048290275,-0.111077523
484,-0.269429498,-0.15592421,-0.017387121,-0.071485472
485,-0.00824667,0.034785118,-0.082475604,-0.048964351
486,-0.008921658,-0.555526052,-0.012729318,0.428764456
487,-0.021071838,0.554001614,0.038873165,-0.259989617
488,0.003369638,0.043462363,-0.027484478,-0.030521268
489,-0.082163615,1.278702764,0.066206865,0.378358943
490,-0.02422655,0.919374547,-0.030067014,-0.132835014
491,0.01309344,0.481997463,0.063330998,-0.110926178
492,0.639908469,0.273323771,-0.02855009,-0.043695057
493,0.379377595,-0.02260423,0.017206006,-0.142724114
494,-0.061564201,-0.034163619,-0.040409705,-0.02943624
495,0.0086028,-0.603872311,0.001911452,-0.350145553
496,0.031986446,0.479877217,-0.038705385,-0.275432219
497,-0.118619646,0.783015379,-0.015631475,-0.057041914
498,0.006232528,0.941158845,-0.00985388,-0.05043142
499,-0.041237058,0.526707918,0.19397617,-0.129725016
500,0.034794524,0.526707918,-0.043230547,0.061733793
501,-0.024742422,0.846390888,-0.041063922,-0.035385282
502,-0.455214204,0.846390888,0.102355867,-0.077429501
503,-0.03394407,0.165308833,-0.054774037,0.262410302
504,-0.024360337,0.165308833,-0.038662621,-0.174307391
505,0.009066646,0.325259174,0.018118996,-0.451591768
506,0.015678421,-0.213332899,-0.063241664,0.362081871
507,-0.180754642,-0.066453158,0.290056636,-0.220987261
508,-0.17212866,-0.06457684,-0.031222093,0.007219111
509,0.380734462,0.07674054,-0.045598146,0.38504992
510,0.025919154,0.026653723,0.003381035,-0.193831165
511,-0.162002859,0.108235087,-0.122131753,-0.043148693
512,-0.026527119,0.368024942,-0.003051892,0.083485139
513,0.21885512,0.026779451,-0.048205013,-0.324330814
514,-0.159611534,-0.078026212,0.037107728,0.250373038
515,0.273173162,-0.295657408,-0.046369007,-0.053550189
516,-0.479735162,0.109005023,0.010318009,0.083208516
517,0.233384602,0.093094572,0.004603177,0.324288723
518,0.010809488,0.381805073,0.064890265,-0.195757069
519,-0.140805087,0.477458614,-0.027589853,0.162677021
520,0.423346579,0.477458614,0.048397634,0.276107466
521,0.009098926,0.338645941,-0.057195309,0.360655549
522,-0.198227836,0.338645941,0.039957274,0.51678452
523,-0.017816105,0.461940008,-0.032646383,-0.234929613
524,-0.01454224,0.298533392,-0.059395188,-0.298162791
525,-0.096665969,0.032186931,0.063548997,0.031015832
526,-0.016188159,0.332820073,-0.101898589,0.263832972
527,0.025149052,0.472692689,-0.031647328,-0.216533757
528,-0.733053085,0.175907706,-0.054678479,-0.31737856
529,0.007008607,0.175907706,-0.021199454,0.51075303
530,0.008569811,-0.170704076,0.066980966,-0.192844798
531,-0.111230461,0.36580915,-0.099752706,-0.088978616
532,0.07183098,0.503031083,0.058886162,0.037300965
533,0.143735358,0.230383813,-0.067026459,0.280710497
534,-0.164179851,-0.258683496,0.11794793,-0.116571599
535,0.323508252,0.478561501,-0.087485486,0.194022476
536,-0.029490486,-0.355073711,0.027643551,-0.023799088
537,-0.015763373,0.163568131,0.134939004,0.166371365
538,-0.282349179,0.379106811,0.012826173,-0.351033125
539,0.00137892,-0.19422185,0.129472326,-0.089798683
540,0.078904629,-0.28802386,-0.033962787,-0.089798683
541,0.303280656,-0.100666269,-0.022412548,-0.277818431
542,0.009343717,0.006348797,-0.031058878,0.256850877
543,-0.132853581,-0.117002955,-0.015578053,0.023197061
544,-0.219807373,0.272621851,-0.033549053,-0.26364743
545,-0.721741811,0.525172284,0.044962105,0.143500944
546,-0.132324793,0.090534649,0.098958998,0.137245181
547,-0.007171008,0.462229523,-0.092673904,-0.247818681
548,-0.005548434,-0.002056727,0.070506637,-0.248015946
549,0.240499937,0.408303099,-0.061613059,-0.373802732
550,-0.575807348,0.034863208,-0.034800974,0.070529161
551,-0.000944374,0.033842778,-0.041607878,-0.303185994
552,0.072765372,0.06224045,-0.024135332,-0.372214353
553,-0.061841173,0.5436285,-0.033708862,0.169996138
554,-0.090055673,-0.3538261,-0.03079062,-0.023752974
555,-0.028001577,-0.164163776,0.016220337,0.684012133
556,-0.014152015,0.673629311,-0.026139639,-0.180362292
557,-0.188846863,0.673629311,-0.001833843,0.324323296
558,-0.026244933,0.673629311,-0.000807643,0.150053884
559,-0.061461993,0.033990457,0.079490283,0.044818245
560,0.859230357,-0.040414736,-0.046341968,0.646625458
561,-0.232291473,-0.083924683,0.221543366,-0.575075515
562,-0.00406931,0.437548256,0.109564361,0.669735743
563,-0.132324793,0.437548256,-0.078079259,-0.223287962
564,0.001599259,0.466479469,0.02530144,0.243333419
565,0.051911378,0.580080119,0.054874017,-0.218438138
566,0.180895393,0.249899844,-0.152548361,0.320361753
567,-0.572018857,0.249899844,-0.037901475,-0.646407227
568,-0.013906096,0.249899844,0.063430356,0.368622077
569,0.053075916,0.70363597,-0.524029483,-1.601553714
570,-0.132324793,0.356328674,-0.04814066,0.699575798
571,-0.026123865,0.317011935,0.041332328,-0.164289784
572,-0.001199594,0.665211042,-0.211284632,-0.334418245
573,-0.018051192,0.53923838,0.020047091,0.304590241
574,-0.05211384,-0.044659431,-0.090509267,0.201910497
575,-0.022752397,-0.106033899,0.238491846,0.434402029
576,0.180286157,-0.085643904,-0.034243781,0.24726776
577,0.084233986,-0.721983795,-0.208488631,0.553272912
578,-0.012716201,-0.215625078,-0.068078527,-0.08818035
579,-0.037786829,0.274136061,-0.403414483,0.200068831
580,-0.060160689,-0.666525599,0.170816468,-0.64543243
581,-0.02720676,0.10316134,-0.239492938,-0.64543243
582,-0.000730097,0.624088925,0.136631093,-0.245891141
583,-0.023709745,0.495982067,-0.369763488,0.529830368
584,0.501567891,0.422867591,0.034195802,0.546133825
585,-0.102071946,0.580691055,-0.090520475,0.048624504
586,-0.018267088,0.487224976,-0.491669915,0.312733665
587,-0.001398048,0.340596589,0.176831761,0.446359482
588,-0.366113595,0.740322076,0.059477348,-0.34648629
589,0.154855538,0.740322076,-0.243074877,-0.224137767
590,0.33567509,1.214994348,0.219975743,-0.075257949
591,-0.01939054,1.214994348,-0.058419391,0.127890593
592,-0.089282489,0.117332857,-0.074972435,0.769364919
593,-0.454554375,0.117332857,0.02597794,0.145279321
594,-0.024463063,-0.33724778,-0.11603845,0.266647092
595,-0.007662804,-0.157558331,0.041329269,0.320316019
596,-0.132324793,0.176962008,0.023239858,-0.512206379
597,-0.022689981,-0.171860008,0.047144511,-0.151999269
598,-0.017990699,0.107339418,-0.082795612,-0.399929641
599,-0.07683701,-0.441060028,-0.193538696,0.114171077
600,0.009899108,0.188931409,-0.086839598,0.203471826
601,0.139444575,0.121500303,0.261019228,-0.317696283
602,0.006661426,0.195653217,0.028534333,0.221373978
603,0.002714579,-0.110975402,0.083514283,-0.393786357
604,0.944032459,0.40097267,0.268486073,0.225096036
605,0.05185331,-0.784774797,-0.164886069,-0.355049323
606,0.076928075,0.060639334,0.070761704,-0.379052896
607,-0.030061458,0.372655493,0.020955959,0.125104311
608,0.00979527,0.314752573,-0.149427352,-0.290143755
609,-0.029178375,0.213119569,0.071635427,0.023285904
610,0.157188111,0.423804952,-0.10261109,-0.151846142
611,0.012475567,0.423804952,0.059091954,-0.082977366
612,-0.574705604,0.449063178,-0.145617365,0.05729133
613,0.322243526,0.538892081,-0.031934141,-0.300460537
614,0.383110462,0.592111113,0.024745576,0.051859102
615,-0.041012183,0.364665238,-0.00912153,-0.404743086
616,-0.022882589,0.364665238,0.102288701,-0.151058142
617,-0.137246676,0.195575399,-0.075363966,0.319102251
618,-0.247129893,0.195575399,-0.064470722,0.099660286
619,-0.077136144,0.156773266,-0.071355215,0.099660286
620,-0.185534642,-0.196510274,0.112617291,0.099660286
621,0.010454414,-0.029751965,0.344662157,-0.071824492
622,-0.056846506,0.15191102,0.219254157,0.095604049
623,1.537929063,0.063996525,0.339052784,-0.108025093
624,-0.029164155,-0.014336748,-0.021411189,-0.366983837
625,-0.059281364,-0.125676662,-0.086366923,-1.349059079
626,0.00870177,-0.35043835,0.145787653,-0.099850892
627,-0.026814165,-0.484036181,-0.201440622,-0.30219364
628,-0.132324793,0.227694038,-0.069768246,0.481841787
629,0.016014397,-0.050052174,0.01614985,0.043096557
630,0.072956344,-0.150234795,-0.106419224,0.53315183
631,-0.565883449,0.012469828,0.100329514,-0.564148434
632,-0.112146219,0.649232229,-0.098931744,0.379019503
633,0.199760888,0.299455716,0.062328935,-0.395650578
634,-0.1687967,0.324911141,-0.028245007,0.285011095
635,0.303122939,0.111495809,-0.000678643,0.328757541
636,-0.087588376,0.208812891,0.106478448,0.155155015
637,0.754849526,0.173271916,-0.017050789,0.182953959
638,-0.042713266,0.148910862,0.150811911,0.086061395
639,-0.020159588,0.468982345,-0.060664758,-0.014269857
640,0.377427518,0.468982345,-0.221516051,1.222536251
641,-0.132324793,0.072100659,0.01674255,-0.487153523
642,0.015557864,0.072100659,0.253362087,-0.16915065
643,-0.115652548,0.072100659,0.070502336,-0.079584483
644,0.313833145,0.140186497,0.157962968,-0.104974257
645,-0.022704543,0.360544204,-0.095377782,0.075595033
646,-0.039942108,0.360544204,-0.230110287,-0.851363582
647,-0.000201957,0.388137473,-0.013937171,0.061764631
648,0.113238466,0.388137473,-0.046074762,0.201207553
649,-0.132324793,0.388137473,0.020744995,-0.158981721
650,-0.050534154,0.43569956,-0.080679257,0.226821345
651,-0.004202359,0.349994192,-0.122192175,-0.325771347
652,-0.018292919,0.05791981,0.477221676,0.539691323
653,0.040817759,0.033775192,-0.093910743,-1.054284652
654,0.115618372,0.214672446,0.023785454,0.246158246
655,0.000217323,0.00277142,-0.02783209,-0.055828427
656,-0.601693873,0.00277142,0.096238765,0.145784922
657,-0.023834407,0.09851899,0.062275103,0.250278274
658,0.064790592,0.450257868,-0.271698055,0.250278274
659,0.016535981,0.132580245,-0.032038392,-1.055466721
660,-0.025231295,0.141571986,-0.131195731,0.081435802
661,-0.1012601,-0.205560929,-0.047982788,-0.496978617
662,0.006650256,0.087475247,-0.081143666,0.180067638
663,-0.01433849,0.087475247,0.083890755,0.407651404
664,-0.132324793,0.178098875,0.052204059,-0.134624963
665,0.121606502,0.186113464,0.117327459,-0.246134627
666,-0.008284051,0.407309748,0.034933322,0.695352003
667,-0.027642796,0.765562062,0.001714589,0.073273355
668,0.382792708,0.337845001,-0.108613702,0.273976306
669,-0.141215825,-0.010437387,0.077651334,-0.222411616
670,0.155458901,-0.617939714,0.782443135,-0.707605509
671,-0.094628664,0.107913516,-0.374183991,-0.532680087
672,-0.166024011,-0.457336717,-0.075826199,-0.444743593
673,0.070791908,0.717242861,0.252037783,0.57366142
674,0.095903171,-0.048432339,-0.182570841,0.723827158
675,0.370758376,0.195064928,-0.153496135,0.624342695
676,-0.16743922,1.000377253,-0.208653697,0.04737129
677,-0.33858149,0.463386515,0.022685246,0.002326314
678,-0.133308423,0.921498978,0.035156027,0.248402052
679,-0.051463961,-0.544707994,-0.030841584,-0.216389131
680,-0.759842114,0.74873347,-0.214438122,-0.170207982
681,0.067851084,0.74873347,-0.171258655,-0.246713948
682,-0.020419626,0.811656467,0.435118098,-0.126595951
683,-0.453849336,0.514094071,-0.139943389,0.387662047
684,0.057221265,0.272460521,-0.118663771,0.184058256
685,-0.132324793,0.17254814,-0.245078416,0.291496365
686,-0.040156764,0.248110294,0.107386759,-0.029948537
687,0.000425788,0.471917309,0.01872395,-0.112416369
688,0.015132409,0.471917309,-0.200598598,-0.229911426
689,0.4114015,0.471917309,-0.128496283,-0.350159898
690,0.152223257,0.536962505,-0.110096625,-0.423281871
691,0.008257673,0.536962505,0.110853442,-0.141733399
692,0.001383453,0.266861249,-0.223924165,0.07086209
693,-0.132324793,0.476616648,0.050793881,0.230116476
694,-0.029479376,0.476616648,0.001293129,0.183353287
695,-0.025651208,0.269773976,-0.000480109,-0.074608347
696,0.271654959,-0.848623469,-0.099862097,-0.262075696
697,0.008104177,0.315803383,0.077019552,-0.422957604
698,-0.754050752,0.096199706,0.038280671,-0.392759426
699,-0.017279509,0.371624264,-0.059641149,-0.139361404
700,0.079788578,0.53076661,-0.093468723,0.159662699
701,-0.132324793,-0.074859053,-0.088337691,0.056987554
702,0.621274538,-0.074859053,-0.05077374,-0.249495343
703,0.049703659,0.665742806,0.081172636,-0.162122146
704,-0.007724061,0.665742806,0.062615996,-0.078535539
705,0.007545185,-0.520824254,0.064876374,-0.031329259
706,0.002795728,1.443652514,-0.174325638,0.029383467
707,0.554498801,0.241859335,0.089683534,-0.076802828
708,0.864362266,0.563872406,-0.107233301,0.029874696
709,0.050061035,0.306565584,-0.073355287,-0.069979971
710,0.077701006,0.482879006,-0.066593158,-0.025456701
711,0.1255099,-0.132190682,0.226279832,-0.011119544
712,-0.220866157,0.471243297,0.727671112,0.067218272
713,0.741840047,-0.02256071,-0.276429876,-0.011612084
714,-0.033963224,-0.388759211,-0.011369286,-0.08455541
715,-0.108447251,0.081804581,-0.00806754,-0.037383003
716,-0.35581847,0.158424102,-0.088531574,-0.060790633
717,-0.18378064,0.110940193,-0.186185061,-0.068101114
718,-0.132324793,0.150343049,-0.056653793,-0.145660921
719,-0.637642726,0.023975942,-0.055471019,0.103818813
720,-0.221591948,-0.77448954,0.259125753,-0.09405907
721,-0.205070509,0.80903105,-0.068048449,0.021689424
722,-0.132324793,0.80903105,0.03074301,-0.023245127
723,-0.132324793,0.989461922,0.359177126,-0.08522359
724,0.193472243,-0.738187851,-0.164209723,-0.071754009
725,0.349413704,1.616533895,-0.077217384,0.05457312
726,-0.17336415,1.950972108,0.062242637,0.009308152
727,-0.030073144,1.950972108,-0.187925753,0.058923584
728,-0.300210947,0.759914487,-0.335266284,0.132351618
729,-0.016481693,0.244910746,0.206934327,-0.06921851
730,0.102922759,-0.33522403,0.032802478,-0.026049824
731,-0.090878138,-0.266433814,0.149443557,-0.243840322
732,-0.050592512,0.568024492,-0.353457367,0.20535295
733,-0.01373639,0.684843576,-0.109643567,-0.227789132
734,-0.551017641,0.597890843,-0.365857942,0.057829117
735,0.005882062,0.748403433,0.102385754,-0.228424874
736,0.112980279,0.141573815,-0.222567679,0.504837165
737,-0.004955129,0.141573815,0.025102451,-0.071161895
738,0.106399163,0.52467059,0.091383658,-0.066200772
739,-0.019541931,0.849394025,-0.129255338,0.004626471
740,-0.460808076,-0.658089912,-0.202921652,-0.025227192
741,-0.033232024,-0.107367534,0.181054284,0.014243476
742,0.019127491,-0.107367534,-0.087275416,-0.027648979
743,-0.199184961,-0.107367534,-0.050342225,0.025001359
744,-0.132324793,0.381429466,-0.317946867,-0.041858064
745,0.008462429,0.040726805,0.054838371,-0.023425613
746,0.3175684,-0.09694704,0.06377129,0.056757943
747,0.024096937,-0.378451122,0.002153628,0.193787749
748,0.175402089,0.235216262,0.113771341,-0.30405503
749,-0.644077662,-0.087697048,0.269217664,-0.083180493
750,0.186117161,-0.034217882,0.024757345,-0.179970682
751,-0.002963533,-0.023421695,-0.127972456,0.021390285
752,-0.007107629,-0.163617712,0.057751678,0.041233902
753,-0.078308528,-0.386460568,-0.031580213,-0.005153735
754,-0.003200564,0.521984079,0.278886757,0.033217252
755,-0.123645672,0.518698732,-0.153257239,-0.025987639
756,0.000450213,-0.679737884,0.107044068,-0.025627364
757,-0.016251067,0.339893218,0.08687006,0.013444686
758,-0.007390673,0.507479916,-0.035716806,0.02025762
759,0.331567372,-0.274366486,-0.034164198,0.005978219
760,0.044307855,-0.123657774,-0.160570793,-0.021397703
761,0.154773518,-0.326577353,0.033824227,-0.215764515
762,0.289917904,1.034013743,-0.367359895,0.085622195
763,-0.149424992,0.850276695,0.124831098,-0.025069798
764,0.376751362,0.396414375,0.176952022,-0.283815201
765,-0.107049408,0.129755453,-0.126489471,-0.191482977
766,0.110320902,-0.889732762,0.005967626,0.275307961
767,-0.022911326,-0.46382155,0.054328629,0.080886239
768,-0.090241591,-1.059418964,-0.073772905,-0.005265121
769,-0.237923863,-0.088208998,0.190784808,-0.178441846
770,-0.04561513,-0.650236842,0.20601593,-0.123324007
771,-0.033259712,-0.214147689,-0.0663529,-0.196401466
772,0.255833603,-0.601550223,0.066848755,-0.225850291
773,-0.132324793,0.238305236,-0.284843726,0.207655783
774,-0.62039299,-0.174067808,-0.024033923,-0.112722955
775,-0.132324793,0.107097638,0.362621518,0.216199
776,-0.181622042,0.064516889,-0.113846703,-0.089659823
777,0.836033672,-0.143745906,0.004497253,0.033174974
778,-0.273190141,-0.070838813,0.273551843,0.068828841
779,0.151438572,0.636716031,0.100392068,-0.214827996
780,-0.231748675,0.547632593,-0.134597702,-0.495481594
781,0.139147368,0.053906388,0.029164527,-0.458971733
782,0.976214696,0.053608295,-0.021600882,0.00139985
783,-0.021351107,-0.815255317,-0.216212441,-0.192262849
784,0.000960794,0.030026548,-0.053648038,0.098927372
785,1.334559675,-0.285439458,0.45813206,0.29771913
786,0.370005946,0.028857356,-0.085186736,0.160356484
787,-0.162418169,-0.393968718,-0.051151028,0.348746628
788,0.110813996,0.418291518,-0.011906383,0.411801464
789,-0.474980639,-0.127773213,0.06366294,0.062170804
790,0.006894079,0.382679363,-0.044558103,0.237549632
791,-0.015086,0.469903318,-0.186435103,0.623033118
792,-0.003063545,0.153549625,-0.228835863,0.130400364
793,-0.526926799,0.281070255,0.350539006,0.435086202
794,0.0092657,-0.038119226,-0.047430723,0.181484386
795,-0.100912096,0.735228848,0.154594516,0.494101573
796,-0.016246084,0.191889527,0.042998375,0.489109616
797,0.390326312,0.198865904,-0.370739185,0.632086644
798,0.22930154,0.169657514,0.136918553,0.618165819
799,0.03627464,0.594446825,0.104842881,0.743546426
800,0.015845496,0.040857773,-0.053221051,0.71685566
801,-0.097460413,-0.509546652,-0.159442067,-0.940091973
802,0.248724577,-0.005775473,-0.069584345,0.371197989
803,0.152732481,0.410899617,0.00346971,-0.853664643
804,-0.097704967,-0.34329742,-0.066642534,-0.085497463
805,-0.353417092,0.035258723,0.126402697,0.089848456
806,0.341845631,0.048966216,-0.05151222,0.094915077
807,0.003980933,0.371421926,0.150100444,-0.364734495
808,-0.174999349,0.307393132,-0.265379913,-0.444373762
809,0.338044344,-0.178457455,-0.428674608,-0.646990854
810,-0.31155798,0.789694417,-0.084844455,0.000682897
811,-0.132324793,0.245877162,-0.110348996,-0.127096048
812,0.001166538,0.008427016,0.104569995,0.001024485
813,-0.016437453,-0.721565694,-0.261617636,-0.626496315
814,0.008025957,0.022278426,-0.245906436,-0.016438327
815,-0.134672269,-0.012522707,-0.041569365,-0.287712701
816,-0.129448766,0.388889891,0.242645531,-0.083840684
817,-0.020218281,0.29286341,0.334362718,-0.133441693
818,-0.093637069,0.247711606,-0.018697157,0.070945773
819,-0.74824093,0.466341745,-0.050212476,-0.030428768
820,-0.043572846,-0.262407567,-0.217712766,0.700758363
821,-0.252341329,0.325207968,-0.141627693,-0.057443342
822,-0.649320856,-0.68481092,-0.178624965,-0.151517145
823,0.190206052,-0.083456788,0.202383364,0.576104995
824,-0.086657892,-0.352256884,0.117303451,0.473635097
825,0.0883424,0.335732183,-0.009947277,0.09540889
826,-0.105579425,-0.606364248,-0.186425906,-0.407291519
827,0.699734575,-0.132252808,-0.216856731,0.039831488
828,-0.017357561,-0.922049383,0.188739966,0.200527662
829,0.194506293,0.138636778,0.028306545,-0.029314279
830,0.048438868,-0.913321038,0.06140658,0.231204101
831,0.123465904,0.366743867,-0.157076234,-0.092429096
832,-0.03046761,0.033191344,0.090245735,0.282549382
833,0.078101275,0.105602222,0.843137947,-0.087594163
834,-0.407354537,0.378418392,0.268053484,1.075235759
835,-0.0289168,-0.868536099,0.183700025,0.009699466
836,0.006862275,-0.316119824,0.015220364,-0.087629926
837,-0.068860472,-1.095591192,0.247280907,-0.147096378
838,0.018963572,-0.072834899,0.094903485,0.150422871
839,-0.086912226,-0.875297254,0.601416697,-0.150841379
840,-0.012852421,0.027708298,-0.507939604,-0.566432155
841,0.065948324,-0.617753098,0.251249994,0.047017311
842,0.075211321,-0.322663067,0.024364084,0.169688057
843,-0.343521998,-0.774575929,-0.608420648,-0.436476468
844,-0.012836039,0.112005257,0.169847457,0.160256221
845,0.190722293,-0.877509352,0.342613798,0.099300827
846,-0.017385092,0.139568416,0.002908415,-0.245550777
847,-0.183778592,0.019925988,-0.033309029,-0.073521828
848,-0.033123626,0.281116493,-0.081697426,-0.029869685
849,-0.118212795,-0.060705309,0.076931635,-0.192726936
850,0.345180551,0.057067652,-0.117019349,-0.101383172
851,0.144752757,0.070063237,0.139679403,0.719488108
852,0.021558888,0.215969622,-0.337142012,0.489749567
853,0.057881811,0.136330549,0.277752992,0.38583022
854,-0.098125253,0.07292023,0.168070341,0.131282918
855,0.080759647,-0.182739244,-0.305193472,0.536464643
856,0.311035656,0.05835164,-0.394408138,0.16087859
857,-0.009196774,-0.043534526,-0.169317955,-0.066078093
858,0.169413293,0.408992243,0.000327118,0.344775634
859,0.198629631,-0.112922283,0.165775527,0.06996407
860,0.067195158,0.865189654,0.158560207,-0.738651259
861,0.622410582,0.32081895,0.149757878,-0.377947034
862,-0.030657131,0.938287931,-0.100852508,0.2640477
863,-0.289759863,0.842160436,-0.179545996,-0.061030738
864,0.163342278,0.412509158,-0.146048691,0.330053141
865,-0.132324793,0.508643918,0.14159923,-0.132530652
866,-0.154036015,0.042949168,0.231392844,0.493320344
867,-0.006929802,0.240412248,-0.157907553,-0.151171147
868,0.298658855,-0.663954751,0.21936938,-0.044162945
869,0.044431802,0.091438964,-0.198742313,-0.036333909
870,-0.040609822,-0.9907264,0.15893141,-0.093993037
871,-0.031125594,0.063014166,0.056193194,0.099637334
872,-0.02175947,-0.825662873,-0.359191115,0.094994332
873,-0.90769088,0.48338855,-0.34990246,0.363760561
874,0.163531484,-0.439836883,-0.301816586,-0.100522432
875,-0.269867562,0.275181611,0.013472194,-0.150198802
876,-0.030424785,-0.150130855,-0.182048788,-0.072742584
877,-0.810094111,-0.011114756,0.038480157,-0.199812875
878,0.24962181,0.098254329,-0.099239423,-0.058856303
879,0.24558141,-0.165345013,-0.143657366,-0.355139289
880,-0.003293124,0.34994828,-0.071620152,0.07024466
881,0.013960344,0.159388804,0.264690376,-0.086480788
882,0.629192534,0.116029117,0.026354592,0.068727184
883,0.013782652,-0.105970508,-0.03077081,-0.114856737
884,0.013032497,0.172894719,-0.172317528,0.19727384
885,0.00787224,0.026496939,-0.152006282,0.060325257
886,-0.01274241,0.050890562,-0.242151272,-0.103644415
887,0.001209235,0.366254799,-0.19329201,-0.05388221
888,-0.040083584,0.128615196,-0.045372455,-0.162703707
889,-0.197993581,0.389198176,-0.133599346,0.243045455
890,-0.188026877,8.35E-07,0.204986051,0.259953004
891,-0.32673606,0.298974334,0.110685832,0.379524644
892,1.246852219,-0.426514381,-0.092891444,0.985717223
893,0.604800547,-0.189016048,-0.007325781,-0.095310138
894,0.249312883,-0.608487363,0.178316594,-0.422349582
895,-0.018595054,0.032749785,0.277163446,0.131324225
896,-0.27515398,-0.466819944,0.025133405,0.045370782
897,-0.649160572,0.192406329,0.075139602,-0.103873866
898,-0.104192429,-0.150155569,-0.094103954,-0.013272223
899,1.025361557,0.291961136,-0.068360384,0.141278534
900,-0.187643896,0.036016741,-0.022457622,0.062029341
901,-0.014288185,0.337509057,0.220879198,0.112862971
902,0.019345645,0.140250835,0.131933963,0.06061253
903,0.073869319,0.166932536,-0.0244327,-0.255352499
904,0.012487307,0.229298872,-0.037711571,-0.3270199
905,0.65373714,-0.22724887,-0.078153121,-0.19646381
906,-0.008346904,0.091005258,-0.32384715,-0.280369713
907,-0.189001648,-0.18541333,-0.242039382,-0.1027072
908,-0.234953696,0.219753361,0.050201646,0.308559773
909,0.260821601,-0.323930312,-0.068655128,-0.1661113
910,0.187418315,0.311898182,0.530339945,0.031530674
911,0.976629262,0.135578251,-0.04390577,-0.10994846
912,-0.209787486,0.173276806,-0.221330569,-0.0388857
913,0.16598811,0.241807927,-0.199049975,0.106619909
914,-0.022624873,0.029001637,0.338659761,0.758576177
915,0.046464525,0.208189667,-0.080531514,-0.365596429
916,-0.418605471,-0.165671495,-0.067936054,0.523986502
917,-0.52684157,0.160836894,-0.126073368,0.608799725
918,0.074977393,-0.302655557,0.021604556,-0.282693578
919,0.936776532,0.183612286,-0.556945096,-0.608829495
920,0.272478655,0.053995462,0.211921271,0.080889819
921,0.030262908,0.58330634,-0.094814334,-0.564480926
922,-0.12873144,0.781979439,0.263009549,0.37480737
923,-0.024724998,-0.292225831,0.19713393,0.528065634
924,-0.029251357,0.360680929,0.012366046,0.014650553
925,-0.132324793,-0.899148981,-0.115527711,0.016481847
926,-0.010529821,0.161834536,0.059078364,0.399309404
927,-0.153725353,-0.896567375,-0.156220769,-0.244588724
928,0.01573539,-0.169775726,-0.322724449,-0.319710119
929,-0.199436874,-0.697873677,-0.169008885,0.124663005
930,0.071843054,0.149048128,-0.06783576,-0.028626921
931,0.037619049,-0.38542076,-0.250514136,0.451159319
932,-0.01833048,0.427402734,-0.09714234,-0.023487
933,0.168949859,0.497978313,0.100843486,-0.094778185
934,-0.04118447,-0.382168117,0.186122277,0.073016099
935,-0.116271268,0.129844778,-0.212581514,-0.286147323
936,0.346583807,-0.599251564,0.086350626,-0.071309623
937,-0.030520509,-0.105222657,0.008513459,0.136970275
938,0.296201721,-0.780010859,-0.232166017,-0.058462298
939,-0.019077603,0.16055778,-0.169321961,0.076618561
940,-0.092665319,0.106857414,-0.183761366,-0.469395483
941,-0.01152044,0.593801597,-0.13106398,0.097732337
942,-0.307914054,0.298481077,0.030516063,-0.004144611
943,-0.015027396,0.581695862,0.331715409,0.359536027
944,-0.125106041,0.554470167,0.215045589,-0.182376076
945,-0.054779538,0.40967333,-0.077799258,-0.170356398
946,-0.015325748,0.554607313,-0.051116198,-0.100182382
947,0.467362424,0.166913732,-0.273749009,0.099172004
948,-0.003134123,0.553664711,-0.01621991,-0.377083189
949,-0.473803365,-0.713391884,0.107945832,0.114208876
950,-0.013122202,0.561154998,0.17707764,0.189691429
951,0.001427326,-0.826517012,-0.191218496,0.110223374
952,-0.132324793,0.00768362,-0.158191673,-0.11833119
953,0.030925697,-0.684040517,-0.149524138,-0.411116938
954,-0.002436973,-0.17189418,0.533832914,0.523755365
955,-0.006717417,-0.738796783,-0.001829853,-0.234043199
956,0.126949569,-0.04651955,0.111824605,0.698087011
957,-0.135561394,-0.388673719,-0.054971204,0.018167281
958,0.010468698,0.284073261,-0.047322653,0.119393761
959,0.933681865,0.276361278,-0.097608305,0.107724419
960,-0.469545631,0.149156447,-0.007534407,-0.333111567
961,0.004972292,0.348977016,-0.004456944,0.061311341
962,0.185911163,0.062408278,0.239301034,-0.054070613
963,0.049273608,0.002459313,0.138677674,0.176181751
964,-0.132324793,-0.272976901,0.024785229,0.404116691
965,0.235532041,0.082519268,0.087783393,-0.511294913
966,0.005394017,-0.667552121,0.068001793,-0.19359162
967,0.034365264,-0.036728983,-0.081942192,-0.395073036
968,-0.155867163,-0.620471162,-0.084867934,0.094706804
969,-0.02048617,-0.018134033,-0.297571193,0.153817797
970,2.332851317,-0.566946338,-0.043354644,0.201827125
971,0.839268491,0.220802989,0.158241773,0.200836916
972,0.187976369,-0.29974904,-0.050436116,-0.105938296
973,-0.049835017,0.30382964,-0.022997751,0.144958808
974,0.221163615,0.136724467,-0.203986881,0.168633999
975,0.422240816,0.22531109,-0.070277583,0.484426535
976,-0.129346508,0.013560027,0.090949939,1.439997302
977,-0.16939127,-0.761420129,,-0.04096393
978,-0.669841452,-0.019971982,,-0.009180641
979,0.121418688,-0.551391785,,-0.144389719
980,0.030548502,-0.036973617,,0.229059266
981,0.004793148,-0.826357228,,0.108187745
982,-0.161288581,0.251894272,,0.177191669
983,-0.003804664,-0.1977833,,0.039019734
984,-0.396042736,0.473225447,,0.321872802
985,-0.184367722,0.321664434,,0.078764398
986,-0.027138323,0.246426747,,0.337979339
987,0.029270886,0.354501383,,0.287251527
988,-0.023796289,-0.328868536,,0.167870249
989,-0.018660335,0.648207359,,0.814039503
990,0.084345209,-0.130600321,,-0.07615306
991,-0.024026925,-0.635689628,,-0.224743672
992,-0.018698862,-0.288562717,,-0.035019623
993,-0.168908056,0.809563067,,0.038841299
994,-0.080464673,0.365114816,,0.17242163
995,0.569175249,0.710394149,,-0.195418738
996,-0.132324793,0.092241144,,0.100547794
997,-0.015159313,-0.384009152,,0.718006464
998,-0.112065477,0.012021341,,-0.119253581
999,-0.483210429,-0.352845896,,-0.572404811
1000,-0.024375551,0.496709638,,0.670688961
1001,0.076016076,-0.052176725,,-0.402928427
1002,-0.054679519,0.90945896,,0.012933645
1003,-0.043941539,0.381101574,,0.190048467
1004,-0.024222953,-0.259964031,,-0.261159185
1005,-0.679715555,0.045793776,,0.586976957
1006,0.026672189,0.587028417,,0.251457009
1007,-0.043629772,0.151495184,,0.584428585
1008,-0.273602527,-0.674837903,,0.111250058
1009,0.003478665,0.163422205,,0.328741313
1010,-0.257170131,0.162558617,,-0.110773091
1011,0.232525284,0.455697261,,-0.437078784
1012,0.112629783,0.183664195,,-0.029676759
1013,0.035405791,0.286759465,,0.007900507
1014,-0.207762198,0.174145636,,0.021964977
1015,-0.323200032,-0.450368778,,0.156947469
1016,0.01021031,0.022870486,,0.060254592
1017,-0.003578774,-0.669309434,,0.514500849
1018,0.559476316,0.168641049,,-0.431234737
1019,0.703988699,-0.415719513,,0.029718468
1020,-0.132324793,0.636969882,,0.348450277
1021,-0.006582784,0.644366863,,1.21469465
1022,-0.357975853,-0.37151839,,-0.084621931
1023,-0.019111585,0.272582368,,0.280123377
1024,0.00755101,0.570930758,,0.181908718
1025,0.041746533,-0.112499164,,0.123255267
1026,-0.328139343,-0.273668651,,0.630214501
1027,-0.145885387,-0.103779828,,-0.954084102
1028,-0.377352,-0.026300999,,0.560632625
1029,-0.033828628,0.079268298,,0.156460646
1030,-0.085943048,-0.002735107,,0.46917924
1031,-0.132324793,,,0.324848535
1032,-0.21263334,,,0.069174106
1033,-0.015984214,,,0.23068585
1034,-0.132324793,,,0.183995121
1035,-0.306744588,,,-0.39884539
1036,-0.053094263,,,0.272092059
1037,-0.139807163,,,0.382033759
1038,0.172604644,,,-0.680890337
1039,-0.132324793,,,0.305602768
1040,0.009415037,,,-0.197455298
1041,-0.015310766,,,-0.665886472
1042,-0.063114219,,,0.188995605
1043,0.063441937,,,-0.016616125
1044,0.027838967,,,-0.016616125
1045,-0.037176448,,,-0.167085091
1046,0.165760165,,,-0.0478604
1047,0.063670997,,,0.077593789
1048,0.358615047,,,-0.1754751
1049,-0.062812613,,,-0.374672841
1050,-0.007461503,,,0.564269811
1051,-0.044038032,,,-0.053982394
1052,-0.132324793,,,0.540420392
1053,-0.001041964,,,0.175109174
1054,-0.10918034,,,-0.089544865
1055,-0.072807043,,,0.025838874
1056,-0.017726629,,,0.107639022
1057,-0.035991292,,,0.00199342
1058,-0.02974808,,,-0.021445872
1059,-0.000881906,,,0.077219236
1060,0.083911004,,,0.128495438
1061,0.042840711,,,0.12552861
1062,-0.021232265,,,0.102569994
1063,-0.163189052,,,0.008707295
1064,0.194816145,,,0.044135862
1065,0.154850644,,,-0.166394669
1066,-0.144669137,,,0.183947959
1067,-0.183734169,,,0.055997678
1068,-0.522772115,,,0.611479089
1069,-0.01849123,,,0.393515298
1070,0.116683462,,,-0.314667626
1071,-0.224822732,,,-0.471646654
1072,0.485235002,,,0.351129604
1073,-0.132324793,,,-0.05916681
1074,-0.132324793,,,0.24968757
1075,-0.071656803,,,0.108888041
1076,-0.126854269,,,-0.257382962
1077,0.002326597,,,0.634297627
1078,-0.132324793,,,-0.267718933
1079,-0.008954209,,,-0.323872657
1080,0.003571855,,,-0.59843073
1081,-0.211742662,,,-0.296571417
1082,0.10545529,,,-0.003502195
1083,0.101488923,,,0.198572173
1084,-0.524577295,,,-0.543251378
1085,0.307098189,,,-0.447818806
1086,0.910386309,,,-1.029656486
1087,-0.94664567,,,-0.04721618
1088,-0.021201431,,,0.09489344
1089,-0.160084438,,,0.09489344
1090,-0.015265952,,,-0.002563936
1091,-0.367477469,,,-0.072531264
1092,-0.068346865,,,0.019898507
1093,0.066804036,,,0.255370691
1094,-0.534671908,,,0.268049988
1095,-0.07021821,,,0.152433646
1096,0.134280117,,,0.004144037
1097,-0.132324793,,,-0.627360818
1098,-0.03771939,,,-0.117772485
1099,-0.01635741,,,0.121132531
1100,-0.060116721,,,0.765703755
1101,-0.123804537,,,0.570607756
1102,0.094655677,,,0.636112132
1103,-0.132324793,,,0.160385156
1104,0.091557296,,,-0.135068209
1105,0.111082321,,,-0.186295726
1106,0.125300669,,,-0.344550271
1107,-0.034985255,,,0.349902768
1108,-0.001178832,,,0.351323307
1109,-0.084980009,,,-0.066027372
1110,0.015973211,,,0.272929672
1111,0.088681364,,,0.525744952
1112,-0.045430751,,,-0.264185828
1113,-0.201582436,,,0.065875231
1114,-0.306841396,,,0.035266589
1115,0.745993251,,,-0.239570841
1116,-0.326323458,,,-0.128769337
1117,0.045146599,,,0.814114548
1118,-0.019584722,,,1.255675368
1119,-0.031129104,,,0.714184071
1120,0.162282078,,,0.18674576
1121,0.057143282,,,0.400061942
1122,-0.015023582,,,0.240611027
1123,-0.046293695,,,0.062377117
1124,-0.121690133,,,0.247077007
1125,-0.028610587,,,-0.281976121
1126,0.02061636,,,-0.08891216
1127,-0.042359595,,,-0.117807207
1128,-0.299414485,,,-0.014269329
1129,-0.02184797,,,-0.123640342
1130,-0.132324793,,,0.873374716
1131,-0.004658346,,,-0.202998932
1132,0.004228929,,,0.358478385
1133,-0.118906075,,,0.077429446
1134,-0.003732965,,,0.037317667
1135,-0.04707958,,,0.351196249
1136,-0.021307855,,,0.291554623
1137,-0.139449355,,,0.247726378
1138,-0.406086299,,,-0.018885234
1139,0.012631257,,,0.15307154
1140,0.768784438,,,0.385430489
1141,-0.132745006,,,0.362862781
1142,-0.132324793,,,0.110758098
1143,0.277324324,,,-0.081390986
1144,0.002953072,,,0.636146689
1145,-0.017896561,,,-0.055864621
1146,-0.016226226,,,-0.055864621
1147,0.230757368,,,0.026618663
1148,-0.210989083,,,-0.658125385
1149,-0.021285255,,,-0.658125385
1150,-0.820753758,,,0.114775512
1151,0.002864418,,,-0.395258858
1152,-0.164797059,,,0.140745341
1153,0.064243909,,,-0.036721104
1154,-0.102095455,,,-0.080553735
1155,0.006076321,,,0.03224767
1156,-0.642157398,,,0.034868895
1157,0.210626539,,,0.16601375
1158,0.110388046,,,0.329050995
1159,-0.000275376,,,0.2136921
1160,0.211641025,,,0.145973301
1161,0.158679529,,,0.463544615
1162,-0.658951171,,,0.240442317
1163,0.007516621,,,0.102042981
1164,0.590819542,,,0.236941452
1165,0.01294791,,,0.147758304
1166,-0.113096147,,,0.185079027
1167,-0.042878598,,,0.185079027
1168,0.007564975,,,0.37328248
1169,0.304226096,,,0.117228622
1170,-0.132324793,,,-0.020624799
1171,-0.002240851,,,0.552985912
1172,0.283403398,,,-0.035403975
1173,-0.658623461,,,0.166005816
1174,0.004536555,,,-0.06991402
1175,-0.135703392,,,-0.349634416
1176,-0.036083954,,,-0.723994848
1177,-0.020626666,,,-0.176287331
1178,0.081713761,,,0.173491468
1179,0.141938588,,,-0.235249269
1180,-0.034082914,,,0.520454167
1181,0.008832322,,,0.289292553
1182,0.009139938,,,0.142647768
1183,0.403550358,,,-0.434399809
1184,-0.132324793,,,0.054900957
1185,-0.280685616,,,0.240593023
1186,1.467621334,,,0.084675012
1187,-0.017549942,,,-0.189862729
1188,-0.01544199,,,-0.092197838
1189,-0.173731209,,,0.690111994
1190,0.009523243,,,0.121762987
1191,-0.807503064,,,0.095325211
1192,1.443868354,,,-0.021176026
1193,-0.0071626,,,-0.021176026
1194,0.126850287,,,-0.256647138
1195,-0.033336962,,,0.531829798
1196,0.01047474,,,0.957777598
1197,-0.017764968,,,0.313713956
1198,0.142964135,,,-0.056677973
1199,-0.022653624,,,0.642389074
1200,-0.341131177,,,0.186658759
1201,-0.004986211,,,0.184180893
1202,-0.132324793,,,-0.052690861
1203,0.090328429,,,-0.263548665
1204,-0.010154046,,,0.443905387
1205,0.242349785,,,-0.166077556
1206,0.245240278,,,-0.432254979
1207,-0.039461682,,,-0.059675723
1208,-0.042509085,,,0.570160032
1209,0.358921013,,,0.348876472
1210,-0.181099545,,,0.198756514
1211,0.006868205,,,-0.159737347
1212,0.118286268,,,0.081766025
1213,-0.162013999,,,0.184060882
1214,-0.182982542,,,0.551979338
1215,-0.170606477,,,0.22698699
1216,0.119264896,,,0.124138921
1217,-0.132324793,,,0.127846735
1218,0.230387826,,,-0.032774013
1219,-0.053967034,,,0.064080664
1220,0.003681524,,,0.037284222
1221,-0.28831055,,,0.223659151
1222,-0.017275702,,,-0.362631185
1223,-0.029753698,,,-0.211972421
1224,0.002349766,,,0.072693988
1225,-0.052838416,,,-0.062547272
1226,-0.026255723,,,-0.267932946
1227,0.008972622,,,-0.17375573
1228,-0.209067651,,,0.233331164
1229,-0.000232935,,,0.064944729
1230,0.639596509,,,-0.242898619
1231,-0.056009633,,,0.336120185
1232,-0.310043961,,,0.336120185
1233,-0.606438586,,,0.061217836
1234,-0.059385434,,,0.293675544
1235,-0.256869189,,,0.318187156
1236,-0.132324793,,,-0.825501852
1237,-0.016617716,,,-0.825501852
1238,0.010200901,,,-0.620790259
1239,0.125104846,,,0.902469669
1240,-0.017199542,,,0.516311217
1241,-0.012499759,,,0.354626486
1242,-0.331782812,,,-0.362010629
1243,0.006302991,,,-0.362010629
1244,-0.051014554,,,0.447708575
1245,-0.087596491,,,-0.038647445
1246,0.057034003,,,0.473035914
1247,0.012759602,,,0.669651555
1248,-0.021752509,,,0.106517419
1249,-0.026179976,,,0.235713583
1250,-0.039865307,,,0.10697323
1251,-0.446030125,,,-0.003300879
1252,0.421558907,,,0.464370987
1253,-0.021577688,,,0.323768237
1254,0.082044046,,,0.323768237
1255,-0.255460683,,,-0.784700975
1256,-0.132324793,,,-0.391412798
1257,0.067924925,,,-0.117290188
1258,0.077660346,,,0.359902784
1259,-0.377352274,,,0.146802448
1260,-0.132324793,,,0.293618727
1261,-0.043143781,,,0.0611282
1262,-0.260043427,,,0.0611282
1263,-0.031922093,,,-0.222141383
1264,-0.015907217,,,0.705402843
1265,-0.146232805,,,0.744394517
1266,-0.314113016,,,0.744394517
1267,0.112188179,,,1.202147376
1268,-0.110562277,,,-1.125562653
1269,-0.10565627,,,-0.156522995
1270,-0.0833237,,,-0.363386277
1271,-0.085123835,,,1.071523369
1272,-0.007885424,,,0.480987719
1273,0.204363134,,,0.741151546
1274,0.000575581,,,0.798072248
1275,0.298278648,,,0.239459225
1276,-0.012528143,,,0.725777661
1277,0.214742425,,,0.725777661
1278,-0.161198826,,,1.242358847
1279,0.141958819,,,1.242358847
1280,-0.125851781,,,0.321054245
1281,-0.020498579,,,-1.120232445
1282,0.1736069,,,0.215775216
1283,0.256903621,,,0.134078826
1284,-0.005387872,,,0.056746593
1285,-0.145202973,,,-0.252232525
1286,-0.396392608,,,0.592258126
1287,-0.153653422,,,0.600119182
1288,0.094935034,,,0.060058158
1289,0.056167287,,,-0.450320173
1290,-0.089559608,,,-0.062530587
1291,-0.021897312,,,-0.307239559
1292,-0.175032427,,,0.284772514
1293,-0.190792027,,,0.287288303
1294,-0.089236397,,,0.055262693
1295,-0.023193918,,,0.059328489
1296,-0.021949869,,,0.104057231
1297,-0.003244168,,,0.301472127
1298,-0.09063542,,,0.304505919
1299,-0.260831706,,,0.455382509
1300,0.172704511,,,0.644156732
1301,0.027019445,,,0.411215988
1302,0.637403684,,,-0.269984827
1303,-0.076620746,,,-0.468576924
1304,-0.132324793,,,-0.116373702
1305,-0.749688351,,,0.151559169
1306,-0.362828303,,,0.452267693
1307,-0.582602611,,,0.452267693
1308,-0.01705622,,,0.258430326
1309,-0.108649434,,,0.258430326
1310,0.008673248,,,0.258430326
1311,0.01282967,,,0.14602454
1312,1.454506336,,,-0.406878743
1313,0.286610086,,,-0.011407993
1314,0.087320065,,,0.005370413
1315,-0.0111438,,,-0.006007442
1316,0.060376912,,,-0.130861299
1317,-0.032821781,,,0.09727844
1318,-0.028332655,,,-0.021694187
1319,0.00676708,,,0.103070056
1320,-0.129914884,,,0.187360294
1321,-0.11827029,,,0.187360294
1322,0.005946645,,,0.292356642
1323,0.226024404,,,0.304957656
1324,-0.132324793,,,0.10409523
1325,-0.16675614,,,0.495798445
1326,0.305675136,,,-0.103514569
1327,-0.030394864,,,0.152277652
1328,-0.014606999,,,0.197156896
1329,0.012825467,,,0.176151446
1330,-0.06565379,,,-0.201535361
1331,0.224450991,,,-0.147647235
1332,0.19252115,,,0.271235083
1333,-0.003916372,,,0.271235083
1334,-0.013399914,,,0.746654363
1335,-0.042019151,,,0.176004921
1336,-0.028410541,,,-0.093000953
1337,-0.023897918,,,0.490685475
1338,-0.002748965,,,0.18877533
1339,-0.132324793,,,0.18877533
1340,0.116775424,,,0.086148883
1341,0.010829287,,,0.298097291
1342,-0.008406936,,,-0.312434157
1343,-0.100421781,,,0.535112298
1344,-0.01137674,,,-0.242276255
1345,0.001435468,,,0.36700163
1346,0.218533191,,,0.462369693
1347,-0.021856797,,,0.462369693
1348,0.98141254,,,0.356951939
1349,-0.173700718,,,0.356951939
1350,0.008588079,,,0.356951939
1351,-0.132324793,,,0.267788182
1352,-0.021252236,,,0.038122933
1353,-0.012946013,,,0.442622702
1354,-0.116325855,,,0.344883959
1355,-0.116987451,,,0.217608149
1356,-0.166530718,,,0.164764732
1357,0.369993454,,,0.281221697
1358,-0.334627656,,,0.390810288
1359,0.048549825,,,0.425232812
1360,0.057442581,,,0.372943268
1361,0.095765119,,,1.010455342
1362,-0.134864285,,,0.7074972
1363,0.120675697,,,0.7074972
1364,-0.222083438,,,0.793958275
1365,0.025118292,,,0.777383138
1366,-0.039965524,,,0.777383138
1367,-0.031852325,,,-0.181967669
1368,0.056439383,,,0.517895493
1369,-0.041782113,,,0.517895493
1370,-0.04695827,,,0.733081339
1371,0.084371892,,,-0.390202485
1372,-0.12613201,,,0.267842591
1373,0.056661315,,,0.341208574
1374,0.012836009,,,-0.357642963
1375,-0.124529305,,,0.442193331
1376,-0.044912575,,,0.423995503
1377,-0.048042561,,,-0.673143677
1378,-0.007390673,,,-0.050546131
1379,0.090687559,,,0.656522113
1380,-0.081408125,,,0.683852355
1381,-0.090674095,,,0.683852355
1382,0.030080826,,,0.672676187
1383,-0.4439789,,,-0.27775471
1384,-0.065312608,,,-0.048406457
1385,-0.132324793,,,-0.154495121
1386,0.010636081,,,-0.104966245
1387,-0.090856142,,,-0.93086849
1388,-0.015457608,,,-1.65041358
1389,-0.652993806,,,-0.10377479
1390,-0.29224466,,,-0.10377479
1391,-0.248265425,,,0.417628552
1392,-0.132324793,,,-0.001001511
1393,0.012930547,,,0.264206764
1394,-0.33188192,,,0.471610226
1395,0.566140873,,,-0.195609951
1396,-0.132783847,,,0.069231323
1397,-0.126192236,,,-0.026735266
1398,-0.140668712,,,-0.026735266
1399,0.435158111,,,0.042635573
1400,0.014985899,,,0.746461799
1401,0.108271274,,,0.571455303
1402,0.038055002,,,0.501799184
1403,-0.132324793,,,-0.251889212
1404,0.005283785,,,-0.251889212
1405,-0.170624543,,,0.39879842
1406,0.071778627,,,0.382353624
1407,-0.275995364,,,0.443810722
1408,0.088063928,,,0.362110058
1409,-0.125348612,,,0.402352997
1410,-0.002799768,,,0.027165561
1411,0.023617663,,,0.156504838
1412,-0.092142598,,,-0.264510945
1413,-0.032519688,,,-0.004768943
1414,-0.132324793,,,-0.243662468
1415,0.154394069,,,0.178541481
1416,0.412314289,,,-0.079525553
1417,0.31376377,,,0.139116668
1418,0.033913461,,,0.033609631
1419,-0.212551881,,,0.033609631
1420,-0.066104115,,,-0.403317711
1421,-0.074845958,,,-0.053483974
1422,0.025677325,,,0.252196833
1423,0.121924221,,,0.28927221
1424,-0.088831728,,,0.216902978
1425,-0.060047999,,,0.576488642
1426,-0.010353965,,,-0.064609621
1427,0.146538889,,,0.552733203
1428,0.067398288,,,-0.066723982
1429,0.895055382,,,0.007953937
1430,0.746747282,,,-0.418407007
1431,-0.132324793,,,0.194115366
1432,-0.132324793,,,0.327037528
1433,-0.034623843,,,0.392106034
1434,-0.001740144,,,-0.016937787
1435,0.02050956,,,-1.397405393
1436,-0.240965823,,,0.195818842
1437,-0.168786466,,,-0.483670782
1438,0.024682549,,,0.512081657
1439,0.095096691,,,-0.201537586
1440,-0.184415655,,,-0.501587661
1441,0.006526886,,,-0.083384145
1442,0.269350074,,,0.535989255
1443,0.103229752,,,0.128871223
1444,-0.151492962,,,1.317464808
1445,0.043489248,,,-0.651580443
1446,-0.036825886,,,0.354084364
1447,0.004087813,,,-0.422162492
1448,0.331026849,,,-0.133463959
1449,0.12998978,,,0.344673528
1450,-0.470884514,,,0.407953199
1451,-0.606951137,,,0.218446301
1452,-0.105405904,,,0.218446301
1453,0.091729637,,,0.002468845
1454,0.02639937,,,-0.462941443
1455,-0.057355813,,,0.448427087
1456,0.022011621,,,-0.264609087
1457,-0.02428113,,,-0.623688887
1458,0.008563055,,,-0.623688887
1459,-0.634064129,,,-0.726794887
1460,0.069394829,,,1.058726374
1461,-0.382097291,,,0.193885108
1462,0.163834086,,,0.893550247
1463,0.03446817,,,0.893550247
1464,-0.015760874,,,0.673354396
1465,-0.013047949,,,0.673354396
1466,-0.017306369,,,-0.040370899
1467,-0.088893642,,,0.008866486
1468,-0.350824408,,,0.026602773
1469,-0.168011211,,,-0.163455634
1470,0.190203916,,,0.149498444
1471,-0.161996588,,,0.149498444
1472,-0.014324792,,,0.404989723
1473,-0.062457767,,,-0.337497696
1474,0.040273004,,,0.457395483
1475,0.09306338,,,0.457395483
1476,-0.134891563,,,-0.38729967
1477,0.158841098,,,-0.38729967
1478,-0.012750385,,,-0.002013021
1479,0.004108095,,,0.251182922
1480,-0.014013695,,,0.594265287
1481,-0.924922904,,,0.594265287
1482,-0.066547832,,,0.54934273
1483,0.026505992,,,-0.370510544
1484,-0.012569112,,,0.403184316
1485,-0.002328977,,,-1.448950938
1486,0.259607505,,,0.427854009
1487,-0.033087421,,,-0.565718562
1488,0.283720825,,,-0.959897351
1489,0.048678836,,,0.258298667
1490,-0.01505365,,,-0.794256757
1491,-0.187955012,,,-0.794256757
1492,-0.003353258,,,0.108765429
1493,-0.11619737,,,0.96644916
1494,-0.146808104,,,0.457922462
1495,0.068316311,,,0.829344514
1496,0.869988792,,,0.766396733
1497,0.126600218,,,0.766396733
1498,-0.132324793,,,0.27515201
1499,0.082781071,,,0.27515201
1500,-0.029207855,,,-0.011712338
1501,-0.062280459,,,0.411349389
1502,-0.004581907,,,0.451822607
1503,-0.017887035,,,0.385028865
1504,-0.132324793,,,0.454935594
1505,0.860343559,,,0.505941579
1506,-0.127698746,,,0.530654217
1507,0.018431015,,,0.548862479
1508,0.333059192,,,0.264486025
1509,-0.017340085,,,0.264486025
1510,-0.008037407,,,0.51536115
1511,-0.057279146,,,0.085080159
1512,-0.132324793,,,0.136176119
1513,0.536477122,,,-1.001772898
1514,0.290630029,,,-0.347670824
1515,0.014554593,,,-0.488909068
1516,-0.156714008,,,-0.488909068
1517,0.017646507,,,-1.08851093
1518,-0.132324793,,,0.595350865
1519,0.012215341,,,0.560066675
1520,0.178769283,,,0.761605957
1521,0.010532429,,,0.915603991
1522,-0.12624824,,,0.358747573
1523,0.244474758,,,0.337476499
1524,-0.001450898,,,-0.286577822
1525,0.768784438,,,0.333928372
1526,-0.013625211,,,-0.159246305
1527,-0.039584439,,,-0.145285609
1528,0.020808886,,,-0.244780701
1529,-0.06776176,,,-0.138800476
1530,-0.141215825,,,-0.937674985
1531,0.553823915,,,-0.937674985
1532,0.022733411,,,0.566950597
1533,0.001286023,,,0.552408915
1534,-0.017707507,,,0.456059188
1535,-0.213388717,,,0.456059188
1536,-0.026100216,,,-0.037829467
1537,-0.090635119,,,0.530040769
1538,-0.368974006,,,0.530040769
1539,0.032224891,,,0.460733011
1540,-0.085632589,,,0.604250085
1541,-0.014352437,,,0.404028397
1542,-0.026305112,,,0.354726812
1543,-0.013563894,,,-0.098291575
1544,0.056785858,,,0.225029053
1545,0.162673666,,,-0.085303913
1546,0.317167236,,,-0.085177821
1547,-0.022545373,,,-0.224017379
1548,0.116168454,,,-0.101790363
1549,0.17720179,,,0.196521001
1550,0.210843943,,,0.025228444
1551,-0.16791615,,,-0.069906897
1552,0.328197078,,,-0.192296104
1553,0.008975328,,,-0.067387028
1554,-0.132324793,,,0.013629276
1555,0.021324303,,,-0.109096533
1556,0.24001242,,,0.005028212
1557,-0.033440813,,,-0.240602257
1558,0.003728184,,,-0.294666469
1559,-0.020883857,,,-0.056777008
1560,-0.301148898,,,-0.236679265
1561,-0.067190505,,,-0.108257571
1562,-0.008877487,,,-0.147018084
1563,0.132574601,,,0.005657924
1564,0.165749895,,,-0.037501534
1565,-0.611774733,,,0.25777992
1566,0.028172023,,,0.060215012
1567,-0.148749508,,,-0.062810481
1568,0.00786375,,,0.352360742
1569,0.363768925,,,-0.035373407
1570,0.013189509,,,-0.153710717
1571,-0.017739216,,,-0.317976274
1572,0.310997958,,,0.094966561
1573,-0.14892232,,,-0.177536981
1574,0.061268687,,,-0.103391732
1575,0.2846202,,,-0.227751788
1576,0.053598497,,,0.220164255
1577,0.097156109,,,-0.091630758
1578,0.796721753,,,0.003634577
1579,0.003045436,,,-0.020911417
1580,0.34230486,,,-0.045415237
1581,1.012253151,,,-0.027480654
1582,-0.060619129,,,-0.044204622
1583,0.108464237,,,-0.039711519
1584,0.146794838,,,0.090683707
1585,-0.653849541,,,-0.0043368
1586,0.029573033,,,-0.033678646
1587,-0.009330413,,,-0.016033816
1588,-0.172863036,,,-0.05665707
1589,-0.073117689,,,-0.1170244
1590,-0.303688216,,,0.008462923
1591,-0.252323719,,,-0.10718782
1592,0.356417873,,,-0.109265731
1593,0.154744126,,,-0.120533964
1594,-0.36207729,,,0.075906978
1595,-0.126395551,,,-0.054006628
1596,-0.024944205,,,-0.228219801
1597,-0.020822713,,,-0.082852767
1598,-0.255353511,,,-0.1417155
1599,0.002377753,,,-0.033702099
1600,-0.153769185,,,0.03493397
1601,-0.003274927,,,-0.094385647
1602,0.157872948,,,0.075251589
1603,-0.444311917,,,0.077332656
1604,-0.016944328,,,0.069068964
1605,-0.216146636,,,0.032065414
1606,-0.016878725,,,-0.076315062
1607,-0.017170616,,,-0.03154932
1608,-0.037376794,,,-0.109447926
1609,0.007731269,,,-0.069611355
1610,-0.107479427,,,0.053550434
1611,-0.034578434,,,-0.167566295
1612,-0.019229385,,,-0.004475193
1613,0.254113652,,,-0.040443795
1614,-0.247420596,,,-0.08520335
1615,-0.101755854,,,0.00164663
1616,-0.109232089,,,-0.013463128
1617,0.046146038,,,-0.115850107
1618,0.17534206,,,-0.164387776
1619,-0.0421833,,,-0.241223218
1620,-0.050198103,,,0.327105228
1621,0.02767485,,,-0.178458972
1622,-0.08437775,,,0.165517866
1623,-0.132324793,,,-0.166470015
1624,0.043480618,,,-0.049405966
1625,0.330545438,,,-0.363955824
1626,-0.132324793,,,0.271400363
1627,-0.028079232,,,0.155179989
1628,-0.015758,,,-0.081403559
1629,-0.018117564,,,0.879953755
1630,-0.02644264,,,-0.27310286
1631,-0.114189049,,,1.53386682
1632,-0.132324793,,,1.18390325
1633,0.331734682,,,0.475745429
1634,-0.380067644,,,-0.037989132
1635,0.001135938,,,-0.806360014
1636,-0.111196283,,,0.590790076
1637,-0.021583361,,,-1.190095729
1638,-0.051754112,,,0.404836815
1639,-0.021595019,,,0.37325629
1640,0.289430323,,,0.612870551
1641,0.592727278,,,0.438901479
1642,-0.148087845,,,0.735601649
1643,-0.064786211,,,0.315370434
1644,-0.024282893,,,0.561881247
1645,-0.040729703,,,0.237294362
1646,0.059884642,,,-0.048144685
1647,-0.145891146,,,-0.313248443
1648,-0.019676054,,,0.378422311
1649,0.00617965,,,0.562023887
1650,-0.021369863,,,-0.061068332
1651,-0.020220297,,,-0.646836998
1652,-0.086494785,,,-0.410638056
1653,0.011735737,,,-0.649550068
1654,-0.0222152,,,-0.845259624
1655,0.007720767,,,-0.552059381
1656,-0.108555113,,,-0.416885312
1657,-0.023149339,,,-0.724011036
1658,-0.075427132,,,0.607753121
1659,-0.016919032,,,-0.530574384
1660,-0.120327821,,,-0.573128057
1661,0.152746025,,,-0.14366874
1662,0.018011067,,,0.088851007
1663,0.38415295,,,0.177619331
1664,-0.028800632,,,-0.396436276
1665,-0.015632343,,,-0.300570002
1666,0.012175414,,,-0.462416505
1667,0.017852243,,,-0.397699599
1668,-0.269381228,,,0.496350971
1669,-0.107667696,,,-0.099044025
1670,-0.233100966,,,-0.824163215
1671,0.111474078,,,-0.769667283
1672,-0.714586204,,,0.446231928
1673,0.184975425,,,0.443295326
1674,0.137441342,,,-0.160321487
1675,-0.06431693,,,-0.616093397
1676,0.012494918,,,-0.058924616
1677,0.006515075,,,0.348449224
1678,-0.073064241,,,0.364331683
1679,-0.10359392,,,-0.035836658
1680,-0.172771917,,,0.132876351
1681,-0.132324793,,,-0.602256358
1682,-0.01541778,,,0.173380376
1683,-0.026814165,,,0.07602589
1684,-0.001742846,,,0.265858458
1685,-0.013554865,,,0.071564934
1686,-0.214331611,,,0.071496858
1687,0.024076834,,,0.754405161
1688,0.190258327,,,-0.277566926
1689,-0.207885002,,,-0.165641906
1690,-0.132324793,,,-0.326142829
1691,-0.623355576,,,-0.031400635
1692,-0.07850411,,,-0.262771524
1693,-0.016900984,,,-0.05640387
1694,0.067594909,,,0.209380762
1695,-0.156947735,,,0.063858953
1696,-0.309196383,,,0.175349005
1697,-0.132324793,,,-0.506630866
1698,-0.270803379,,,0.006159797
1699,0.012893005,,,-0.760751616
1700,-0.375481689,,,-0.185416069
1701,0.026870961,,,-0.301883808
1702,0.00481956,,,-0.02891928
1703,-0.132324793,,,0.541215608
1704,0.069716988,,,-0.433229539
1705,-0.01858719,,,-0.167810513
1706,-0.341325425,,,-0.162937999
1707,0.402167615,,,0.151483489
1708,0.218031222,,,0.265162487
1709,-0.132324793,,,-0.139878352
1710,-0.20325012,,,0.160059179
1711,-0.039077898,,,-0.442436039
1712,0.055579129,,,0.006714426
1713,0.00979527,,,0.56855778
1714,-0.698139603,,,0.295460591
1715,0.220196948,,,-0.025718429
1716,-0.000463127,,,0.087123818
1717,-0.004932325,,,0.307336777
1718,0.813726939,,,0.012169747
1719,-0.052822482,,,-0.464686094
1720,-0.617691333,,,0.035584791
1721,-0.132324793,,,0.091421378
1722,-0.021064148,,,0.219597085
1723,-0.254686685,,,0.049108297
1724,-0.06431785,,,-0.244244121
1725,-0.018848559,,,-0.1479563
1726,-0.126478574,,,-0.227395333
1727,-0.215032049,,,-0.075860031
1728,0.028777631,,,-0.154533435
1729,0.059794576,,,0.326896283
1730,-0.132324793,,,0.000451366
1731,0.013791706,,,-0.194375684
1732,-0.77258051,,,-0.018559282
1733,0.149802331,,,0.68172071
1734,0.025076516,,,0.247383585
1735,-0.235009207,,,-0.348585356
1736,-0.147887867,,,-0.080943004
1737,-0.038853689,,,0.157614837
1738,-0.034695102,,,0.038744216
1739,-0.035419548,,,0.162792501
1740,-0.064885892,,,-0.153134118
1741,-0.132324793,,,-0.044746034
1742,-0.005525134,,,-0.092271217
1743,-0.020248979,,,-0.228309562
1744,0.034882288,,,0.325501283
1745,-0.006366578,,,-0.441666983
1746,-0.151141581,,,0.55788213
1747,0.028994671,,,-0.165810431
1748,-0.015744562,,,0.111069699
1749,-0.005487998,,,-0.110797848
1750,0.030970093,,,0.040330279
1751,0.009074755,,,0.1211855
1752,-0.389622153,,,0.12988796
1753,0.587781442,,,-0.052624629
1754,0.050144422,,,0.045905189
1755,-0.192897279,,,0.399192613
1756,-0.266210497,,,-0.196103267
1757,0.005902781,,,0.458658994
1758,-0.132324793,,,0.091108212
1759,-0.002148119,,,-0.627730952
1760,0.196348491,,,-0.058932216
1761,0.012749942,,,-0.329567515
1762,-0.191482571,,,0.407922381
1763,0.370199514,,,0.012739383
1764,0.357035064,,,0.04496186
1765,-0.017060381,,,0.350782123
1766,-0.219144924,,,0.548779613
1767,-0.01938535,,,0.152601363
1768,-0.250077477,,,0.149283404
1769,-0.045378678,,,0.089506691
1770,-0.078106516,,,0.012923252
1771,-0.052336404,,,0.170551195
1772,-0.211903444,,,-0.202132214
1773,-0.520375727,,,0.124796417
1774,-0.034087266,,,-0.112052881
1775,0.003789872,,,0.098332665
1776,-0.153640834,,,0.108717396
1777,-0.183626484,,,-0.306839916
1778,0.214319649,,,-0.24119882
1779,0.040511237,,,0.175523659
1780,0.351308295,,,0.131952123
1781,-0.081375708,,,0.132482552
1782,0.34230486,,,0.069717566
1783,0.016129205,,,0.215021889
1784,0.873374335,,,-0.254984252
1785,-0.390422267,,,-0.129033173
1786,-0.031219542,,,0.093803022
1787,-0.095643757,,,-0.416047591
1788,-0.016676492,,,-0.07025517
1789,-0.010119265,,,0.127053731
1790,-0.28827774,,,-0.49433345
1791,-0.083013515,,,-0.079233533
1792,-0.058397691,,,-0.117289407
1793,0.017019385,,,-0.084635932
1794,-0.180944183,,,0.060327752
1795,-0.058653172,,,-0.307587569
1796,-0.204806905,,,0.045117218
1797,0.248893661,,,-0.101911927
1798,-0.17534835,,,0.060456348
1799,-0.132324793,,,-0.343142204
1800,-0.499028271,,,0.255016987
1801,-0.119002146,,,0.01856887
1802,0.008978839,,,-0.070859681
1803,-0.132324793,,,-0.035387244
1804,-0.002898455,,,-0.000113643
1805,-0.000829277,,,-0.058890938
1806,-0.232291473,,,-0.136937439
1807,0.029888333,,,-0.127810634
1808,-0.070199314,,,-0.146506157
1809,0.017957566,,,-0.071143884
1810,0.49733704,,,-0.585461657
1811,0.647712173,,,-0.233021524
1812,-0.017945267,,,-0.227483307
1813,-0.132324793,,,0.159934742
1814,-0.029013111,,,-0.328498868
1815,-0.029633497,,,-0.102943749
1816,0.615835127,,,0.074743229
1817,-0.107267335,,,0.036438372
1818,-0.093297864,,,0.252241049
1819,-0.226277474,,,-0.485139628
1820,0.906231407,,,0.219432857
1821,0.000859972,,,0.31683766
1822,-0.031215291,,,0.292759113
1823,-0.017006859,,,0.186949832
1824,0.005026955,,,0.415149479
1825,0.202973599,,,0.209686867
1826,-0.132324793,,,0.267242604
1827,0.485081425,,,-0.146110665
1828,0.063840253,,,0.057326741
1829,-0.008062532,,,0.275488862
1830,-0.041844552,,,-1.023334033
1831,-0.809074095,,,-0.17037033
1832,-0.039283046,,,1.682641783
1833,0.410932212,,,-0.273397851
1834,0.010288803,,,-0.07747728
1835,0.56031882,,,-0.390492308
1836,-0.076099501,,,-0.377202276
1837,0.673938329,,,-0.883412104
1838,0.272750643,,,-0.315301189
1839,-0.08236397,,,-0.701663667
1840,-0.128952555,,,-0.114890359
1841,-0.055227763,,,-0.212214776
1842,-0.044096571,,,-0.303767911
1843,0.028150099,,,-0.142266497
1844,-0.68128158,,,0.066461613
1845,-0.02109121,,,-0.153645491
1846,-0.02453099,,,0.042083808
1847,0.032981507,,,-0.191535298
1848,0.451474941,,,-0.291592083
1849,-0.011302805,,,0.311469757
1850,-0.757223164,,,-0.315708213
1851,-0.132324793,,,0.172591363
1852,0.012756115,,,-0.132495918
1853,-0.024758947,,,0.16777907
1854,-0.095591169,,,0.177754431
1855,-0.132324793,,,-0.332860505
1856,-0.364461839,,,-0.062946759
1857,0.819342496,,,-0.290347966
1858,0.572854334,,,-0.55020603
1859,-0.132324793,,,-0.901778511
1860,-0.308320155,,,0.817482622
1861,-0.132324793,,,0.20827576
1862,-0.72154208,,,-0.513926816
1863,-0.091164791,,,-0.27292062
1864,0.251213128,,,0.425468564
1865,-0.132324793,,,0.157031368
1866,0.005047889,,,0.618575252
1867,0.144800454,,,-0.359487898
1868,-0.021570981,,,0.053335909
1869,0.072956344,,,-0.046959189
1870,-0.068860472,,,0.124748806
1871,-0.091243496,,,0.250064058
1872,0.129349154,,,0.072953937
1873,0.338822522,,,0.175846749
1874,-0.133559301,,,-0.280320241
1875,-0.132324793,,,-0.022408081
1876,0.286511874,,,0.009111354
1877,-0.132324793,,,0.106369352
1878,-0.037385468,,,0.000266142
1879,0.271717587,,,-0.223957473
1880,1.575692278,,,0.095175765
1881,-0.216946132,,,-0.156117283
1882,-0.012477282,,,0.309749162
1883,-0.022085183,,,0.091639581
1884,-0.108902242,,,-0.455565331
1885,-0.018459394,,,-0.338194038
1886,0.00164982,,,-0.199200139
1887,-0.022261473,,,0.060331206
1888,0.014491983,,,0.075764245
1889,-0.177901807,,,-0.478554594
1890,0.164726651,,,0.246238195
1891,-0.069874672,,,0.0540374
1892,-0.023571177,,,0.293750126
1893,0.29625779,,,-0.178185167
1894,-0.089231624,,,-0.334154661
1895,-0.132324793,,,-0.238199094
1896,0.036709663,,,-0.286088235
1897,0.125599579,,,0.009048619
1898,0.013919725,,,0.043353079
1899,-0.145527203,,,0.27102711
1900,-0.135983546,,,-0.520798293
1901,-0.022262075,,,0.177743993
1902,0.341110595,,,0.100283444
1903,0.046289707,,,0.080454543
1904,0.009044775,,,0.261821472
1905,0.378423171,,,0.009952914
1906,0.003391883,,,0.178630106
1907,0.0122703,,,-0.095102965
1908,-0.000818694,,,-0.023853181
1909,-0.056294912,,,-0.369171932
1910,0.006567357,,,0.262506356
1911,-0.587803698,,,0.043921709
1912,-0.018451092,,,-0.090193198
,,,,0.068178831
,,,,0.022912014
,,,,-0.685851525
,,,,-0.082577812
,,,,-0.051342303
,,,,0.227421693
,,,,0.3030918
,,,,-0.990063638
,,,,0.499334282
,,,,-0.372028077
,,,,0.628133421
,,,,-0.754863452
,,,,-0.112570096
,,,,-0.319115054
,,,,-0.020985346
,,,,0.359196689
,,,,0.156701838
,,,,0.129822077
,,,,-0.767423906
,,,,0.625128749
,,,,0.151117156
,,,,-0.313691215
,,,,-0.331663808
,,,,-0.026386916
,,,,-0.135534102
,,,,0.244250718
,,,,-0.020857219
,,,,0.921545128
,,,,-0.536678585
,,,,0.365303416
,,,,-0.202927951
,,,,0.102766923
,,,,0.423517109
,,,,-0.202610906
,,,,0.272593668
,,,,0.229988299
,,,,-0.281931803
,,,,-0.272796279
,,,,-0.037937274
,,,,0.235620678
,,,,0.054439633
,,,,0.225807038
,,,,-0.17648487
,,,,0.328232206
,,,,-0.872057454
,,,,-0.169291219
,,,,0.222279444
,,,,0.199186968
,,,,-0.342682196
,,,,-0.147555644
,,,,0.321623104
,,,,0.237890805
,,,,0.480299385
,,,,-0.010203875
,,,,0.183261072
,,,,-0.251393687
,,,,0.328313022
,,,,-0.609930162
,,,,0.515559375
,,,,0.376032506
,,,,0.555941246
,,,,0.403154196
,,,,0.159849669
,,,,-0.310787835
,,,,-0.757631866
,,,,-0.278437991
,,,,-0.689181006
,,,,0.454813905
,,,,-0.009710599
,,,,0.419243425
,,,,1.025712752
,,,,-0.634697308
,,,,-0.082510348
,,,,-0.834879254
,,,,-0.075678089
,,,,0.106277916
,,,,0.131111771
,,,,0.253129033
,,,,-0.091337011
,,,,0.103763652
,,,,-1.173087623
,,,,0.011923206
,,,,-0.569855205
,,,,0.055672442
,,,,0.207769291
,,,,-0.15051093
,,,,0.256868141
,,,,-0.249231906
,,,,0.372933116
,,,,0.079007553
,,,,0.32876972
,,,,-0.166773571
,,,,0.084420558
,,,,-0.004357804
,,,,-0.011379908
,,,,0.135163521
,,,,0.124893004
,,,,0.141276895
,,,,-0.049399272
,,,,-0.400714694
,,,,0.494336409
,,,,0.362995293
,,,,-0.262245773
,,,,0.305287635
,,,,0.112691345
,,,,0.149769674
,,,,0.135042838
,,,,0.501076196
,,,,0.787610825
,,,,-0.657177794
,,,,0.258996914
,,,,-0.769198778
,,,,-0.270935778
,,,,-0.720225676
,,,,-0.222625649
,,,,-0.07834371
,,,,0.627796965
,,,,1.020000373
,,,,0.245240022
,,,,0.160381728
,,,,0.014149811
,,,,-0.319567666
,,,,-0.363713855
,,,,0.170414094
,,,,0.0413546
,,,,0.428737848
,,,,0.264042242
,,,,-0.432077973
,,,,0.030482157
,,,,-0.190646481
,,,,-0.046983197
,,,,-0.009042947
,,,,0.217887581
,,,,0.605576947
,,,,-0.273655132
,,,,0.945294339
,,,,0.045443191
,,,,-0.243466956
,,,,0.184874977
,,,,0.561138765
,,,,0.297805661
,,,,-0.605908231
,,,,0.095761593
,,,,0.020082841
,,,,0.00776153
,,,,0.33417049
,,,,-0.046089603
,,,,-0.198736399
,,,,0.292317397
,,,,-0.014139517
,,,,0.29908118
,,,,0.565391019
,,,,-0.106726475
,,,,-1.08196139
,,,,-0.121877097
,,,,-0.297698159
,,,,0.030184816
,,,,0.05461639
,,,,0.166279402
,,,,-0.300847023
,,,,0.099509432
,,,,-0.484864457
,,,,-0.197897652
,,,,0.246740139
,,,,-0.492459339
,,,,-0.486639025
,,,,-0.360308597
,,,,-0.304725062
,,,,-0.231557198
,,,,0.322124483
,,,,-0.829376786
,,,,0.107752903
,,,,-0.23523371
,,,,0.045126355
,,,,-0.251265518
,,,,0.443310606
,,,,0.019326563
,,,,-0.202943011
,,,,0.280387511
,,,,0.281998828
,,,,0.366899529
,,,,-0.06029139
,,,,0.328573054
,,,,0.004986206
,,,,0.798067929
,,,,0.31552973
,,,,0.495942018
,,,,0.210585313
,,,,0.538391593
,,,,-0.341260973
,,,,0.414741161
,,,,0.089942708
,,,,-0.212792277
,,,,-0.66976
,,,,-0.174190452
,,,,0.261195041
,,,,0.71829117
,,,,0.316129642
,,,,-0.298649672
,,,,0.56139634
,,,,0.105858242
,,,,0.334236593
,,,,-0.383453484
,,,,-0.056314546
,,,,-0.60807917
,,,,-0.105289368
,,,,-0.726155293
,,,,-0.063462621
,,,,-0.299635939
,,,,-0.054971353
,,,,-0.636641221
,,,,1.943735616
,,,,0.602804147
,,,,-0.481466808
,,,,0.328000367
,,,,-0.086354117
,,,,0.437160967
,,,,0.809337432
,,,,-0.17978436
,,,,-0.014894122
,,,,0.114970027
,,,,-0.578214211
,,,,-1.093438593
,,,,-0.58220853
,,,,-0.972130621
,,,,0.031768217
,,,,-0.404431935
,,,,-0.180267718
,,,,0.426857407
,,,,0.245246311
,,,,0.158514325
,,,,0.305623921
,,,,0.31644865
,,,,-0.198887665
,,,,0.000778508
,,,,0.181866763
,,,,-0.430597949
,,,,0.023084338
,,,,0.08295662
,,,,-0.425941452
,,,,0.0842435
,,,,-0.07961373
,,,,0.154535295
,,,,-0.250232932
,,,,0.33672603
,,,,0.607579489
,,,,0.118824831
,,,,0.462160656
,,,,-0.52941648
,,,,1.196447882
,,,,-0.597041466
,,,,0.239277766
,,,,-0.295964493
,,,,0.176369158
,,,,-0.228218113
,,,,-0.077168543
,,,,-0.750190986
,,,,0.244088612
,,,,0.070863557
,,,,0.084227048
,,,,0.207975135
,,,,0.330965906
,,,,1.187924458
,,,,-0.222081719
,,,,-0.749443207
,,,,-0.015042197
,,,,0.111001715
,,,,0.187939686
,,,,0.000566412
,,,,-0.260038113
,,,,-0.463808693
,,,,0.372615268
,,,,0.720692451
,,,,0.351547928
,,,,-0.859970055
,,,,0.399616665
,,,,-0.352885956
,,,,-0.227655343
,,,,0.113390917
,,,,0.60040402
,,,,0.275199019
,,,,0.109934245
,,,,-0.092087671
,,,,0.029279633
,,,,0.009088173
,,,,-0.523061754
,,,,-0.048941304
,,,,-0.936970538
,,,,-0.279868853
,,,,-0.639036657
,,,,0.657487863
,,,,0.689288891
,,,,-0.037382617
,,,,-0.25322465
,,,,-0.132185242
,,,,-0.557383662
,,,,-0.544007738
,,,,-0.708162727
,,,,0.09495882
,,,,-1.453320535
,,,,0.946544111
,,,,0.423569923
,,,,-0.175060425
,,,,-0.062369848
,,,,-0.427934413
,,,,-0.109321724
,,,,-0.949055434
,,,,0.036775158
,,,,-0.575554406
,,,,0.329271799
,,,,-0.528222474
,,,,0.057223076
,,,,-0.198708883
,,,,0.38079185
,,,,0.325527052
,,,,-0.237162264
,,,,0.207945626
,,,,-0.01959333
,,,,0.569306479
,,,,0.168243392
,,,,0.63509948
,,,,-0.911192435
,,,,-0.15051613
,,,,-0.544671485
,,,,0.069770367
,,,,-0.202372045
,,,,-0.194982062
,,,,-0.991518633
,,,,0.206923882
,,,,-0.238239831
,,,,0.125655267
,,,,-0.209547258
,,,,-0.541341644
,,,,-0.109408815
,,,,-0.696085231
,,,,-0.098610333
,,,,0.420424431
,,,,0.014251998
,,,,-0.012236585
,,,,0.05569964
,,,,-0.632713887
,,,,-1.251518168
,,,,0.806154322
,,,,-0.114910681
,,,,0.693717227
,,,,0.264381421
,,,,-0.275855999
,,,,-0.149144165
,,,,0.140340676
,,,,-0.597789134
,,,,0.02496515
,,,,0.717878491
,,,,0.270303625
,,,,-0.687861739
,,,,-1.06229052
,,,,-0.472286462
,,,,-0.493811042
,,,,-0.143767011
,,,,-0.496051663
,,,,0.321907182
,,,,-0.436326943
,,,,-0.115808999
,,,,-0.250555058
,,,,0.058174614
,,,,0.056349955
,,,,0.222174364
,,,,0.685157394
,,,,0.190270357
,,,,-0.165592774
,,,,0.912731604
,,,,0.522147053
,,,,-0.075358945
,,,,0.08550473
,,,,-0.276205319
,,,,-0.418431162
,,,,0.414449826
,,,,0.205551864
,,,,-0.218541529
,,,,0.673078201
,,,,0.151890929
,,,,0.781109839
,,,,0.004298041
,,,,0.050698996
,,,,-0.214146055
,,,,-0.008740444
,,,,-0.110288289
,,,,0.240996605
,,,,0.143937531
,,,,-0.319652063
,,,,-0.57523317
,,,,0.291010608
,,,,-0.400770691
,,,,0.577894783
,,,,0.545120054
,,,,0.534847278
,,,,0.533346415
,,,,0.34387817
,,,,0.227783273
,,,,0.089961769
,,,,0.592773703
,,,,0.79114212
,,,,-0.437080125
,,,,0.036942898
,,,,-0.834156413
,,,,-0.793944982
,,,,-1.027237571
,,,,-0.313619728
,,,,-0.284548124
,,,,1.019752513
,,,,1.106549158
,,,,0.386042875
,,,,0.923358467
,,,,0.453136296
,,,,0.794086147
,,,,-0.200823076
,,,,0.153988298
,,,,-0.031377914
,,,,-0.922413727
,,,,-0.572338114
,,,,-0.56785002
,,,,-0.697039535
,,,,-0.261922982
,,,,-0.485635387
,,,,0.357091908
,,,,1.565020685
,,,,0.505185812
,,,,-0.186712792
,,,,-0.718420219
,,,,-0.201324115
,,,,0.132112248
,,,,0.571484265
,,,,0.422554418
,,,,0.430805159
,,,,0.670993632
,,,,0.259641229
,,,,0.276661728
,,,,-0.315372792
,,,,-0.007789322
,,,,-0.508940655
,,,,0.008213888
,,,,-0.60050129
,,,,-0.13516659
,,,,-0.392100136
,,,,-0.039428354
,,,,-0.417988807
,,,,0.312277994
,,,,0.407054217
,,,,0.422809572
,,,,0.33442685
,,,,0.274399303
,,,,-0.021614001
,,,,0.111490415
,,,,0.083297713
,,,,0.096878172
,,,,0.347967344
,,,,0.538902876
,,,,-0.625318584
,,,,0.005932062
,,,,0.340726044
,,,,0.496519194
,,,,-0.233876092
,,,,-0.080878674
,,,,-0.3142692
,,,,0.351998673
,,,,0.143248561
,,,,0.098846399
,,,,0.304665597
,,,,-0.067534318
,,,,0.353952458
,,,,0.551435258
,,,,0.254508578
,,,,0.099749722
,,,,0.20370054
,,,,0.182889862
,,,,0.267052268
,,,,0.289878937
,,,,-0.293780173
,,,,0.343374524
,,,,-0.151264768
,,,,-0.526487797
,,,,0.028868196
,,,,-0.751037274
,,,,-0.108350541
,,,,-0.344769685
,,,,0.587572853
,,,,1.176984701
,,,,1.338533884
,,,,0.373420541
,,,,-0.786852667
,,,,-0.073455404
,,,,-0.409859754
,,,,0.430413856
,,,,-0.030192677
,,,,0.352774102
,,,,0.40655903
,,,,0.383714529
,,,,0.011300519
,,,,0.064624629
,,,,0.588804766
,,,,-0.186082671
,,,,-0.126317025
,,,,0.090917691
,,,,0.305668096
,,,,-0.048353301
,,,,-0.197662099
,,,,-0.420267864
,,,,-0.190581636
,,,,0.290209636
,,,,0.187087942
,,,,0.125749447
,,,,-0.152117057
,,,,-0.213548982
,,,,-0.050920336
,,,,0.081760526
,,,,0.028544483
,,,,-0.028109739
,,,,-0.066671509
,,,,-0.081260376
,,,,-0.084597086
,,,,-0.076731495
,,,,-0.049355129
,,,,-0.03243508
,,,,-0.209535096
,,,,0.023811642
,,,,-0.024031176
,,,,-0.016928317
,,,,-0.057934755
,,,,0.000912604
,,,,0.065742671
,,,,-0.332598846
,,,,-0.157676055
,,,,0.182632341
,,,,-0.001887628
,,,,0.020875244
,,,,-0.050317672
,,,,-0.275408839
,,,,0.042723775
,,,,-0.039508312
,,,,0.024480787
,,,,-0.06345081
,,,,0.032135325
,,,,0.015117342
,,,,-0.019768476
,,,,-0.078307467
,,,,0.025929932
,,,,-0.004383848
,,,,-0.007160386
,,,,0.018716001
