7.380703714944494287e+00,-3.504236683313770140e+00,-5.153800165850698889e+00
-8.693280894889598542e+00,4.717059536665465735e+00,1.135846723858830565e+00
3.472761915766293672e+00,-5.034393884800698160e+00,6.097602090911193429e+00
3.150398864811647659e-01,5.975723391268920714e+00,6.578938539838125266e+00
-1.214641870818346625e+00,3.352330325820876311e+00,-8.179007965042984551e+00
-3.315501459977796550e+00,-7.047617762881794867e+00,5.584081262589049466e+00
4.953035749969514789e+00,4.061567834636939267e+00,6.814055657548338196e+00
2.288151071169461925e+00,-3.304042067173464936e-01,9.140558595933267583e+00
2.625485290576294428e+00,6.951793913529506597e+00,-6.080449555154752161e+00
2.286447713993364772e+00,9.059639953483085151e+00,2.180304635693719018e+00
-1.196694502324799902e+00,-3.320931175295087634e+00,9.756074908848271221e+00
-9.593738532142916497e+00,-1.743085592442866538e+00,-1.023591561265704053e+00
1.317374080453104224e+00,-9.557906652929638369e+00,-1.887796113470334491e+00
-1.015654247724808723e+00,-1.021174351461406715e+01,-8.536694037015046810e-01
3.340279245438404931e+00,-5.050562795872342470e+00,8.175880428886150852e+00
1.070509335793687811e+01,6.012882804452530650e-01,5.856626517500669316e-01
-6.568522935294303089e+00,-6.068794186386756273e+00,-3.147486011373360260e+00
-3.659134375477405943e+00,1.013340440354017247e+01,-1.292343064558395760e+00
4.017441330293101132e+00,9.071463006680108521e+00,-1.994490304836573191e+00
4.671897528703411240e+00,-8.017157422543245815e+00,2.328766004444128956e+00
-8.427922438607847511e+00,2.976332247189696911e+00,-4.066045822804893461e+00
6.559813781072740824e+00,-8.062089405472168124e+00,-3.137953552209077568e+00
-5.852901290362478193e+00,6.551737013627273676e+00,-5.608500184500273988e+00
-5.041567889816346515e+00,8.108322906679678255e+00,6.365557189958825912e-01
-7.531309921383726902e+00,-3.012454781800254722e+00,-5.159189196538138233e+00
-4.136207980812158347e+00,6.189628509512141719e+00,-6.568568975332476079e+00
4.530132942523749762e+00,9.399326429144954531e+00,-2.955838519174931456e+00
-8.509065769831977377e+00,4.006933302406965325e+00,-4.768676700467092688e-01
7.930102096631194364e+00,-4.212797846439056748e+00,-4.159528840150524154e+00
-1.013443745490965853e+01,1.333643164185972729e+00,1.061576805108457755e+00
-7.976286255464501096e+00,-1.778130028903972537e+00,4.761972271149637059e+00
-7.451272557422202070e+00,-1.115879112494816638e+00,3.684762406357373177e+00
7.044043726348065526e+00,7.245579721067591628e+00,1.814858963377185885e+00
-4.353698303379574419e+00,-3.240460652553728060e+00,-8.066228325084832562e+00
-4.508872155124194592e+00,-8.485543377457727132e-01,8.621942210699311104e+00
-5.193066470308906446e+00,-7.979367778407228329e+00,-2.097486589199056617e+00
8.236090226971287009e+00,2.340180528339582011e+00,-3.606760669627016469e+00
-9.455679828592167269e-02,-8.253129593597721581e+00,-4.994023802824671066e+00
-9.552618160056825403e+00,-3.563879360149394770e+00,-1.399177034707802747e+00
5.163061795959205114e+00,-4.541611064122179187e+00,7.927536807442114863e+00
-5.901478861383581354e+00,-5.159680203919744912e+00,-6.643543556109303694e+00
2.016643175876036143e+00,9.654911152548129039e+00,1.969760142147860771e+00
7.971722481298442631e+00,4.761583805198970509e+00,3.269609739285083805e+00
7.112735921280993745e-01,9.037379338540045381e+00,4.751194497015530871e+00
-2.797356388570898744e+00,1.144717766353274602e+00,-1.003402258173244910e+01
-1.529001590559488255e+00,-9.543592506112004159e+00,3.626121866864016940e+00
1.296139826894101788e+00,-9.725070594549251268e+00,6.697640705296205033e-01
-9.249142441935095604e+00,2.164733885676982439e+00,-2.287878295057832467e+00
1.996895648441933790e+00,-5.340903121031471912e+00,-7.472506596249342437e+00
1.037947846109097938e+01,2.268380256305575937e+00,-1.877365941565864560e+00
-2.316862192425587441e+00,-1.050527558473476475e+01,3.266496723652023704e-02
-2.544418642642442219e+00,-1.476319837320686279e+00,1.006468454393415257e+01
8.152567232748979542e-01,8.508183771810342577e+00,-4.606181745248250081e+00
9.742058550838306186e-01,9.919715277657164876e+00,-1.864859569389429872e-01
-2.609969839033539074e+00,-8.676679477122675621e+00,-2.388278338178658089e+00
-9.337684215060642501e+00,-1.727271852416609521e+00,2.678320949336838286e+00
-1.049746276872723261e+00,-3.637944385607445597e+00,8.878119981810289829e+00
-6.864602032879741245e+00,-4.086259135224882932e+00,5.324111926882689083e+00
4.336472614089357691e+00,-8.816364068749056315e+00,3.334730641649632510e-01
7.530722272766837699e-01,9.802413249524107641e+00,-5.993710003485021032e-01
-1.101499202076878570e+00,3.139572674200423297e+00,-9.191136881868205322e+00
-9.460250602966265632e+00,-2.702355974450586729e+00,-2.875896998577594843e+00
-4.966180194640265277e+00,-4.497903768332944807e-01,8.631197368921124990e+00
5.763711744799542291e-01,8.654503808636523132e+00,-4.460846954609337667e-01
-8.381548106637518813e+00,-4.446628478408974239e+00,-3.182183458118542418e+00
4.073855209986062320e+00,-5.664245450677898752e+00,-5.333468907057035580e+00
5.792255086616179938e+00,7.539447085917393210e+00,-2.322213327888011936e+00
-6.704051468895207755e+00,6.464430940751536347e+00,2.521696225689803672e+00
5.287787238446041371e+00,7.242087280572324204e+00,-1.943508942994537358e+00
8.028578970379466995e+00,-4.967896702609174930e+00,-3.372454638477069722e+00
4.768010301003280382e+00,3.062730073968088274e+00,-9.619658702029820319e+00
5.642698863229757222e+00,-3.006759396942633611e+00,7.299627421163548568e+00
8.885726970833326410e-01,-5.250578229989677936e+00,9.318826858717597972e+00
-3.411250984773718464e+00,-7.837813242004320280e+00,5.086801454975616643e+00
-5.851455374837820855e+00,7.985818587237032418e+00,2.206192953488224084e+00
-3.160778266372558765e+00,8.114276221699981306e+00,-3.778084032784494006e+00
2.380855659634933286e+00,8.255201893364171539e+00,-1.425510630539417845e+00
2.600548823417199173e+00,-2.499834395540449616e+00,8.959234481912856651e+00
6.767405702639853082e+00,2.949091308017512958e+00,6.246665869314055541e+00
-5.728438170594138512e+00,-5.464739198008137233e-01,-8.730241354662403808e+00
7.612108937412193299e+00,-2.730881502927670290e+00,5.091629035184802810e+00
9.427967452533209780e+00,-4.444857371189454120e+00,-1.332275460915357090e+00
4.469477581847177916e+00,-8.633072872895001026e+00,5.940671398503264422e-01
5.058027700712507624e+00,-8.195759062046237275e+00,-2.474457549789837785e+00
5.200509646076776349e+00,6.814101045163091008e+00,1.155862910283775635e+00
5.114789117408759189e+00,1.860489950277843807e-02,8.461264180496399945e+00
6.993373590412797824e+00,6.726908576490492564e+00,-1.902511983787608996e+00
3.225909519871521525e+00,4.768705428723790107e-01,1.038073355909604878e+01
7.090326668913755626e+00,4.411991816446687587e+00,3.751692012905353923e+00
-9.180316389876356453e+00,3.473099402545090086e+00,9.780719563551923956e-01
-7.633241492605562506e+00,6.226136440811435024e-01,6.058476136436357073e+00
7.569507490760106094e+00,-5.070712498497657705e+00,-4.629607788453171224e+00
-9.596770884125636059e+00,-4.155452882594832253e-01,-1.091612688183768887e+00
7.098607827632995360e+00,-8.020964769862194643e+00,-8.075190896177421029e-01
-7.211974564787205111e+00,-4.685527720293544363e+00,3.074065664429304956e+00
-3.632686538457977621e-01,5.467649173527416195e+00,8.534667528401914893e+00
-6.344376303061286748e+00,-3.803684435133042108e+00,7.136162375050123963e+00
8.995105622834019599e+00,2.382403116297025392e+00,-3.311370307820925785e+00
-8.854399039329951648e+00,3.844649611141304657e+00,4.849163947154598864e-01
-9.939257436500597009e+00,1.081126994337050784e-01,-3.893852725153940320e+00
-4.884089570593015850e+00,-6.287564482990819492e+00,5.414635742010436736e+00
-1.157694029842102346e-01,-8.243224514826390958e+00,-5.293639075673547190e+00
1.596056234219576542e+00,2.610528336896841495e+00,9.428824840851984135e+00
1.401230814256109625e+00,-7.231150177320564865e+00,7.236180107502570458e+00
3.213695911586613274e+00,1.017934633234238007e+01,-1.640780135813207030e+00
3.059977048260222876e+00,-9.527639629233830121e+00,2.821628318821194359e+00
-9.068370059002788253e+00,-4.409721951667069817e+00,-1.602192950916764724e+00
-6.163871006209697967e+00,-3.388452121088286972e+00,7.272977954861385541e+00
-8.425254919506818041e+00,-2.452521711574060959e+00,-3.812103454207926401e+00
6.667615083483916294e+00,-3.585963276693941104e+00,6.730534142748269666e+00
4.633750577253974434e+00,-1.604016639776741249e+00,-8.334081886873789813e+00
7.357299481819385534e+00,-6.015934830537746691e+00,2.660308250850443201e+00
-7.245016788457648182e+00,4.513597555467171674e+00,-4.823010536194962228e+00
-2.700364805283334224e+00,-9.260440407018924347e+00,-1.970670823967888508e+00
5.111086928270111684e+00,6.600673719349883228e+00,-5.566375395385239955e+00
-9.746037080999316871e+00,2.941520980730174539e+00,1.735506161242460710e+00
3.894707338016925924e+00,-7.573652090918456814e+00,5.775811119394708371e+00
4.053658848699113193e+00,7.482320894246985432e+00,6.208652728561838252e+00
5.429068768248109578e+00,-7.074065541160598158e+00,4.856378259464262825e+00
-2.118551484895547787e-01,-8.984336459545754217e-01,9.299522780760053564e+00
-7.984202557126877764e+00,-5.376493239700700144e+00,-3.593661343285047938e+00
4.613526826226639344e-01,-2.547154570206382473e+00,9.965668205780968236e+00
-8.781406930987747828e+00,2.381687594953200371e+00,1.353845974417466680e+00
8.814578523620236750e-01,-9.848348948841382011e+00,-2.107280580834974604e+00
-6.629068339460294723e+00,-1.703249081547940857e+00,-6.389625647639398665e+00
8.383072685517282352e+00,4.428187451094681037e+00,-7.024789443831460645e-01
7.565156440622275547e+00,-3.083254829206743874e+00,-5.524792396740766165e+00
-7.601498543533281804e+00,-8.502803595923218438e-01,3.061908113048611213e+00
-2.053247990635009845e+00,-8.915954236755164075e+00,1.697841390425175012e+00
7.899613507492238007e-01,-1.910330618905753841e+00,1.056678443429190217e+01
4.039613874371469571e+00,-3.244626426488789406e+00,8.646094216379792030e+00
-1.412925652226310946e+00,8.504517220715097636e+00,-2.988113131031222558e+00
9.944782381737784505e-01,9.571620297979446690e+00,-4.103683227919357357e+00
7.070848482958683512e+00,-6.366858111424598121e-01,5.748260779481980443e+00
-6.359313844772174207e-03,-8.624321362671631519e+00,-4.839218546676018917e+00
-8.695383261454214363e+00,-3.336822035267596132e+00,4.586239480377626521e+00
9.929254686771297855e+00,-3.523800027355417086e-02,1.526120394519037582e+00
-6.006442307684963566e+00,7.162121768333541638e+00,-2.812214253931397678e+00
7.891241593330585502e+00,-4.337634994111421172e+00,-2.920282712949098247e+00
-6.892905973223176552e+00,-1.170252298399395485e+00,7.986293951038566874e+00
-2.874067332454579571e+00,-5.972413159834879082e+00,7.639026389975922982e+00
-2.802866318166494342e+00,7.948077072209429161e+00,-3.244196769110428313e+00
3.618555772931651759e+00,7.873020916693632465e+00,-4.431861867600072280e+00
-5.571373558851039576e+00,8.944872505872067947e+00,-1.124766243016499301e+00
-7.499527215595243046e-01,7.559630968608471946e+00,4.535809826688197433e+00
5.772043544379258151e+00,-7.821334724182176679e+00,-7.354010498305219024e-01
5.256852889943918861e+00,-8.890137691491769578e-01,8.520185091988990322e+00
-2.517620789735408593e+00,2.254127907925753682e-01,-9.151964830179320387e+00
-6.607208399566541601e+00,-3.640990113005582174e+00,5.348976324652498171e+00
3.932087253468601329e+00,3.239876886845129533e+00,8.961750042776047920e+00
8.459522973378991395e+00,3.789270958553053070e+00,4.250183723739420216e+00
-2.116575762300659580e+00,9.423512902734760388e+00,-3.645258762185070722e-01
-5.264168958745500504e+00,8.622276491883086535e+00,-2.320255236240311714e+00
-6.791636666736775574e+00,5.102963662003450196e+00,-3.473854599908999585e+00
4.864328471132289167e+00,-4.157413628897973723e+00,9.094643182840391304e+00
-9.445681730549559063e+00,-2.493893006661425549e+00,1.710784523687168823e+00
-6.144008014389043204e+00,-6.428290962487295701e+00,3.340108660018019648e+00
-2.812945141866641130e+00,8.592508447440199149e+00,-3.288366965458342506e+00
4.736270819938477317e+00,7.912246218225863714e+00,-1.747537834317133942e+00
4.718188065230542350e+00,-4.175216942439669232e+00,7.149432791815085508e+00
2.894182764776331407e+00,-2.082350788264711205e+00,9.194668785153979229e+00
9.454361626070479474e+00,-3.827053009911288495e+00,1.093108609798181696e+00
3.919236896314637897e-01,6.968875663906545448e+00,7.383520749785752457e+00
7.209680689535430176e+00,1.836122228444668547e+00,2.960123059460756156e+00
-1.247813427722304525e+00,-7.897781945197945852e+00,5.102866296083143460e+00
-1.490550485799175373e+00,-9.525925284223617950e+00,-1.970325561594583830e+00
8.249336818834761331e+00,4.324475929340277247e+00,3.522712501180552458e+00
7.459754645880416035e+00,-1.020884220261929265e+00,6.589750603936823659e+00
-8.955473578152389535e+00,-3.733592693660058082e+00,2.182873200362923871e+00
-9.935132105932055424e+00,4.060351061361284764e-01,2.505020055860461170e+00
-6.950610191598497245e+00,-6.849600012808446436e+00,1.558117318747741287e+00
-2.714842612690488544e+00,-9.339512341067306878e+00,-1.641850891333121343e+00
-3.335905194705842902e+00,4.566433167206048083e+00,9.839986888272520105e+00
1.014316239429554045e+01,-1.354751643127289240e+00,-1.746107625338731428e-01
-2.638839631288727894e+00,-8.209612372262379054e+00,4.641531235221461493e+00
-1.409805811767137929e+00,-6.366690372889613592e+00,-6.127733930978261689e+00
-9.131060244622020150e+00,-5.285446695415707552e+00,-1.551757023184495932e+00
8.747985251316798383e+00,4.245974023670113340e+00,-2.335861563334265867e+00
1.023958231140976238e+01,-4.658172265340465579e-02,-1.792487684168546092e-01
3.517209821356772181e+00,7.809595354653295907e+00,-3.110651712925943446e+00
1.271129430127289961e+00,7.936857907274807999e+00,6.292328871856083694e+00
9.787200954706577249e+00,-6.682607933707562786e-01,-2.488124481257746545e+00
-5.766098793101069653e+00,5.416106533511632293e+00,5.682440330161945496e+00
-4.132365599312051607e+00,-4.664284074848590755e+00,-7.539472249616425259e+00
-1.022581123102845213e+00,-9.367254435261232359e+00,8.213099364749439912e-01
7.311637687120123630e+00,6.420763450529715755e+00,-7.836547866416943009e-01
-7.310833880030352283e+00,4.086740259105610396e-03,-6.245384525163714784e+00
8.378637356718339646e+00,5.690763297914241292e+00,-2.047919310352860123e+00
-8.276473225723355753e+00,1.581982998637232241e+00,-5.214694301290075273e+00
-8.702459182686025585e+00,4.013799677142439570e+00,-4.519125750130110752e-01
-4.795645702917222586e+00,7.734572744557326907e+00,3.525951860312687813e+00
1.232905953107861219e-01,-8.729682898067117947e+00,4.832488470581423279e+00
1.155531709943976360e+00,-7.553088118133180373e+00,5.939460063594109052e+00
4.097066445605380025e+00,-8.265782270253508202e+00,1.058366288700294255e+00
-2.399858284932696151e+00,7.379718404223319261e+00,-5.738692728018075506e+00
1.366789034554380278e+00,-9.952096251352767098e+00,3.234627317514544020e-01
-5.392034800602072409e+00,6.047941063253429839e+00,5.369215123694444536e+00
7.535630654532702977e+00,-5.979314706257378376e+00,-1.328056934773995668e+00
4.223818760938449657e+00,9.324269167255204493e+00,-8.197963965696725142e-02
-4.220123609827059141e+00,-9.158413174127648659e+00,-3.036666259986081640e-01
9.552835957758834540e-02,-7.960088443402338676e+00,-5.083210482139113751e+00
-9.592448192176160404e+00,-2.547506610647491954e+00,5.534666277123097444e+00
-4.422140491616116442e+00,4.198047113466839342e+00,9.095260678810802801e+00
7.090392618559800297e+00,-5.203257214014794130e+00,2.285581435756707247e+00
3.255508383609391210e-01,9.977671386695840638e+00,-5.565904156142200687e-01
-7.440970434032046832e+00,-7.319186882913812475e+00,7.274026208663946225e-01
8.423463088731178772e+00,4.917966014066699643e+00,-2.958548931024851836e+00
6.761050617624861481e+00,7.222596280424033566e+00,1.060301983361055633e+00
-4.835599310816542484e+00,-8.369926835601093629e+00,2.723424170399324495e+00
-8.177769766430680320e+00,2.318389068734536984e+00,-4.572534197053589544e+00
-3.722774534349847730e+00,8.166502187524368850e+00,7.630437258479718654e-01
-7.140108631227293223e+00,1.672620716812826869e+00,-8.310464112308173057e+00
-2.028541398031667775e+00,1.837322926120527278e+00,9.655219286563285763e+00
3.804012075404920701e+00,-9.095122236134535854e+00,-1.803904803459611017e+00
1.048225493049965529e+01,-3.709409641186282247e+00,-1.478782846089955028e+00
9.499439243256521337e+00,3.001814103490600516e+00,1.680973920607590211e+00
7.845508175963421316e+00,4.524690199205742225e+00,-2.227167021600003238e+00
-2.386927033402302722e+00,6.257289212322170613e+00,8.337594201600955657e+00
-8.287027584323247709e+00,6.227754081790811469e+00,3.262723838053640524e+00
3.897361576435079744e+00,8.727333554779930225e+00,3.466578280688286995e+00
2.765216844495773429e+00,-8.992031220940575054e+00,-4.260986595208527739e+00
6.109698417179854069e-01,-2.259144176086483657e+00,9.299390252815806335e+00
4.451709110666609015e-01,-8.542871512516866161e+00,3.958871773696118979e+00
9.910764489301213231e+00,-1.027344343987058872e+00,2.484847435253088044e+00
5.809183838600621153e-01,6.506894227940785314e+00,7.700369460466447435e+00
3.073588851070377270e+00,8.472408616250332258e+00,3.508023214555885172e+00
7.267013246260574100e-01,2.913555778712269895e+00,8.669716512038849743e+00
4.973692088213758744e+00,2.743467363925082836e+00,-8.252860625547835838e+00
1.805617442671273887e+00,-8.777733005707787584e+00,-1.446936761309687736e+00
-7.806957214631401243e+00,-7.204643684961363981e+00,-1.329249048019622181e+00
-4.763400696677191348e+00,7.960282787984873210e+00,4.260818457550972660e+00
9.074195246746379340e+00,-1.338767274411207353e+00,-2.777824844890512068e+00
6.614339227762204843e+00,-3.034357840424097841e-01,6.864206310641357334e+00
-6.432115639641078353e+00,7.793443144001430678e-01,7.127622077375932008e+00
-9.414057536428671824e+00,1.082669248840040233e-03,-7.801588611544724161e-01
6.909786688583158920e+00,-2.744193299525704344e+00,-5.492919337940182167e+00
4.533987387857304263e+00,2.765446178882233319e+00,8.499213748250864953e+00
7.065837600039964528e+00,-2.055001990672443934e+00,6.454846910515674274e+00
8.437175378906580647e+00,2.238130034239723898e+00,-5.417648419324265774e+00
5.789250158061852503e+00,-7.181920347609038302e+00,-4.212861577120722067e+00
-5.589604802032809516e+00,8.464470444771446722e+00,9.588533238626255617e-01
-7.034064446908781854e+00,2.709274080314122202e+00,-5.731522341792967268e+00
-5.030036772277986401e+00,-7.874246239889459709e+00,2.350949277019383388e+00
8.042990339969977143e+00,6.055752516931391050e+00,4.240413761041343932e+00
6.142217323485638758e+00,5.931152289028058355e+00,6.239664616422116339e+00
7.099637158099351808e+00,-6.038876257514775858e-01,5.977766125301257283e+00
9.641976465311280720e+00,2.615476243127265121e+00,-1.766123923743827540e+00
-9.406698615647648865e+00,-1.449729805351131384e+00,1.679987754672400246e+00
-4.476324216342065121e+00,8.310933121141417246e+00,2.140165576796373870e+00
4.918030796408835670e+00,-7.581980924410740563e+00,-2.205036073955696896e+00
5.274032086661097907e-01,-7.585760910766387255e+00,-7.744792537581457914e+00
3.988113345482448224e+00,-7.409187278023064982e-01,-8.674511237088612603e+00
-8.161557344099424682e+00,-1.709242526190931422e+00,-3.063773040817023396e+00
-8.362214822747052523e+00,4.690109782932477600e+00,-1.167839690313076773e+00
-6.236857715282622117e+00,-5.730213302111476281e+00,5.760990776908458066e+00
3.231674385462998789e+00,8.110801441036295856e+00,2.412508684010462368e+00
6.296905921677018014e+00,-4.387861047751147048e+00,-5.251304256008895166e+00
1.608085994225951332e+00,-7.197353836543830541e-01,-9.471415602363261854e+00
9.425898333636077098e+00,3.568216647602244773e+00,-2.396329966788964594e+00
8.204456253003625577e+00,-8.619036585224477687e-01,-3.484536648677310389e+00
-7.783324231445940988e+00,6.008929956290830710e+00,-8.000235175150396394e-01
-7.926751095041959516e+00,-1.384238950546900604e+00,5.375425487813958014e+00
-9.661924171655785543e+00,9.643118215140054073e-01,1.261855531375121853e+00
6.419980752912788802e+00,6.728723779828279739e+00,1.510455461203090433e-01
8.141663325737599877e+00,-2.663420766043951282e+00,-4.300983270526078428e+00
1.890560966057665659e+00,-1.098190895137735978e+01,-2.711522584765234667e-01
1.465772190511096307e+00,-8.563420915516033460e+00,-5.442799416589488182e+00
-2.122479749500510771e+00,-7.257082763557466620e+00,-5.890477159436014354e+00
9.281229865247119903e+00,2.185116857924063738e-01,2.870749862251514628e+00
-1.966759805662876559e+00,-5.197103662002851898e+00,-8.348566272913299002e+00
-1.953575813927207694e+00,9.820825832970841773e+00,5.283256506899056681e+00
-4.727541078894437199e+00,-8.007526834053960485e+00,2.053225571940738625e+00
8.224872689095219513e-03,6.346049930565199837e+00,-6.814145223741762791e+00
-1.943412716295015663e+00,8.313429267485286545e+00,-4.096241425827083837e+00
-1.417009526709427147e+00,8.782571451266163010e+00,-4.593551847385560549e+00
-8.698407739679630879e+00,2.319463655564089510e+00,5.460693275106995870e+00
-7.430266550159030814e+00,-2.542737007023573526e+00,6.513239867124547722e+00
3.863668919796444001e+00,-3.235894361507245520e+00,-7.637531002186805473e+00
9.209175082165733883e+00,4.430900881990083917e+00,-9.259589474475624082e-03
-2.688442410654925396e+00,-4.529225523426447353e+00,7.497926299486701751e+00
-5.485760474071649462e+00,7.570987454333768518e+00,1.065445952375751570e+00
-1.467523941031469437e-01,-1.042583249965026226e+01,2.292039784572112993e+00
-3.924816578332098516e+00,7.489332275340585987e+00,-5.598330289112222857e+00
1.830126336200241566e+00,-8.854287001646044430e+00,4.827262745700524604e+00
-9.125514546347925915e+00,3.756655727036801729e+00,1.093102983672606499e+00
8.383344254756419645e+00,9.000773523301224266e-01,7.013282284783988629e+00
-2.573756843064954891e-01,-6.668234455669925786e+00,-5.800369592650471695e+00
-6.487308147925530122e-03,-1.027149247402006971e+01,-5.138188596820691956e-03
-5.623817897795546195e+00,-1.462305848755815818e+00,-8.026821435482977662e+00
6.600465227090902331e+00,2.362798766869153244e+00,6.817560177456849502e+00
-2.327069016641178378e-01,-5.542764906410253545e+00,8.504742989072912707e+00
3.897667271893869856e+00,8.612708232722003032e+00,2.334763882196666529e+00
-3.478515369366873333e+00,8.559225261638481186e+00,-8.830967079590654745e-01
5.872263349250651743e+00,4.359997909067203636e+00,6.535838982102996297e+00
6.003651098493353544e+00,6.123984053779747860e+00,1.637756372788983894e+00
4.078272092576781915e+00,8.283674522732125567e+00,-3.480925955884167866e+00
-6.653742668404892591e+00,-1.740352218607181811e-01,6.325139409072342289e+00
-7.052913148807409272e+00,-5.627305457197952165e+00,-4.976257552294667263e+00
2.454780730908845854e+00,7.622921009422615413e+00,5.936735327371593485e+00
4.133028031379114786e+00,9.476689684206448305e+00,-2.684901506776288471e+00
-1.260293297677962610e+00,-1.004633306448821983e+01,9.928227743150738194e-01
3.417621498212292330e+00,8.633160941673684974e+00,-4.699752864791626017e+00
7.016569751191710225e+00,5.986846855713471527e+00,-1.832820030143499590e+00
-9.299380512996464176e+00,-3.473483806766455295e-01,1.812364474089827038e+00
8.245774012836292854e+00,-3.481068638643016300e+00,-1.099724562010728768e+00
-7.738124831227656486e+00,7.128089978459548171e+00,2.298194690473914559e+00
5.347953447713914343e+00,-4.211843958861290815e+00,-7.094850585973498269e+00
-9.220213913478692902e+00,1.558750274694477689e+00,-1.249822243694605373e+00
-1.265222146578107942e+00,8.704836234319332178e+00,2.734146212895264050e+00
1.005691785644017244e+01,1.323515710779312515e+00,1.966321782288038555e-02
4.373439385351311159e+00,-8.046723214922078427e+00,1.885692754690448059e+00
7.734970042499633713e+00,-5.494229257949719170e+00,7.125056296271048417e-02
-5.268800910873546073e+00,-6.016041332643319528e+00,5.594728331698090251e+00
4.379829046996609243e+00,4.117261339361216521e+00,-7.710309617161052564e+00
-7.210572108044460471e+00,-5.789761403146570728e+00,-2.406428968269270996e+00
5.641690649665945578e+00,8.471624083747277822e+00,1.352654888412021750e+00
-2.619139883905948096e+00,-8.647868844073975936e+00,3.881672575608067000e+00
-2.939348452159939562e+00,-9.110103874260936152e+00,-2.072257862082041324e+00
6.395145732007601502e+00,-6.586345248522667895e+00,3.496022933798896393e+00
-3.372501592488272859e-01,9.553370246918262865e+00,-9.686493872312927911e-01
5.830720068270352385e+00,-1.008809055053342396e-01,-7.654771549064922631e+00
-5.348100502924626909e+00,6.638721703716219835e+00,-4.699274672885653814e+00
8.517443553336114803e+00,5.162503195642614173e+00,-2.397216930257429546e+00
-6.942937846280491598e+00,6.943628036262287750e+00,-2.942995187191576045e-01
4.800064353635768555e+00,8.090138974340225886e+00,1.224241873759188137e-02
-2.153519260713890215e+00,-9.253103125732479839e+00,2.540293468931127396e+00
-6.475803364531829587e+00,-3.345917425505221532e-01,5.939580509576013689e+00
-1.014535445684195736e+01,-8.561283469832301485e-01,-2.942182844170093237e+00
-7.962572071046714939e+00,-5.620261299229031060e+00,-5.283647525859669347e-01
2.396542771715514775e+00,2.449158148272374991e+00,-9.224320803077544539e+00
-7.023368558396251515e+00,2.575908244881641718e-01,-6.429159400735874996e+00
-7.497702537923846222e+00,-6.124942844600155034e+00,-3.852617994713683824e+00
-3.346536171948090832e+00,-5.094753174090928205e+00,8.193768165803412273e+00
4.301724224233680616e+00,-5.183952595184091017e+00,-6.256773837172418418e+00
8.878509146756169201e+00,3.247174401320580550e+00,-2.057331475084990036e+00
9.879649685613062005e+00,1.377087905170104154e+00,-1.678165549342469642e+00
1.029939333216787567e+01,-5.710577696767034084e-01,3.033547972058452391e-01
1.036100074123325854e+01,-1.228693706401099428e+00,3.511012048030375809e-01
-7.965131226367867967e+00,3.850801318802781203e+00,-3.214254022296036073e+00
6.810038707550966741e+00,4.036897282660528496e+00,5.762849197307319038e+00
-1.187249975461179607e+00,-9.184206758569528617e+00,-1.563531247405457680e+00
3.323597033537531331e+00,2.955106730704474494e+00,8.037300847225120393e+00
7.693162997796645364e+00,-5.768670770179046059e+00,1.911657883779005918e+00
-2.172288545672507176e+00,2.102574105448863584e+00,-6.574643991535659815e+00
-9.461084989497010156e+00,2.201817012265714357e+00,5.073255496819733423e+00
5.453467625919850903e+00,7.774840234917679282e+00,-2.716958084798011708e+00
7.682743573450348862e+00,1.443009597213174011e-01,5.938064159945636078e+00
-5.351027107281318251e+00,6.973672268184580858e+00,-9.518111698723967784e-01
-5.045767318102670984e+00,-7.767029289130129577e+00,-1.731064332531202066e+00
9.211791351007665440e+00,1.906548870262436246e+00,1.456670045274976566e+00
7.357510747351819980e+00,6.324707293254420826e+00,-3.036645528746606537e+00
-1.025883934839526290e+01,2.114224088587697281e-01,5.409908076746720695e+00
4.695834447953792790e+00,-5.558443118544672323e+00,6.423380193115918679e+00
-4.410125552760021606e+00,1.016729657497639927e+01,1.364022072902896454e+00
-3.147547439689430515e+00,-9.063712556410497001e+00,-5.609643674929023938e+00
-9.136437385838858560e+00,-4.381597174841355802e+00,-4.446157968707487029e-02
-9.540455405263937649e+00,-1.917012374515888240e+00,-1.851803841156797414e+00
5.231206055802758215e+00,-8.912275319386120387e-01,-7.867070017995720477e+00
-9.944878332027858647e+00,3.796117138830023663e+00,1.996105307703928133e+00
-3.149470329142221914e+00,5.965819545917556255e+00,-7.508070932097060002e+00
-3.638183731930690001e+00,7.679386242690959818e+00,-1.524257658102360580e+00
2.960736563746808159e+00,6.930662290973614859e+00,-7.128575276909761449e+00
9.342663642326636264e+00,-3.482879352052712374e+00,1.688845506668074314e+00
-7.411780933943639127e+00,-5.934462304767658125e+00,-1.345768420093630180e+00
6.753619367740017587e+00,-7.327721560992495498e+00,-2.304017840697557773e+00
-7.335984517499107405e+00,-6.548851217386313373e-01,4.924879185963729533e+00
-8.621743179128927181e+00,5.023414025620213330e+00,-3.311372117468220466e+00
-9.335572756550462259e+00,4.322288586967850677e+00,1.005821280407342755e+00
-7.995708211300106560e-02,1.072389907144611243e+00,9.421749863590859420e+00
-2.990620318983070902e+00,-6.563598673829929453e+00,-7.604780576491577904e+00
-1.747893815396038830e+00,-3.006759121768466159e+00,-1.055702444317348210e+01
-9.143820973650500505e+00,9.762386690335078665e-01,1.193295639358884941e+00
8.577372216938126570e+00,-6.398151784742551751e-01,-3.129503110637840813e+00
8.572086594859374742e+00,-8.391085125657938848e-01,-4.659806831229362345e+00
6.091350331512014549e+00,-6.931901680871136229e+00,2.836648824306977623e-01
3.224799116726657644e+00,3.805262808687886356e+00,-7.167225540163762787e+00
-1.061021511809274454e-01,5.775091994936937034e+00,-6.135989133263690221e+00
3.379626899740486135e+00,-8.001865238614158216e+00,5.473551829626616794e+00
-3.810064731566413343e+00,-3.991428921979704114e+00,-6.823217047849034600e+00
8.432121787551038139e+00,4.425628689018841655e+00,2.969337156141158118e+00
-5.320467472396946285e+00,7.579158378721214895e+00,-2.402010860805180226e+00
-3.835907212512153830e+00,8.849661282069900992e+00,-3.946984132173595672e+00
3.142313626152408279e+00,8.369209044921932517e+00,1.572807034347771804e+00
-4.285208882451642332e+00,-5.494560954718110679e+00,5.973013128952986861e+00
-4.432837341729619851e+00,8.411935746848719475e+00,2.215897335766300991e+00
1.316739488619425025e+00,5.828248889335309713e+00,6.696192056166848872e+00
-3.926125339771041833e+00,9.174429467136201666e+00,-1.310300167500055402e+00
1.202138811333016921e+00,-8.557079069537028460e+00,-3.221652850010086055e+00
-4.780391114456156387e+00,-9.990818465876206034e+00,3.611872017883097641e-01
-8.974796517438740295e+00,-4.420071793369313440e+00,-2.062119480541911631e+00
3.971675632435179626e+00,7.074961406583355483e+00,4.789928125356024857e+00
-4.797541199527740829e+00,7.138638147896733344e+00,1.850264787058167437e+00
-1.471613128842923945e+00,-1.030869832448059675e+01,-1.237238660836330606e+00
7.608704709394902288e+00,-4.394950480981647090e+00,-3.920200568224163074e-01
-6.705548525676443550e-01,4.467353123718280195e+00,-8.236601762723658737e+00
4.220820054882775674e-01,9.609136293573540044e+00,-1.572170131433220375e+00
5.114589552731446886e+00,-1.056751716389793394e+01,-1.208496623004341464e+00
7.951008919010676301e+00,-2.301844951160525454e-02,4.908063428766459069e+00
4.704075893056828050e+00,5.213320270934755030e+00,-6.936983522758461973e+00
1.059245106723741259e+01,3.231156868580015384e+00,4.339001587785970671e+00
4.479594698999161295e+00,-8.744587248984716510e+00,1.026651658349845953e+00
7.126956715230481354e-01,-9.645274052697397238e+00,3.402703088451097813e+00
-4.429413362801333243e+00,4.071738069644903035e+00,-6.805034404295203565e+00
6.454528111663087486e+00,-5.650280935986550901e+00,3.949151272131505408e+00
-2.553772054020216675e+00,2.272689493236691227e+00,1.003802253152666424e+01
3.658573679518539734e-02,8.449008794787919996e+00,5.373138330571764598e+00
-4.949258151421057406e+00,8.208456782884089975e+00,2.118147795626255103e+00
5.608299354793772729e+00,-4.693512613120873311e+00,-7.643601961607827455e+00
9.973065420402146941e+00,5.161258488510163112e-01,2.604272026599133039e+00
9.767511467127871327e+00,3.207419086623694682e+00,4.234808794064679027e+00
4.835090354964820314e+00,8.208219538966911699e+00,-3.234610070696000150e+00
-3.353341791954333573e+00,-1.013189042303027954e+01,-1.071636063241515613e+00
-1.395104745463617402e+00,-3.860987660522064324e+00,-8.841150239899855379e+00
2.405864873645698676e+00,-3.813455573492511075e+00,-7.886170862893897571e+00
7.370068562878971719e+00,5.859402503420353625e+00,1.199127429164379421e+00
7.128529094970725843e+00,2.716943027410344325e+00,-5.248413727781199967e+00
6.266143065002750534e-01,-1.036436446268915290e+01,-1.754290767072381074e+00
-5.623771030196983212e+00,-7.352574589222470536e+00,4.227590250939321059e+00
8.361762758480473678e+00,4.101983302715722424e+00,1.750482814862923231e+00
-5.669772390834960873e+00,1.600394887371346941e+00,-8.936944311150275766e+00
7.713997718596872222e-01,-9.641438684972205575e-01,-1.064044966027347883e+01
-8.660189854308502078e+00,2.491633234744403680e+00,-2.461455171407599618e+00
7.815515405204566335e+00,-7.020389620508000306e+00,-5.170991367945241279e-01
2.523093734523748299e+00,8.762078941554902300e+00,4.067067733486515735e+00
6.728906439606530121e+00,-2.555346700795899206e+00,-7.104776527502697725e+00
6.433350146458801433e+00,6.686909523519728005e+00,-9.656016970364698082e-01
-2.654952070458668878e+00,2.274320220144756544e+00,8.779452070021678267e+00
-1.455457683066579078e+00,1.069749216576409800e+01,1.530820824335184627e+00
-8.719244430982342919e+00,2.567865301999938676e+00,4.758227143965296335e+00
8.543304533664517919e+00,-5.930464725993948250e+00,-1.433919481285075737e+00
1.528545852492242174e+00,2.213829103610498894e+00,8.414702626762036175e+00
3.964772749290421672e+00,7.832745695356638116e+00,-6.623621429068243804e-01
-8.103195295580809088e+00,4.950405203964215239e+00,-3.524795004550630995e-01
5.110398131318702575e+00,-7.949316161984538276e+00,-1.951159108382951368e+00
8.333468496502691725e-01,3.701044896758027392e+00,8.912149085397942372e+00
8.935733205518594957e+00,3.100061196405309083e+00,-2.407707178693965222e+00
-1.914265181888453959e+00,8.216627180101159666e+00,7.757102078949570378e-01
-9.234371858569758729e+00,-3.476272963017222217e+00,3.136975663636933920e+00
-1.439521475463032996e+00,7.380641056658195254e+00,6.054186998635916694e+00
4.236255053145231431e-01,1.010222369110763019e+01,-1.926141637335261336e-01
-5.521799661662530667e+00,7.165139422071511888e+00,6.190696638830738285e-01
-7.799236446017946633e+00,-7.426812906549814519e-01,3.117486072080580595e+00
7.357098506416619443e+00,-1.602828261743687532e+00,-9.338768857844058857e+00
-5.070179931951010133e+00,7.626268182600349554e+00,-3.600172896500780428e+00
1.902524564917375871e+00,8.769584818176303642e+00,-9.466460461532799631e-01
-6.852130477588963764e+00,6.134477273362309191e+00,-2.829965143018161378e+00
-3.569951451909646245e+00,5.463030230360731210e+00,8.478783046709768456e+00
-7.881180094442184370e+00,1.658498539096071811e+00,-4.992035799629693571e+00
-4.425578897891269570e+00,-8.418881632747503119e+00,1.841363365098314997e+00
-4.306444829605869273e+00,-8.273658180304156673e+00,2.145227145246627332e-01
-5.623014516540230545e+00,-8.236680706958411591e+00,2.874209758941919990e+00
-5.660800416861500928e+00,1.388499928474716594e+00,-8.972372313334213700e+00
-3.094352265976652028e-03,-4.298526391067683861e+00,9.343478276331500965e+00
-5.923946263961412662e+00,1.533274801429490797e+00,-8.127614138540224076e+00
-6.902690721209993718e+00,6.526658649174757798e+00,4.315383122559780738e+00
-8.828675828015461136e+00,3.754597361867858307e+00,3.225470871682219354e+00
3.893592104784899810e+00,7.087794812714255599e+00,3.300961148577425064e+00
-2.890776249073333304e+00,1.136957261726821322e+01,1.826020766162953279e+00
-4.947059621049876732e+00,6.900602495561574123e+00,-5.990256390508442053e+00
3.260610797333882704e-01,4.961592974875835615e+00,7.068080671154358896e+00
-7.134161889241639187e+00,-6.513819325020088868e+00,5.380085399759046982e-01
-1.821297398944725865e+00,-8.937730522072182993e+00,5.777682120835003765e+00
3.829120703208009679e+00,-5.682298309809762138e+00,8.445888612135311391e+00
-7.836474368542408975e+00,5.266962532695321997e+00,2.170364289782139799e+00
4.387775421232475104e+00,-8.251106134670376235e+00,3.845115689707271578e+00
5.351902355277338152e-01,8.638381648484594777e+00,-5.930726794999104712e+00
-1.112169029921780172e+01,4.273050480356244130e-01,-1.941215264778204386e+00
-3.225277663196660427e+00,5.013417401598137424e+00,6.891841958623085240e+00
4.838334276529860034e+00,8.645456484111331719e+00,1.597230521838846728e+00
1.074815035692713394e+01,2.813652931951853731e+00,2.126772242955472514e+00
-1.022601729635804801e+01,-6.898634268627348298e-01,1.753387720061698518e+00
-8.435685771184726178e+00,2.719502075748239101e+00,1.485340489528419017e+00
8.129106264260861359e-01,8.557807991810269854e+00,-2.822043085913437110e+00
-1.391406934731287404e+00,8.545161082732965596e+00,-2.865992315434158666e+00
2.342175023445842275e+00,-5.712290029806405656e+00,6.968964933540761741e+00
8.617382634029615573e+00,5.840363941019556471e+00,2.103177837265158168e+00
7.838021754320770640e+00,4.095679672407056771e+00,-5.313008588344832361e+00
-9.052504499308945185e+00,6.835021746500468121e-01,-1.026794754193834258e+00
1.376439136294175247e+00,-8.940182774290747147e+00,-5.300189525512530864e+00
6.461182961281385140e+00,-4.065341734094743309e+00,-5.664734420595078923e+00
-8.123350208574979803e+00,4.368549373326624519e+00,-5.559005141681133688e-01
-4.175634241926458934e+00,7.934606654062896780e+00,-3.556444297743465377e+00
7.069290465053466477e+00,-7.352404897028054442e+00,-1.033950342551329449e+00
7.383428189204854775e+00,-5.777656651351631645e+00,1.228348999245475026e+00
5.251087275167761526e+00,5.627893254793680633e+00,-4.143988301288868747e+00
6.383086298022583094e+00,-6.337421322049282324e+00,-1.363522701986106034e+00
9.188199106266049299e+00,3.854316362513879213e+00,5.405553704410822391e+00
-2.359245613776461692e+00,4.181422304740563867e+00,-8.037208697881039754e+00
-4.278626459270527427e+00,9.183697003861166053e+00,-3.552723649562611330e-01
-3.530003514709187051e+00,-8.287540842389361728e+00,-5.912643661837657660e+00
-4.510241640209210701e+00,1.027392474132122580e+01,2.992521053658689478e+00
2.355726465198668240e+00,9.140083004949161705e+00,5.089654249573971612e-01
-3.497451706394353099e+00,4.772785808797059826e-01,-8.936284549390348886e+00
-1.023598212792440165e+01,-5.074986554132410177e-02,-3.436682334455689158e+00
8.200396745266823828e+00,-1.668446835193936550e+00,4.432296000366404698e-01
6.195348045013227889e+00,-1.100007508695775904e+00,7.702472308419141100e+00
6.702660564808733845e+00,5.652348619325543666e+00,3.093927479526062285e+00
-6.851816183605315302e+00,-6.943557586332491205e+00,-9.143362244649453352e-01
6.913591104618713734e-01,6.863134655131162276e+00,8.023761539073744231e+00
4.748119609170468713e+00,1.120180271740322198e+00,7.779584631316421195e+00
-5.465776755511738472e+00,5.150149939949928424e+00,-5.159896905456671234e+00
-2.264437223963382095e+00,6.054060874673375281e+00,-7.877520419807114038e+00
2.655294983056152969e+00,-8.566417122354561542e+00,4.746618743778292959e+00
-4.955915604855117174e+00,4.114815842169642579e+00,-7.541017460037026332e+00
6.847555279030341779e+00,6.864170932177281692e+00,4.335498213772681630e-02
2.098745140279833166e+00,4.965412893538700967e-02,-1.021998583529504856e+01
-5.169686652724918119e+00,2.578983432212098581e+00,8.340974101327333301e+00
8.973346397734880853e+00,5.365720912745754134e+00,-1.490181520077776822e+00
5.742413812495186676e+00,-6.957258623126179042e-01,-7.397546179009217404e+00
6.041277396483513584e+00,-7.980715890769467968e+00,4.103299494255456814e+00
-2.698611017628929964e+00,9.196908348754726958e+00,2.143177512512060900e+00
5.012059643552144728e-01,5.266896722824700561e+00,8.748496272639840754e+00
-7.219929350388277101e+00,-6.571730899505300982e+00,4.510706927845641867e-01
6.627119014041671363e+00,-5.930945594530504295e+00,-1.625607092272467469e+00
-2.444911514558557819e+00,2.128421142799272303e+00,1.086276605174133536e+01
1.869943865098893099e+00,9.329208639952840443e+00,-4.170644514173830864e+00
2.769539764822021688e+00,-3.337881125131517468e+00,8.764312441689899202e+00
-6.639863062711359731e+00,3.512826756864068312e+00,7.533784303701638763e+00
5.659161915393909226e+00,-9.667264102440604745e+00,-9.361464837398282279e-01
-3.351126335876962514e+00,7.545817513695060264e+00,-4.722125887881935213e+00
2.682527456294899526e+00,9.210981923056371201e+00,-1.331235027841735974e+00
9.062115454116557167e-01,6.100389914217239529e+00,-7.213368696349799158e+00
-1.763179022225574322e+00,-5.080293563765430065e+00,8.437649381880429900e+00
-1.088046565549822908e+01,-9.141547962466578525e-02,1.797980366858455525e+00
9.859668671751272484e+00,-5.257044966221258164e-02,-2.075911021963323222e+00
4.802509158549558954e+00,5.166466809805932314e+00,-6.972169403078308569e+00
-9.590073518467832514e+00,-1.361039722689627585e+00,-1.727080335028726488e+00
-8.595035480417369200e+00,2.965051984938107843e+00,2.604194469885294794e+00
4.983070026896568194e+00,-2.578157619555800473e+00,-7.063234474783589789e+00
-4.957285543144878126e+00,7.417552503064388070e+00,1.659410036130324340e+00
-1.059416577063235465e+01,2.511635689053471232e+00,-9.842815348438711531e-01
-4.224322425604572828e+00,8.371284083363550010e+00,-3.560428941877426201e+00
3.082475738199290660e+00,-8.916714110557496298e+00,-3.182506182868708677e+00
-9.060175817681990651e+00,-1.690638586984635650e+00,-3.663043338658312109e+00
8.732027677411931421e+00,-2.581665303693350566e+00,-1.959477848973534719e+00
-9.323126397826090539e+00,1.155600188001670414e+00,-4.171998676371892145e+00
3.690130398878397333e+00,2.702554423196884770e+00,-7.979063639233148209e+00
-8.698876384107245840e+00,6.232092816115169853e+00,-5.145513278123663881e+00
8.164858348479237193e+00,-7.253610058867180577e+00,5.876021757752547536e-02
7.685778871245461552e+00,-5.383467059081224804e+00,-2.135737424428429510e+00
7.752047805870574848e+00,-4.810815235148341529e+00,-4.363611321916954111e+00
-2.948964999918114227e+00,-9.607517646162627045e+00,-6.352013207886725299e-01
2.347185084713846681e+00,9.588255129031701074e+00,-2.044143622325520937e+00
1.073190901694765209e+01,4.574542083767585865e+00,-2.746927859590971188e+00
-5.766814119510183190e+00,-7.841672278788893280e+00,3.181366235297623302e+00
1.171835849990690459e+00,-1.024762226148262734e+01,4.672335461439749982e-01
5.123549063889603516e+00,-1.075232889516647994e+01,-1.793154834386567753e+00
-4.305522457471834818e-01,8.509882844828023707e+00,-2.576764770207740529e+00
5.461970789804360127e-01,-9.385781737567867822e+00,-2.432045596951416755e+00
3.654373242118275744e+00,-9.197958434522538695e+00,-3.999410339548275850e+00
6.982668209915751767e+00,6.536106736943379403e+00,3.057910053208773515e+00
1.437237513762979146e+00,-9.068619712475184391e-01,-9.952753335340801755e+00
-5.121914801156192354e+00,8.705831673201389620e+00,-1.237913408757092659e+00
-1.450451646641176762e+00,4.779408012204786615e+00,8.246566662777219392e+00
1.810643670056515664e-01,-7.907508066550072989e+00,-4.979750135543588030e+00
-8.764575896117337450e+00,-3.852429683364455570e+00,-3.592811997020076475e+00
5.764695133451837705e+00,-5.622790922893677212e+00,-4.853019838799465191e+00
3.547688201281302689e+00,-5.242483575727255207e+00,5.725371471329997242e+00
7.413024372875582024e+00,-6.995872013725043637e+00,-2.423723619708173072e+00
-8.805149271122127530e+00,2.169581679615383507e+00,-4.557973795310231502e+00
-9.635283314411529076e-01,7.903077849094915841e+00,5.399304126982984897e+00
-3.232586973314274470e+00,-2.060326878781645110e+00,-7.646411383291429331e+00
-4.107957882114523507e+00,-9.842754309490063136e+00,-2.969091512868530902e+00
3.657216702014325804e+00,-8.650448639787745364e+00,1.921653354510590272e+00
5.112911083128776291e+00,-6.211572970283870454e+00,-7.602007838779027971e+00
-5.644568542606505090e+00,3.510975936443495593e-01,7.598025229462863628e+00
-1.013631119716416862e+01,1.102835475702079959e+00,-1.446522715956206184e+00
6.133969476532245224e+00,-8.339478519131676038e+00,-3.457999275767593694e-01
9.860600234034063716e-01,5.512863750505238691e+00,9.005670149334306984e+00
-4.495855230182666418e+00,8.351048300526461077e+00,-1.374304380955422511e+00
-8.136372590234200786e+00,4.941808609854807521e+00,9.931846537530151231e-01
6.890297501191184892e+00,4.653077749169337807e+00,2.641461204572905341e+00
-1.013651830221123618e+01,-7.569214229558163254e-02,1.663263051513907742e+00
-5.774003548270194131e+00,-5.705519515297270416e+00,-6.013817587450187574e+00
-1.159417157359608763e-01,-6.654642761433471776e+00,-5.487726579035555829e+00
-8.063888225814862309e+00,-8.391670523334038290e-02,-6.358090037750897316e+00
1.725068126651762901e+00,9.464382437232407241e+00,4.219988058065673897e+00
8.711515487862131479e+00,-5.538281782358587257e+00,1.315150711254808868e-01
6.684100901597703981e+00,-7.525664642724463782e+00,2.879134738512183045e+00
1.022119009323481187e+01,2.509505637158127467e+00,1.404712605130032932e-01
8.318400164775733074e+00,-2.337291234535555429e+00,-5.665390287846225448e+00
-6.388997217326305211e+00,-5.131754646845381629e+00,2.735457236291139793e+00
-2.760399917657822666e+00,-6.032754706329702010e+00,7.412328772919583031e+00
2.185725979340674474e+00,-7.478919861217155907e-01,-9.019734629152356575e+00
5.628476133045730023e-01,-6.450626164655575145e+00,6.804579942807509774e+00
-5.071735568455202348e-01,-8.812755833452136756e+00,-4.848422742830085674e+00
-7.625264843811175197e+00,-9.843281713141880385e-01,-6.598444695751764399e+00
-4.109634926858938719e+00,-6.639505678650408527e+00,5.411625668051156524e+00
-7.526465126378814929e+00,-4.047401107132326814e+00,-2.561169121590281428e+00
-5.632160597791619594e+00,6.493434633352134000e+00,4.861163019593827350e+00
1.619443998203280222e+00,-6.124549018573125281e+00,-8.787107778773306066e+00
-9.489654048536001696e+00,-4.853502894225270037e-01,-3.026150783779671949e-01
1.071301757833050372e+00,-5.364564612822146472e+00,8.527763598301735470e+00
-2.990182397935915226e+00,7.994067521307107071e+00,6.079323665660272269e+00
-2.827663119844911588e+00,2.964120050568092246e+00,9.092327636886448516e+00
8.831475693777875335e+00,6.767141301527193065e-01,6.341379742316513912e+00
3.842293953981513965e+00,-8.055745463684518270e+00,-2.941191837592955771e+00
-1.647014365370073730e+00,-7.480991016249179282e+00,1.780464935084000500e+00
-1.003515812799231810e+01,1.457428852522005602e+00,1.484459363745966876e-01
6.912092817737364392e+00,9.024979872662951763e+00,-6.560517639730616413e-01
-1.193904933615001163e+00,-9.508996561492693900e+00,2.473539442380056741e+00
8.815746529248507102e-01,7.589366185234407425e+00,3.894597677262823687e+00
9.761125031296367993e+00,-5.500746424785853961e-01,4.249685621443253680e+00
6.253411346250362435e+00,-6.701503164743295216e+00,-5.428101057231970117e+00
-2.315653836046303482e+00,-8.178897194990971897e+00,6.138729177555632077e+00
-6.444674220602337300e+00,-5.612919940516039041e-01,7.121418590261158421e+00
1.660035828481025710e+00,-8.719386062035994200e+00,-5.024732820691243163e+00
5.795484400886191878e+00,7.185240047551132214e+00,3.458009252178518622e+00
4.566481584491306478e+00,-1.645876203209334809e+00,-1.004826275393965673e+01
5.155323044027475987e+00,-8.455847085121730444e+00,2.266024208775722304e+00
-1.464171737216018565e+00,9.762268537012600333e+00,-3.725068783954421647e+00
5.778926612558469955e+00,-5.080749896120680731e+00,-6.298758579254583267e+00
9.185034789408740963e+00,-3.376984204346837881e-01,3.949457104299831656e-01
9.724875964099698678e+00,7.560600073764245366e-01,7.092221712002118039e-01
8.075237158778843849e+00,-1.135160228430307283e+00,-5.995275161764252125e+00
-6.708327634308481002e+00,6.576608872917693915e+00,8.113037122024461256e-01
-4.816288061667486353e-01,-9.349197668781574322e+00,9.417277914129726923e-01
-5.401487237381805251e+00,-5.251710589352443392e+00,-5.881374517073784780e+00
7.181814514269817984e+00,-5.699885425816095363e+00,9.812018575158898415e-01
2.198069869281826794e-02,-4.228603050098493910e+00,-9.759704367632387800e+00
4.143999427596163798e+00,-1.742823202917714642e+00,9.191590176212942609e+00
7.729884138429246931e+00,-1.074963480851614195e+00,-5.227832516568918564e+00
6.479860970463608538e+00,-3.615964529006394645e-01,-6.295823144650116276e+00
-3.868410509939621988e+00,1.907416866943210110e+00,8.679615792895978288e+00
-1.548723267351716615e+00,-1.298556529149146499e+01,-1.829061163978836113e+00
-5.354346204633828599e-01,8.540336398191479717e+00,5.137406542501286921e+00
4.249500635143738658e-01,-1.658419201940520171e+00,-9.069176968399837335e+00
-5.005563310409970157e+00,-6.481536130309731192e+00,5.682893747640116899e+00
-6.730304614341884317e+00,2.826132419947778640e+00,6.885966068975975851e+00
-2.244026573568360661e+00,8.375034801904623905e+00,-3.442685571469663142e+00
-8.365400406620636886e+00,4.547840845390487274e-01,-6.087402005236818070e+00
-6.562976306410654992e+00,-8.139558440509551573e+00,1.105474886653731614e+00
5.310390320590582469e+00,-9.885825015785272285e+00,1.470165470364450222e+00
2.272571488928463168e-01,-7.864257856418690018e+00,-6.154580825371784414e+00
-4.444659579000701299e+00,7.171519592708282431e+00,-5.036254073038662682e+00
7.810010868441871423e+00,2.149708534632184698e+00,-5.089387644004863986e+00
-9.245476599949245866e+00,-7.854121318193723056e-01,3.953807408433279935e+00
-7.906848687997695357e+00,-8.190580854017385448e+00,1.252002823045119895e+00
-9.966324350157771406e+00,-2.332183820114810402e+00,1.984420063052909189e+00
-9.507605672461224344e+00,-5.752007559758136601e-01,-9.569153814773831979e-01
-8.160328970730674314e+00,2.693211769190272609e+00,-4.652246876053403923e+00
-9.147795843603260479e+00,8.672268090531012330e-01,1.494686627830224879e+00
9.291197050180399764e-01,-3.687072134301741411e+00,8.226263080536799777e+00
9.724202925753266058e+00,3.493789971746523726e-01,2.261436520246555837e+00
-8.671873744755359326e+00,1.015964947301748467e+00,-2.824891698964197229e+00
-6.077777785822674694e+00,-3.944863326988184760e+00,5.552612755050014393e+00
-7.702811535709703783e+00,-2.461122418569248627e+00,5.405627117749925326e+00
-8.765097507766238749e+00,6.571604047934917148e+00,2.813410920309277863e+00
-3.522997222967136022e+00,7.841490577120120875e+00,4.746379912723188710e+00
-3.391877956714523634e+00,7.506452260492844530e+00,-4.738615949588649734e+00
9.192355642328710275e+00,-2.691680431984845523e+00,-4.904459674800079050e-01
3.841513112128720486e-01,-9.060129215895804222e+00,4.515850626555836023e+00
-5.169934563859307275e+00,2.425779990452285428e+00,5.548009478482725854e+00
4.250969899081382231e+00,3.115886583036272750e+00,8.535289956337660300e+00
-4.011489721917851359e-01,-6.656671655731834392e+00,8.993433318810220456e+00
1.894468228479397887e+00,6.826911929621847896e+00,-8.476517764180583114e+00
9.608953227563167943e+00,2.463870875684064377e+00,-1.804472687091505323e+00
4.814273999713576835e+00,2.939431903799816670e+00,8.608423290510616610e+00
-4.767130758611344277e+00,8.257637056524281149e+00,3.103465329759399260e+00
9.598586014795142063e+00,2.647831483081837689e+00,-4.212474070877127164e-02
-9.136401813069459976e+00,4.107655477594567728e+00,4.646579790861645742e-01
6.113452196471970801e+00,-5.037445125101831067e+00,-7.180232635718695633e+00
-8.597679806901609822e+00,3.120997922070976927e+00,2.797051938814320238e+00
-8.329080822970828635e+00,1.956669945962184132e+00,-3.379361701118709593e+00
-8.057912352391117139e+00,5.816298893262100478e+00,-2.638086896866879805e+00
-9.765413303844230342e+00,2.342457720579947278e+00,-6.212191559782487271e-02
-9.205079073191765104e+00,-1.764774550888387417e+00,1.000604427745418024e+00
9.122406542806810847e+00,2.463561340062718763e+00,1.900108263100777961e+00
2.608630207576863480e+00,1.031542346526269149e+01,-1.952946164753490255e+00
-8.841563959329613809e+00,-4.065587133112971152e+00,1.981261816658745900e+00
-6.394818162717457177e+00,1.178028127253676560e+00,7.641482518934276769e+00
-5.544742964373771343e+00,-2.092224516593692574e+00,8.982185195774569308e+00
4.800334746375408912e+00,6.200606789918379214e+00,5.826462180393779278e+00
-9.366225076976237851e-01,-8.971358468278809895e+00,4.158967088318483718e+00
2.595617978264517234e-01,2.046381906864666256e+00,8.757678097210813917e+00
3.448953684627593219e+00,-9.528782950806400365e+00,3.572640397201345408e+00
-2.204556876318972680e+00,-4.388629663097490585e+00,-7.674958670198527066e+00
7.261915811659945597e+00,-3.889131840921855598e+00,-3.353383413552802672e+00
8.839547876195554821e+00,-2.997207767279371549e+00,4.292791450118079055e+00
-4.787358232063898100e+00,8.323409754610887390e+00,-5.394854840933010820e+00
-8.374430039402374959e+00,1.048822344679226415e+00,-2.655001963173796664e+00
6.031364950164022076e-01,-8.207994293822922671e+00,-7.629538220033350804e+00
-5.953855255685114756e+00,-6.118594141575917966e+00,-1.654544721373099270e+00
8.378437219123462398e+00,-1.173057390056064131e+00,-4.248299559216789589e+00
-7.568476067614017921e+00,5.391303298680563572e+00,-1.344820603496963196e+00
-5.224249384018387232e+00,8.681902733637871350e+00,3.662243643893010603e+00
4.757923324072408811e+00,-7.397292987577899659e+00,-3.003724833965085494e+00
4.095717983842204646e+00,-8.527764105481033141e+00,-4.453484438964707692e+00
2.084420399380576772e+00,4.797842389734540802e+00,-7.845436391426067857e+00
-3.963201468763319468e+00,-7.082307893765935169e+00,6.530306669360404825e+00
9.127478500324340160e+00,-5.431439182501791585e-01,4.583919656820436117e+00
8.379353955424971190e+00,5.875191220162824912e+00,2.705596266301676600e+00
2.560002541283556976e-01,-1.038680841894938922e+01,-4.244326541729469549e-01
-8.324925759697101579e-01,4.596811067539905427e-01,-1.062689233224129026e+01
-3.828720517975856552e+00,7.246306521210703622e+00,4.881157634812660184e+00
5.054899610898731410e+00,-3.356103516265934950e+00,7.070661991768753651e+00
1.123566180531069714e+00,-9.818772854998895738e+00,-3.686024469520473357e+00
6.631717052544442659e+00,-1.283559981816266182e+00,-7.796031955300790628e+00
-8.934843879818696877e+00,3.803627679152496111e+00,2.327525760359389628e-01
7.570332509198950177e+00,5.949734229918083095e+00,2.349053808133523269e+00
-1.289928616173910747e+00,9.610946108057490278e+00,2.069288189979890280e+00
6.419195619189849822e+00,7.163717904479422138e+00,3.599279273356650322e+00
-9.270730961910684798e+00,5.471715484559561915e+00,-2.636341045445685261e+00
-1.975546009203836384e+00,-6.802759417526679897e+00,6.793002779535044944e+00
2.208484223703002680e+00,8.566637766976642254e+00,-3.585476921284588059e+00
3.084209977218955512e+00,8.886446327742191897e+00,1.328038772242859933e+00
3.789899491444236546e+00,-7.397824058703677430e+00,-5.517927387272847817e+00
6.139347569590430709e+00,-8.218521674970347135e+00,-1.591741558107555576e+00
8.413815803429804063e+00,4.537827232921734399e+00,2.411519247302157165e+00
5.402023484783051721e+00,2.006743805874723563e+00,6.198723799899118703e+00
-7.486176850009146122e+00,-4.170419682082165735e+00,-2.690307087618217352e+00
-8.638413315709239981e+00,2.109549959590235613e+00,-2.240988294251023305e+00
-4.901135445532742274e+00,-7.463126946159039932e+00,-1.817418050437881849e+00
9.146163465219045108e+00,2.985217367557837065e+00,-1.039175897489658551e+00
6.362076347843864887e+00,5.255463949804046742e+00,-5.297579939605980393e+00
-2.046354834082031893e+00,-7.816559609621951843e+00,-2.989590624526345497e+00
4.261073358685540491e+00,-4.990839849947203533e+00,7.413232210316852644e+00
1.506981828777860466e+00,8.600907394323003885e+00,-2.984723541973891781e+00
-1.443442754522712423e+00,1.358726624175465414e+00,9.282232162318106106e+00
-9.015120087853393471e+00,-2.743410175111939520e+00,8.732406441952198506e-01
-5.825795631420589871e+00,5.696122906033737721e+00,4.721143213277747996e+00
-2.563717903531559372e+00,2.683939202682423364e+00,-9.005796162883999756e+00
-8.320773957127780562e+00,-7.544814565001840556e-01,4.933503624827030976e+00
-1.198839334434309567e+00,9.784141060286536629e+00,2.922029632400764854e+00
9.691324842963208397e+00,1.879134140836996814e+00,2.954260247321646382e+00
-4.748181060308053203e-01,7.058450741090929625e+00,-5.651124419244211161e+00
2.883074071170785402e+00,-6.131964749495099731e+00,-7.503055537652126183e+00
-6.326046352861927957e+00,6.306435574040821557e+00,5.240324506355949374e+00
5.968577092906321990e-01,3.016223438962328363e+00,-9.584897978127601803e+00
-5.787875550593414076e+00,-6.363905775742387583e+00,-4.437960258758033127e+00
9.695837948553537089e+00,-1.122142047872206394e+00,-1.501651554051836257e+00
5.458531651256110173e+00,-6.990021185505356449e+00,-3.505442147350533943e+00
-9.062262759759744934e-01,9.542761231670301214e+00,1.459638442238705647e+00
-2.662970609509888842e+00,1.760255737479012206e+00,8.382778425531641986e+00
9.913749969562653419e+00,3.611711082858614752e+00,-5.831909592515555074e-01
-2.161702978347786352e+00,-9.258397024609854142e+00,6.789099116213417329e-01
-9.746392547385211103e+00,3.722264825748631267e+00,4.103858419445525207e-01
-1.291594498467839358e+00,-8.324237621501081819e+00,-5.330453358046914225e+00
9.410048429792604807e+00,-3.686175101904358709e+00,-4.090134530435170390e+00
-3.728169915687661984e+00,9.696811090045747150e+00,1.534702421880951739e+00
-3.090551180103156881e+00,3.170327036878599181e+00,8.927767792253535006e+00
7.971609977701810124e+00,-2.744876136044128057e+00,5.987573383364948931e+00
5.410216866072672381e+00,8.397390916627346158e+00,5.200226348291502043e-02
3.519455179392012134e+00,-2.787101378923817485e+00,8.714998909572607033e+00
-8.854705016533994666e+00,-1.379981172234845621e+00,-5.482777074673740592e-02
9.295252147822941069e+00,1.412461438292009097e+00,-1.696050651876600979e+00
7.772284756295639419e+00,4.622926990277680837e+00,2.206222058093108895e+00
7.865419936141345048e+00,7.144854846091360123e+00,1.148068302164588772e+00
-8.116283531440043220e+00,-4.820223466748811525e+00,2.385837317982771211e+00
9.905833130488430172e+00,2.013272314941919383e+00,-2.157326722313094081e+00
-5.146958857772426121e+00,6.758468054420718296e+00,4.658033765847194196e+00
7.495401743447665410e+00,2.291535094315522603e+00,5.382497977318898563e+00
-4.718939666943917643e+00,9.123023317237397123e+00,7.220305484437662402e-01
-9.755487161364582605e+00,3.631096889334086697e+00,4.342510273092476392e-01
-9.797266944844555070e+00,-2.407751911109943244e+00,-2.888376299238497147e+00
-4.371975181136620314e+00,3.012494163170720718e+00,-8.388794115508362736e+00
-4.714517395130559230e+00,7.007104448437752708e+00,2.391163980093212960e+00
3.674451383946765404e+00,-2.234451606918325783e+00,-9.777121832796797918e+00
-5.647668255806958193e+00,8.159016105726005108e+00,-3.136523806517980795e+00
-1.012700185128549979e+00,7.269483706100831277e+00,-6.391078346552723666e+00
7.798176096013790470e+00,4.953546008633052722e+00,1.449779540452502680e+00
5.680124267287009587e+00,3.230426309359649473e+00,-7.078992797564792383e+00
9.480134981396506788e+00,-1.832183545062584962e+00,1.129266723012831264e+00
8.350202026134706301e+00,2.172988790606516396e+00,4.018014073971654554e+00
-5.017911846967147760e+00,2.752548980548597868e+00,-9.084076788300924576e+00
9.226792644062831172e+00,-2.589384872314163921e+00,-1.795081743681493869e+00
-3.286970382452855777e+00,-8.301145889453074744e+00,-3.758186233662992315e+00
4.819576171292526467e+00,-8.446811697071522573e+00,1.964392614353094313e+00
-3.900159286581058371e+00,9.410537463304162742e+00,-2.455916116451126285e+00
-9.791085052260926069e-01,1.067088734237910508e+00,1.043507766278030502e+01
-5.220688537436064536e-01,-7.462480452088206206e+00,4.604276801426283150e+00
8.412723795539852389e+00,-2.273962887036609537e+00,6.972233663492472644e+00
-8.679986878427367714e+00,-3.052207630993204912e+00,4.072714862058917973e+00
1.456950688537376415e+00,-8.763105666163289342e+00,3.133270871601642416e+00
-2.715905099842229387e+00,8.986640718392198579e+00,-2.830731671703684338e+00
1.123291830409634429e+00,1.091238376390921028e+00,-9.640311468496580716e+00
8.526341491614065404e+00,2.245222694601185509e+00,-2.162539849350339161e+00
-8.704390753416667792e+00,7.337546868143414613e+00,-3.764409377753864527e-01
-4.597571351268676665e-01,9.984012160675817427e+00,5.255444055237956658e-01
7.092528767501460329e-02,4.696671485096101328e+00,9.223502830522328111e+00
-9.108894052273329933e+00,-4.120320262776745679e+00,-3.689078677205317014e+00
-2.269807781728026441e+00,7.891697271430750504e+00,-7.209073568781176000e+00
1.272536640636900751e+00,6.993639465007574607e+00,-6.995485177721779024e+00
-2.829445380553019973e+00,3.912423167373831667e+00,-6.705502243520890637e+00
-4.655306041538393558e+00,9.873982073550832794e+00,3.367160214604135948e+00
5.617686894005802678e+00,2.888827760602106776e-01,-6.282428033221803432e+00
-7.263711648113264197e+00,3.516711679219802544e+00,-3.210894297279609066e+00
-4.409024257137124536e+00,7.738409353141467051e+00,-2.401382296342895906e+00
-8.165842754896128763e-01,-8.505941075938475038e+00,-3.148860796174663079e+00
7.432478232428796794e+00,-8.339268703020716877e-01,-7.178079088409397457e+00
3.832369820580196151e+00,-1.156903053054341690e+01,1.969313628155915374e-01
8.334922982897204236e+00,4.966909763475793049e-01,-4.954238769295121969e+00
8.673045245090714062e+00,4.728994433760805194e+00,-5.098537576802657512e+00
-5.728601591954737060e+00,6.491861256679548831e+00,3.387138903953702762e+00
-9.141140996587298062e+00,-5.564345213926641165e+00,4.778404344157738404e-01
4.916072858684648494e+00,-8.189077037488303290e+00,-1.327780607700681959e+00
-5.602060105337531404e+00,-6.477621304084594023e+00,2.640843864573414912e+00
3.004690237393872643e+00,-7.803949637365349190e+00,4.280845627300193357e+00
8.855911883698061260e+00,-1.286295664522318916e-01,5.802544967299705370e-02
1.621024932080349590e+00,3.517340744192091417e+00,-9.810647823605744833e+00
3.863719700023885650e+00,5.347135807843345745e+00,-6.868079442764684295e+00
1.021453781750604861e+01,1.471977226230128721e+00,-3.539198217091690246e-01
9.114038235077842387e+00,3.875855220893182462e+00,-2.084200790762318789e+00
5.040099134467023845e+00,-7.120298543640950051e+00,-4.121638481741129567e+00
-7.599675402941923785e+00,4.533028263227359744e+00,-4.040558358036848929e+00
-5.912250817685769100e-01,6.275628244642967424e+00,7.037384358391061134e+00
4.924052659413110433e+00,-7.241729821510622500e+00,-1.263335624278208114e+00
1.887516054325627080e+00,-9.890369003333258746e+00,-2.446280904264199751e+00
-7.390295652380862279e+00,4.782958792130480141e+00,2.439888352605965594e+00
1.944548911267540259e+00,1.089471377857542933e+01,-3.583709036834492601e-01
5.587437631872000487e+00,-8.261041333327504788e+00,-1.081143306409974247e+00
7.813087976955329639e-01,9.360322606753760155e+00,-3.047755598819896328e+00
-4.661682898704507139e+00,8.414194814608235262e+00,-2.855538368606362898e-01
-1.006875848135613616e+01,-1.590937178306955246e+00,-3.089043845586163517e-01
9.955846970640413574e+00,-1.181853269895619230e+00,-4.081245249384942930e+00
-3.774777110554437876e+00,7.352124654467009357e+00,1.099529936503624850e-01
-6.571879962698356614e+00,2.261125690093673590e+00,-6.439192672181990318e+00
6.418838710584967799e+00,3.513134404897281904e+00,-6.888259214825101395e+00
-1.624792543300306980e+00,8.153537353411888233e+00,-1.514839865382746176e+00
-1.297479482454846123e+00,1.902540418959590696e+00,-8.756916002613806427e+00
-2.211432162638758747e+00,-4.986335586916522900e+00,-8.774226422579756601e+00
-6.819610838972947064e+00,-6.779432416455757782e+00,-6.092597193902868913e-01
7.883418189433199608e+00,2.886849061459376919e+00,-3.467582594094172244e+00
1.012182634822606708e+01,-8.843493985843815519e-01,-4.530658765298928081e+00
-8.130342914712104241e-01,4.988778932972573465e-01,-8.232040749320375994e+00
3.069469525097928919e+00,5.330267301375910538e-01,-1.080188319180752465e+01
-5.234927413803550422e+00,-7.542550455481704219e+00,4.651578972641527088e+00
5.634676507437636594e+00,-3.140020443510147974e+00,-6.824283461350995950e+00
-1.782473982039134652e+00,-6.868336715520584335e+00,6.616796306037043607e+00
3.392328824737094628e+00,-8.565738838547748202e+00,-2.526509082638038084e+00
-6.011271887305700723e+00,4.727096015588386990e+00,7.786686177678795451e-01
-2.255123413341891592e+00,-8.539006315524066082e+00,4.464461654448087735e+00
-4.169401935501235279e+00,-9.061084369772226310e+00,-2.033275287340106541e+00
9.539230941780919792e+00,-3.822960451499587631e+00,-4.010605386427288366e+00
3.280080223746320023e+00,2.118810534615096941e+00,-9.346925099956262528e+00
5.759745486229416400e+00,-6.579090743603543068e+00,-3.586375603766291054e+00
-9.227757452618627454e+00,9.052639407802713922e-01,4.036269917035318677e+00
-6.617669009809913128e+00,-2.928460425555033275e+00,-6.141995762987751739e+00
5.984883643207985493e+00,-6.119334516458281747e+00,5.619978941503585901e+00
-9.971520706111139276e+00,-2.465074915967956581e+00,-4.316069365320995388e+00
2.221608397053620010e+00,-4.256512275468266715e+00,-8.063851810947966214e+00
7.634810178737136965e+00,5.034820151197115123e+00,3.669668899199392875e+00
7.509522411641468054e+00,7.513573045781555493e+00,-1.487907189565056854e+00
8.191383411422624050e+00,4.089779076863677254e+00,-3.873656863935978745e+00
5.986289984460221092e+00,-7.404004513505075380e+00,3.377825407854543549e+00
3.204898707649738832e+00,6.075281361294080362e-01,-9.890260239625453309e+00
3.638973608448441865e+00,-9.589356946957456884e+00,2.057483192021596907e-01
-6.423469258365962276e+00,2.898024590477276341e+00,-5.967516034315825557e+00
-3.419470502186028327e-02,-9.548302687463515070e+00,1.357514007561418712e+00
1.023603304781020462e+01,-3.354575473412467534e+00,-3.163244052759267788e+00
7.528451565365457121e-02,1.027642217987778395e+01,1.761777585813471547e-01
2.102640019792399784e+00,1.080910866097163670e+01,-9.994840131164330899e-01
7.445576831976374876e+00,-6.735646448424385646e+00,5.816318689382350415e-01
-8.126476274024284407e+00,-7.015077977977217660e-01,-4.371137768058723339e+00
2.223734431337661910e+00,9.476636263337022470e+00,2.206396759716857225e+00
3.776140493301329393e+00,-7.787200806029375144e+00,-5.396566372372846310e+00
-1.669781555106642834e+00,-9.023436461738581826e+00,-1.366883648739844581e+00
4.792245290810931202e+00,7.808137055582591302e+00,-3.436712346696836118e+00
-7.748578412504666169e+00,-8.293155980332990174e-01,-3.498999160349335114e+00
9.847106079037194704e+00,-1.026599412045251514e-01,-2.918382131363298715e+00
6.352490430810208366e+00,-2.684075852551021768e+00,8.394501777605221093e+00
-3.454420530188772709e+00,8.468961155827452458e-01,8.037325599353378536e+00
2.977820029993792250e+00,-6.909481924718036794e+00,-6.715994481903814872e+00
-9.511963272198356023e+00,-2.483398580871221561e+00,-2.821948299823430428e+00
-4.300057594727798360e+00,-4.300567108090743496e+00,8.122795236913940897e+00
8.231560746014521257e+00,3.284845511240071403e+00,-1.904659867787107164e+00
1.078169281984131089e+00,-2.213918824498328775e+00,9.975437846927711405e+00
-3.143414120728527550e+00,9.516373284065123173e+00,-1.199017144971706195e+00
-9.673282284959581645e+00,-1.697736979731537588e+00,1.994848513832353731e+00
-7.598657096983743919e+00,-7.717544588409875672e+00,2.936694733601712848e+00
-2.139103958399226180e+00,3.364782560787588306e+00,7.967669830244001439e+00
9.057122114873143559e+00,-5.475746230224001643e+00,-5.556316841788954131e-01
4.848010189199577269e+00,-7.599954485775659130e+00,3.886826849185842647e-01
2.515664548966434211e-02,9.839190709358739184e+00,4.986666207804206330e+00
5.034779169060946913e+00,-2.832992354861628148e-01,-8.071890405101083132e+00
-6.857816474066730450e+00,-7.254381362059627136e+00,-1.044764175345684887e-01
-6.281737009217655654e+00,-6.953842417742276183e+00,-3.332548386180383293e+00
7.154648845319306893e+00,-5.146426279535509796e-01,-6.827907841034776659e+00
-3.465615292442767892e+00,7.751737379557407159e+00,-6.505545987321840862e+00
-2.542569249038425294e+00,-1.039454599686870573e+01,-7.583309520420301597e-01
1.327189361719511851e+00,5.323880685787020894e+00,7.839558071833034880e+00
-4.751330077832319532e+00,2.279299562648112509e+00,-6.595729833399640363e+00
-1.129314705428281496e+00,2.049961276265636068e-01,9.891059052688015996e+00
-2.065714807667689001e+00,7.079270202894460517e+00,5.490264134610744584e+00
-2.104096026452538126e+00,-1.641224231079467799e+00,-8.783540461270970212e+00
-2.087573329857781879e+00,-7.572299272425038197e+00,5.448180285315249449e+00
-1.098254913916413944e+00,-1.782539886162408216e+00,-8.801062517576987432e+00
6.047016482798280634e+00,-6.436239081503372539e+00,-4.547326216854751912e+00
-6.347337168122799689e+00,-8.253016312708727042e+00,3.080078016273370523e+00
-8.656981503982949633e+00,-4.883119281151918400e+00,-3.870044332528954634e+00
-5.570097725470488648e+00,2.648561158534064042e+00,-8.043488152425736004e+00
-1.519262922730161502e+00,-4.368004288534282686e+00,8.830537664092913630e+00
2.369606197152974048e+00,6.843731962841419048e+00,6.956974236778297183e+00
-2.541473618510146526e+00,6.147158607305851952e+00,6.901019306091132677e+00
-1.467235680874822812e+00,4.851619676745331233e+00,7.500710442950410339e+00
1.002369087020206884e+01,-4.336023725809697638e+00,4.696540008116940612e+00
-8.345648752277094573e+00,5.065191885838752128e+00,1.744415719732255621e+00
6.150152226763556662e+00,4.839664894130470962e-01,-8.849066036297868365e+00
-3.051116488433725848e+00,-4.216619017482889920e-01,-9.685896947863005479e+00
-1.182926623764206653e+00,-9.597756451211628459e+00,2.818882144754432773e+00
9.259933913283679985e-02,-8.681859749053419506e+00,3.241902992969307173e-01
5.366684847996044283e+00,6.180958196755732104e+00,5.241515326911467376e+00
6.196285572166279287e+00,6.102601643790949382e+00,3.963324279612259637e+00
-7.265138324633177547e+00,4.217612726637574028e+00,5.219480285627201788e+00
7.011388732243300836e+00,-2.465883892710538206e+00,6.245103323648249827e+00
-6.083798644870118011e+00,5.009252060506614868e-01,-7.378489544386414245e+00
5.345577184666999493e+00,-3.846851659341889551e+00,7.595953020114474263e+00
-3.093174496894803394e+00,-5.284564489651669028e+00,-9.005432099376031729e+00
2.103744006270247269e-02,-3.635183556377716840e+00,-8.861912947414719355e+00
1.050723201273340024e+01,-3.033041605562161180e+00,1.332900978887525678e+00
-3.924109835092400189e+00,9.167294143219001157e+00,2.078445184115143007e-01
3.129746932022547057e+00,5.216610457261263711e+00,-7.034526200725096601e+00
1.925233582848564051e+00,6.436892614949567104e+00,-1.031465227940718599e+01
-5.418306270342368336e+00,-2.402376232878045137e-01,-7.510830928407695062e+00
-2.250780710202433532e+00,6.190380274776553726e+00,9.148412737641319126e+00
1.882178832169706384e-01,4.556793237591706180e+00,8.599066265489282657e+00
8.537733595750435001e+00,5.694924594327194889e+00,1.409668930253334285e+00
4.100324977679992600e+00,2.356594288455138742e+00,-1.006824933724995574e+01
1.895719156943598716e+00,-9.780303056225143621e+00,1.783852977795581163e+00
-3.164823122272392375e+00,1.369912479021639706e+00,8.967272151805744329e+00
7.738738420276069618e+00,5.414608763732418950e+00,-3.289167879305514575e+00
-8.865707046890275222e+00,-2.478807154402194790e+00,-4.504529008676112944e+00
-2.937789979935392815e+00,-8.906113007026648987e+00,-2.720913530390472346e+00
-2.911715636259687656e+00,-9.411359246777205811e+00,-2.462113556723690144e-01
7.566469939373186904e+00,3.342251726408449031e+00,-3.828896957856357197e+00
4.016098879969203672e+00,-8.964067411009638775e+00,-1.873707847340419619e+00
5.334433162687892249e+00,7.900254656175383694e+00,1.127754379461601619e+00
4.336747656159681164e+00,7.413809138612322158e+00,-2.509348368206762547e+00
-2.685474145412375169e+00,6.517581672084828526e+00,7.441616502617263151e+00
-2.158790029857625026e+00,1.867789701414150905e+00,-9.652197368904065655e+00
-5.159116085479034552e+00,7.156223052248099847e+00,1.935809529118084571e+00
-4.655578371490352474e+00,7.466807347934124373e+00,-4.850798197796752476e+00
2.622175052300113052e-02,-1.021207913628594710e+01,2.152879716573313562e+00
-9.174237644831547911e+00,-1.180038536766961244e+00,3.673074254340715328e+00
9.617105710101061078e+00,-5.602933995701872227e+00,1.962267466618618617e+00
-5.032752054287134236e+00,2.389303347062803784e+00,-8.013931287812685156e+00
1.238204501664742274e+00,1.015793244629723269e+01,1.864914096820299960e+00
-7.915703490636402329e+00,-6.236780878617883772e+00,2.347108443021255764e-01
5.544843016708394856e+00,8.026111305474735502e+00,3.151855255590078286e+00
7.662990889551040574e+00,2.669962303456077990e+00,-4.994672928709271709e+00
-9.988119044399919488e+00,3.821609128111541409e+00,3.325708435330756441e+00
6.061392608556779749e+00,-6.287582550483969968e+00,-2.016570332466180115e+00
8.858875481706810717e+00,-2.185385101446845724e+00,3.183497196164638332e+00
2.258334015393609562e+00,5.036580035349038642e-01,8.056186485576871448e+00
-2.316016833436624900e+00,-8.511980082341670695e+00,-1.858615228715827794e-02
7.358040154742852224e+00,4.814275626310222655e+00,5.559088009296770494e+00
3.358915876865803618e+00,9.177444612359163756e+00,3.088244993393274296e+00
3.153544468707190518e+00,1.027906134705647645e+01,-1.622542661175903955e+00
9.371431934241087447e+00,4.916425781304116782e-01,7.799188209394917193e-01
-7.588027048025338672e+00,5.704075156071240826e+00,1.475051955805868786e+00
2.679519353050114017e+00,9.829530729194670968e+00,3.085229341628844768e+00
-6.845919778204799577e+00,1.671283634114106853e-01,7.326569851610488904e+00
-2.462409767778284575e+00,-1.907244885345902308e+00,-8.551577685016489738e+00
-8.590513672662410727e+00,-6.313250804283945250e+00,1.182611179056383272e-01
-7.594041516374089085e+00,-9.986945620718190586e-01,5.305070390605096442e+00
9.946804020589674167e+00,4.188860106208192491e+00,-2.519038901366662309e+00
8.154016054459534146e-01,2.944980935518523246e+00,9.830123983005940147e+00
-1.607656712713400271e+00,4.183711071434606410e+00,8.842221669627098990e+00
6.148753297868305268e+00,3.719411855652283272e+00,8.092328699452766116e+00
-2.363250608645116380e+00,-1.898875894293564848e+00,7.264704165264356917e+00
-2.999729422628253594e+00,-1.368380968430678468e+00,-9.135380601061735106e+00
7.074576228133309996e+00,2.449231810366561568e+00,-5.879121141924157357e+00
-3.218406791592534510e+00,-9.122138321649920556e+00,1.140593167837222977e+00
-5.741247338298540726e+00,-6.361344789040838776e+00,5.682108391734786323e+00
7.385102582532554472e+00,-3.373651660144307840e+00,-6.236913474746668129e+00
-3.175050423653479115e+00,-5.857207542818089863e+00,-6.543560020173479153e+00
5.322827027574689396e+00,6.537728586411303944e+00,-5.178754224226215896e+00
4.113408327357816141e+00,-2.836199701592301281e+00,-1.029773078377518658e+01
-2.170522369934928530e-01,5.598011437390240097e+00,6.503842634417301483e+00
6.414846088182324380e+00,6.470050388202247760e+00,-4.165996268071676667e-01
-2.789804870620126387e+00,4.449413824136490447e+00,7.937137297883117171e+00
6.714640941987583211e+00,4.697172761027269772e+00,1.374597604118225957e+00
9.920164701488136672e+00,3.323197816012790184e+00,1.168579522180043934e-01
-3.932698614274665161e+00,9.478940339848090701e+00,1.117035491054752805e-01
-3.829015718895828702e+00,7.559383683969628898e+00,-6.647292088736766580e+00
3.268164078165168185e+00,-5.507835028587424020e+00,-7.973417016314661154e+00
-5.177232565985129931e+00,-7.165801596457767708e+00,4.203706199047021919e+00
7.113691404008440244e+00,-4.642877400455006409e+00,6.001895614960375269e+00
-4.082578432620158182e+00,8.567922626644127959e+00,-1.689430476623505761e+00
-2.375220241647673980e+00,-6.617470324822013694e+00,7.197324992229208185e+00
-4.431330559951377701e+00,-4.627402109841387556e+00,-9.117381926423643534e+00
7.961042077695871910e+00,6.289656239656181924e+00,-1.375075783725309975e-01
1.232172293749247238e+01,-1.987535585274073924e-01,5.280949134828370362e+00
-8.479456222346492211e+00,-1.807086987198747163e+00,3.818216779336438993e+00
-6.729062106216428418e+00,-6.662587641635307811e+00,9.033447947548092216e-01
2.040720332052840646e+00,3.899222287710654156e-01,-9.508952248899788628e+00
6.188948700964103544e+00,-6.806251681328125969e+00,1.430213032122410688e+00
-4.549864971960488447e+00,-7.439944663338932784e+00,-5.211221085636410955e+00
-6.688186897778114037e+00,-5.968087519542165431e+00,3.867183197040739984e+00
9.887875540978635636e-02,7.633615470844434370e+00,-3.996445826608074903e+00
4.597578560884214127e+00,7.435215530045923948e+00,-4.684672801622514982e+00
-7.275803055596679947e+00,6.058329467908825094e+00,-3.526337717014300654e+00
8.424629696975996396e+00,-1.291119577505062122e-02,-1.494766075295317354e+00
-9.766763726541524804e+00,1.579107809451540945e-02,-4.568358590540517739e+00
8.374513990605361169e-01,-8.617812620325098649e+00,3.432139865328482475e+00
7.883402660590474120e+00,6.525223520921445974e-01,7.697510852283039107e+00
2.167455130376686689e+00,5.964102887021399901e+00,6.747559068346626887e+00
-7.071450937381601243e+00,-1.782039863157069082e+00,6.882580331265593543e+00
4.272157414027107691e+00,-9.517424400348613034e+00,3.190227106872189022e+00
1.138589183625367207e+00,8.997152524669564500e+00,2.595509171388806990e+00
4.366797852893289367e+00,-6.729277411510146578e+00,6.015372198867322773e+00
-8.802000206280393257e+00,5.978421315927390012e+00,-3.972037108398904226e-01
8.628823278303603406e-01,4.233091108134723335e+00,-7.911179839224286248e+00
3.612370909270256725e+00,8.657646797712089892e+00,-3.005521804932308250e+00
-6.817411818306001514e+00,6.306055096700639240e+00,-1.807972518319226563e+00
1.935117610708925628e+00,3.512095656904094199e+00,6.274912731622612760e+00
9.605867052170118825e+00,-3.478969001135061134e+00,-1.747520350431975622e+00
-2.589532588596428209e+00,-1.032604288371371837e+01,-3.156321687709021884e+00
5.292463567350827347e+00,-8.822269592768074986e+00,4.754893811725347419e+00
-7.846584429603532307e+00,1.039746699190474244e+00,4.893221316334047444e+00
8.441872335252444515e+00,-4.872049211627827781e+00,1.036161205979117872e+00
-2.639987320682204874e+00,-4.102686311975464406e+00,8.690261398954945093e+00
5.793783910706217455e+00,-5.921889887041977829e+00,-6.200067294134129270e+00
7.834059294377877514e+00,2.529794265061312775e+00,4.382413104516106550e+00
2.456322632448686427e+00,9.991017251610808003e+00,4.283720699734699267e+00
8.176335021360074506e+00,4.592622802819021466e+00,1.672787057430659585e+00
-2.636083329821520049e+00,-5.394395662046237661e+00,7.533624491540164669e+00
-6.963000538082591007e+00,-6.178020965528638442e+00,-1.209180741721488150e+00
-8.676654399461338762e-01,1.300216196929567136e+00,9.887791115085569515e+00
4.620902490923463724e+00,8.082013236448648996e+00,-2.307376353186915807e+00
1.931765676491290495e+00,-1.367309251990525443e+00,-8.501424991761750150e+00
5.806218476742456502e+00,3.954248598472496212e+00,-7.269132874821647938e+00
-9.885550357336317262e+00,-1.560200728421906824e+00,-3.539104547706886095e+00
3.179585091470249480e-01,8.054042212307257032e+00,5.360714165932916941e+00
8.511848449441366427e+00,-1.797959222034953175e+00,-5.242917963275991688e+00
5.467110544329957023e+00,-3.767574867882624634e+00,7.717248510380847470e+00
4.880731628260603472e+00,-7.938217471962843774e+00,2.713949231419121144e+00
6.754000065123143770e+00,-6.261223968157745290e+00,-2.664959395728860869e+00
-8.231512020463707557e+00,-2.315848126261125461e+00,2.828176897411888380e+00
2.276491861404357220e+00,1.056461467871407933e+01,1.483614338451450632e+00
3.839592548778942849e+00,-4.983656611451461771e+00,-7.518010142883377434e+00
5.097365511823229056e+00,9.739109697559085177e-01,-7.283073358951165588e+00
-4.142814441246565060e+00,7.035022558918686997e+00,3.030451009487542979e+00
-3.676626052349607487e+00,-8.906832220570048975e+00,5.661443948316999819e-01
-9.847008275264624189e+00,1.473908129334681849e+00,-1.718812893584149348e+00
8.671738812732776580e+00,-5.852236858203547776e-01,2.047568971072470490e+00
9.536833285458055087e+00,3.752346803429653654e+00,2.098094023672575581e+00
-7.930265695769125323e+00,-5.905422115035712238e+00,2.680978832022842262e+00
-9.310491558318437555e+00,3.876957361858860640e+00,-3.193170787939516586e-01
-1.631962909551871288e+00,-9.907506855009977187e+00,-8.569705069471782455e-01
-7.683335786618680885e+00,-1.694026330586483775e+00,-6.795614416029238214e+00
3.591859344374005225e+00,-5.458828913455282539e-01,-8.429585684312687732e+00
-9.475106349777834280e-01,-8.566429340826998029e+00,3.462776290091856612e+00
-9.452039155910524570e+00,3.060261857288784970e+00,-6.369000863225638964e-01
6.485407479099494665e+00,-7.520374919246599177e+00,-4.307886413777299417e+00
-3.985890932945403975e+00,-6.855953417792165716e+00,-4.205328064934714227e+00
-3.065686670071644748e+00,7.923907596966671463e+00,-3.482201023157466935e+00
8.014738281309737644e+00,-6.472119099241966822e+00,1.853382461160016259e+00
-7.847474934034483596e+00,5.017410675270264520e+00,2.985130460362577232e+00
1.253537498284025054e+00,7.670980691504059479e+00,-6.605625313395222520e+00
1.097413047970200228e+00,2.429029715026576053e+00,-8.578048681702773237e+00
7.894498357932212329e+00,-1.409406566200277933e+00,-5.793467017922613316e+00
-5.927763378939671091e-01,7.784238219736258735e+00,-3.422776469714362779e+00
3.470798230858353151e+00,9.450621353226889454e+00,-2.003970570792509953e+00
-7.767201390324301791e+00,-1.544793602187263915e+00,4.401594396214345117e+00
-3.178115414385508597e+00,-9.390520116928227523e+00,7.232553950102935669e-01
-3.882956367679153864e+00,-8.825712656341920592e+00,1.828092021370469888e-01
-5.679134781021721423e+00,-9.261957338549750673e+00,1.836301230156371256e+00
8.820720429201147184e+00,-6.063415531400251357e-01,4.801435610399176213e+00
7.300036895330301867e+00,8.100660117457154641e+00,-5.067071486396787172e+00
9.262883766964988830e-01,1.021128007697045703e+01,-3.195239159487427982e-01
4.417448029538346255e+00,2.897440032364455131e+00,-7.067022473798965088e+00
-7.406938241697230474e+00,-3.880633784806281295e+00,5.237213017466545439e-01
4.850761258301107937e+00,-6.618464005296717190e+00,3.065730204299913275e+00
-8.373445322600195695e+00,4.298924172854368564e+00,3.272206967090141472e+00
4.311399322995263184e+00,-6.202542408218034709e+00,5.361876386297323549e+00
-2.177793393788906684e+00,8.172326751072727546e+00,-4.582571363074499970e+00
9.248360020490366651e+00,2.236356332234843869e+00,3.267090292089970038e+00
-9.112900808287708543e+00,-2.347180211430361041e+00,3.332987136695688246e+00
-8.099475988766961621e+00,2.754401796272384573e+00,-2.612932705233507846e+00
-6.686973565286666421e+00,-5.920220092615419816e+00,4.141203768489301495e+00
-2.117612887294546997e+00,-7.612847111161175739e+00,-5.359822416055314065e+00
8.343904726110638492e+00,-7.566796457661791209e+00,-1.770855592617750940e+00
-1.028796897752554074e+01,4.112296159917566030e+00,-2.133107147003949322e+00
5.433080268672345170e+00,5.942846495651732397e+00,-6.326920523705285682e+00
7.393242552150838698e+00,-2.855302131361595830e+00,2.366099212566559196e+00
8.442260184362051945e+00,6.947757298447246654e+00,-7.274827426268859476e-02
-1.109999033131018997e+00,-9.268663347496611138e+00,-5.452129033434657046e+00
7.302840472015967421e+00,6.520499057100525242e+00,-3.565908835996339121e+00
-3.907480298937664465e+00,-7.941134944002564922e+00,-4.213953138628311557e+00
-5.462649776427030091e+00,6.233394346443906109e+00,-5.878242463681032426e+00
-2.584409350996542898e+00,8.083175746653212812e+00,-4.176501086459681211e+00
7.979828180502464896e+00,-1.565637048481201887e+00,6.430128491879596453e+00
3.917502331918078173e+00,7.402124567672255573e+00,3.491303437697625522e+00
-8.389429078171220411e+00,2.673629892128041252e+00,3.755989194906527828e+00
-4.344774833758068944e+00,5.902949793345078078e+00,6.303746041140130707e+00
-7.501187763561701694e+00,-4.338001361329286709e+00,4.934774269903076771e+00
7.373860078505993343e+00,4.774022662295985597e+00,-3.669504131691355475e+00
3.854279871000536151e+00,8.523300298307322720e+00,3.783452667530067259e-01
-3.785239072805214544e+00,6.992922554460983875e+00,-5.510145462600744892e+00
-7.599782806645163369e+00,2.350003343776425169e+00,2.756762406530566256e+00
8.036409222547041153e+00,3.934798504379165340e+00,5.819236032134831760e+00
-7.821535653502563079e+00,2.939388728843655318e+00,-5.601052238063043420e-01
3.067731758354312444e+00,-8.718200592187116627e+00,1.890317598493058249e+00
-5.252518067174423599e+00,6.670632583696582074e+00,4.520397648142437497e+00
8.096677145590494007e+00,-2.810085280835462385e+00,-2.621348525950802255e+00
-6.518421949918417724e+00,2.697143159656897993e+00,7.433851340936119989e+00
-5.419303367191378840e+00,6.144227805790142050e+00,5.908016362105255048e+00
-7.132611162367431312e+00,-3.777041594551648451e+00,6.194892618883579338e+00
-7.152679861078351742e+00,-4.816090743179713307e+00,-6.124251345951016390e+00
4.061655222250418973e+00,9.839812723206897260e+00,-2.126656908808175928e+00
4.894247176104391528e+00,-3.599222622034031538e+00,8.229269148365037978e+00
5.715733649876657552e-01,-4.190189441672050208e+00,-4.942335204266981030e+00
-1.032345566547766857e+01,1.979747917054218931e+00,8.853945831303300373e-01
7.944839305484335590e+00,-5.147282104779771217e-01,6.902460886478772650e+00
-8.945870295790784965e+00,5.327587331296763651e+00,1.584530119087148581e+00
2.725731781641783424e+00,9.576861332052535758e+00,-3.395709612317408421e+00
3.354548750806494173e-01,9.689526354125725049e+00,-1.049042434550526259e+00
1.340088377830861432e-02,-5.532610051271017682e+00,-7.926474556629123924e+00
2.161403884704857781e+00,-9.711300468978452116e+00,3.355613928950241798e-01
-7.241303545738420055e+00,2.783692286618008715e+00,-6.253136341221068761e+00
-3.109149954871597288e+00,8.622474208721246924e+00,-2.332568931041230087e+00
-1.629449712729009736e+00,9.360236670973133499e+00,-9.573300826032514754e-01
-9.373997721231646096e-01,9.771775711597243230e+00,-2.364046879708944893e+00
2.715744252106036427e+00,9.029782387992876025e+00,-2.453654030756311055e+00
-1.022389403565939681e+01,-1.414191543413108709e+00,-1.499999038715381872e+00
-5.539000481865221204e+00,8.160215995625380359e+00,8.387571201703918344e-01
6.833338415790603193e+00,-1.297290796948629144e+00,5.931329518196807982e+00
-8.606757442983532513e+00,4.480301775923610563e+00,-1.900510166850810867e+00
7.346275040392307609e+00,-6.589212937208255738e+00,9.186471515420607803e-01
-4.054969654771516829e+00,-8.177025157129502730e+00,-4.613786449170941495e+00
6.882623694555849436e-01,1.091264576783869344e+01,7.456634538876043550e-01
-1.810114793866014260e+00,8.884787436182012499e+00,-4.417559655159132959e+00
6.241335435496484507e+00,4.967327484443910812e+00,4.701306875104414473e+00
1.394705225484331734e+00,-7.480710436731579094e+00,-1.580748739741555386e-01
-3.858804422812605939e+00,-9.617021579681935606e+00,-5.490104665795099148e-01
-5.768229072618365372e+00,4.826443893123917306e+00,-6.303409663216180014e+00
8.021554391463824984e+00,-5.252954337759661918e+00,-4.470838749071521789e+00
-6.103931263923901618e+00,-6.905823372642941216e+00,-2.687616907438791447e+00
7.510845918013048461e+00,4.406889755887021032e+00,4.542874654370817389e+00
9.234894104260590098e+00,-5.147720479509622749e+00,-7.808602422522017417e-01
-1.503976319898693070e+00,-8.659287279247980251e+00,4.517189087766650957e+00
-6.732165767465275508e+00,5.316194460018456525e+00,5.982464709685946680e+00
7.569898440265744100e+00,-3.521309019558098274e+00,-5.879739335450256732e+00
2.717150762465868397e+00,7.647655933817455454e-01,9.731880407259977162e+00
1.114413876983620266e+00,-9.307619450034440689e+00,-2.727166585327509551e+00
8.312369040776831142e+00,-4.952878743809479900e+00,-1.293421964810827163e+00
-2.047043035644879438e+00,-8.841919963885004563e+00,-3.471031823891786772e+00
-5.920346904829552059e+00,-7.143728751151738443e+00,3.628126794427554369e+00
-7.640732746533513975e+00,-5.007914272870944927e+00,7.103062323507087328e+00
-6.299134590726888305e+00,-7.381717918204818041e+00,3.222849094196298836e+00
2.444267710773306845e+00,-4.699043589999333470e+00,-6.095471414694451084e+00
-2.970151342918901261e+00,-4.291556805859455537e+00,8.432689700934004051e+00
-6.572434482168019620e+00,-5.763458859792159217e+00,5.522713760380132619e+00
-3.292322340533533787e+00,9.980821143673697549e+00,-2.688302409331927656e+00
-5.260584539213184918e+00,-5.530585201354368152e+00,7.167865555822826806e+00
9.321313725806801287e+00,6.549300958045181087e-01,4.240065136845803551e+00
9.699683798723057748e+00,3.263262153508023289e+00,-4.025030356689452304e+00
-8.824441340041834891e+00,-3.725753564586943067e+00,5.081072936115789140e+00
-5.897256681012044588e+00,4.471963795998238567e+00,7.562670712489062197e+00
-5.298788509582686324e+00,7.319027428004670099e+00,-4.218662271245453788e+00
-2.703616867922800537e+00,9.722239906361014761e+00,-2.935883591777028734e-01
8.248503956758243660e+00,-2.091866169363022721e+00,-4.128471071088916311e+00
9.341385008127414125e+00,-8.896244856978956506e-01,1.501284717959634918e+00
-3.366639371201932907e+00,1.014479626208148666e+01,5.625482308667457687e+00
9.126104652461975775e+00,1.449378979356124031e+00,1.029511673810661554e+00
-8.934444768674379977e-01,-6.072724099743459725e+00,5.590497015038113915e+00
-4.832894506564263004e+00,-8.959648401001869544e+00,1.178954701778486047e+00
-6.702305686515204641e+00,7.735772324079663420e+00,1.312118487221741514e+00
8.537249835645454255e+00,4.293138824100143580e+00,-5.147380792284142359e+00
-4.595505302651894830e+00,8.738656781009234820e+00,-4.727696581530974385e+00
-7.658585008530931049e+00,5.166382099324481558e+00,-3.119515693322413963e+00
-9.284031758843652726e-01,-9.901077402568674302e+00,-2.257336136101976365e+00
-7.617934615822573363e+00,-2.469363954963964325e+00,1.612398464082908323e+00
9.751381823891442480e+00,-1.909862240192354177e+00,2.913579916214249277e+00
-5.989079663614550242e+00,-1.454652187032098976e+00,-9.060811483396030042e+00
6.247632995872560713e+00,-7.540476035688037371e+00,7.519441495875130999e-01
3.126659076828277151e+00,9.192181062274999093e+00,-6.760597278644969732e-01
8.049794256182506658e+00,-4.275538664703446123e+00,-4.897708179317851851e+00
-2.214101807314146519e+00,-7.626374130016749575e+00,7.055717405470509185e+00
-5.320086943406703739e+00,-4.210903741426246683e+00,-8.854819212442226473e+00
7.836590539616751450e+00,6.575254319539594050e+00,2.336972725079425217e+00
6.219743548738117411e+00,5.666638820829285272e+00,6.701498260255017492e+00
8.332554406741978781e+00,-2.335873226333729402e+00,-3.950092730453564016e+00
5.922835176855396622e-01,5.324485658639808605e+00,6.913252756526196308e+00
-9.430523515781025878e+00,1.093514882241022113e+00,-5.604213423007594841e+00
3.739284106370351246e+00,9.131011268438561146e+00,-5.480121599874142602e-01
8.250416433703762209e+00,-5.133047957389810456e+00,-4.007631440229786901e-01
-5.705281493564438478e+00,-5.494911233678953622e+00,6.528682898807381285e+00
-1.033441639740523854e+01,-1.673155554108355147e+00,1.450163227639598817e+00
-4.537523493329727486e+00,-5.420346197508235875e+00,6.208853467963211692e+00
4.615383386362896800e+00,6.537849035321933400e+00,5.597710696188702428e+00
8.937739896836845332e+00,-1.074445972716076003e+00,-3.736091815154682361e-02
-1.565250614919190042e+00,5.265010986057989228e+00,7.918266224318541546e+00
-5.917289339072163479e+00,-6.857890643687041710e+00,2.796874387049342658e+00
-5.742518066455017056e+00,-7.154073615806375130e+00,-4.354594774035907001e+00
-8.829037876625005055e+00,3.971914014557841544e+00,-1.912817496281348006e+00
-1.001426067813610210e+01,1.728982639019518652e+00,8.691190737212943773e-01
-8.781095145421025094e+00,6.643384988446499051e-01,-7.983854056883381567e-01
3.250069613438105076e+00,-9.392130021094512671e+00,-3.372351315426892704e+00
-9.272854753693270169e+00,2.318327634685444671e+00,-4.020719790679512684e+00
-2.726695795731189698e+00,-9.438369219895452744e+00,-3.187542697199827302e+00
-3.782364553211461811e+00,9.472477873033636087e+00,2.779026957677380949e+00
